Campaign_ID,Campaign_Name,Marketing_Channel,Start_Date,End_Date,Impressions,Clicks,Conversions,Total_Spend,Revenue_Generated,Location,Age_Group,Gender,Duration_Days,ROI,CTR,Conversion_Rate,CPA
CMP1,Seasonal Steals,Influencer Marketing,2022-08-01,2024-04-26,22068.8,3283.2,2155.2,2316.656,8879.568,Baia Mare,25-34,Male,634,2.833,0.149,0.656,1.075
CMP2,Cart to Couch,Influencer Marketing,2022-09-18,2024-05-12,32849.6,3307.2,3164.8,7114.128,17302.032,Baia Mare,25-34,Male,602,1.432,0.101,0.957,2.248
CMP3,Deal of the Day,Paid Ads,2022-07-26,2024-04-07,12748.8,7494.4,7334.4,3358.448,4892.416,Galați,45-54,Female,621,0.457,0.588,0.979,0.458
CMP4,Shop & Share,Paid Ads,2022-08-21,2024-04-26,40196.8,21150.4,3032.0,4426.976,16548.544,Galați,18-24,Male,614,2.738,0.526,0.143,1.46
CMP5,Seasonal Steals,Paid Ads,2023-03-04,2024-11-04,4030.4,2806.4,2556.8,2331.776,3538.224,Galați,45-54,Male,611,0.517,0.696,0.911,0.912
CMP6,Seasonal Steals,Influencer Marketing,2023-01-02,2024-09-17,76406.4,41544.0,31019.2,169.472,559.84,Bacău,45-54,Male,624,2.303,0.544,0.747,0.005
CMP7,Wishlist Wonders,Email,2022-07-31,2024-03-26,23641.6,20963.2,20100.8,7501.024,10119.792,Bacău,45-54,Male,604,0.349,0.887,0.959,0.373
CMP8,Seasonal Steals,Influencer Marketing,2022-05-18,2024-01-20,59968.0,57536.0,51075.2,7622.88,16616.816,Târgu Mureș,55+,Male,612,1.18,0.959,0.888,0.149
CMP9,Cart to Couch,Email,2023-01-16,2024-10-04,18625.6,11414.4,7296.0,2765.632,9446.56,Galați,18-24,Female,627,2.416,0.613,0.639,0.379
CMP10,Flash Sale Frenzy,Social Media,2022-05-18,2024-01-26,67654.4,8792.0,294.4,1008.992,3153.488,Târgu Mureș,45-54,Female,618,2.125,0.13,0.033,3.427
CMP11,Wishlist Wonders,Influencer Marketing,2022-09-28,2024-05-23,17712.0,16457.6,12174.4,7745.536,28954.0,Galați,35-44,Male,603,2.738,0.929,0.74,0.636
CMP12,Deal of the Day,Influencer Marketing,2022-05-11,2024-01-15,68145.6,51972.8,46969.6,2790.032,7765.088,Bacău,55+,Male,614,1.783,0.763,0.904,0.059
CMP13,Cart to Couch,Influencer Marketing,2023-02-15,2024-11-05,31806.4,2144.0,902.4,2035.264,6360.464,Baia Mare,35-44,Male,629,2.125,0.067,0.421,2.255
CMP14,Seasonal Steals,Influencer Marketing,2023-01-06,2024-09-23,19315.2,18401.6,16984.0,2242.352,8380.224,Baia Mare,35-44,Female,626,2.737,0.953,0.923,0.132
CMP15,Wishlist Wonders,Email,2022-08-22,2024-04-21,19691.2,14049.6,4806.4,2096.944,5969.664,Galați,45-54,Male,608,1.847,0.713,0.342,0.436
CMP16,Deal of the Day,Influencer Marketing,2022-12-12,2024-08-22,7153.6,4360.0,20.8,5106.656,8717.104,Baia Mare,45-54,Male,619,0.707,0.609,0.005,245.512
CMP17,Flash Sale Frenzy,Social Media,2022-06-18,2024-03-09,79350.4,40524.8,36595.2,3631.536,11076.592,Bacău,35-44,Female,630,2.05,0.511,0.903,0.099
CMP18,Flash Sale Frenzy,Social Media,2022-10-25,2024-07-13,48793.6,30496.0,3577.6,6488.288,19607.952,Galați,55+,Female,627,2.022,0.625,0.117,1.814
CMP19,Shop & Share,Email,2022-08-20,2024-04-23,52612.8,14624.0,2571.2,4529.312,18104.72,Baia Mare,45-54,Male,612,2.997,0.278,0.176,1.762
CMP20,Shop & Share,Email,2022-11-27,2024-07-28,71241.6,17339.2,2238.4,6193.296,16694.144,Galați,45-54,Female,609,1.696,0.243,0.129,2.767
CMP21,Cart to Couch,Email,2022-11-28,2024-08-18,62779.2,10782.4,3782.4,575.872,1391.92,Târgu Mureș,55+,Male,629,1.417,0.172,0.351,0.152
CMP22,Deal of the Day,Social Media,2022-12-19,2024-08-22,56281.6,21192.0,18920.0,6141.296,23638.8,Baia Mare,35-44,Female,612,2.849,0.377,0.893,0.325
CMP23,Shop & Share,Paid Ads,2022-10-27,2024-06-25,45427.2,20198.4,764.8,274.032,932.064,Târgu Mureș,35-44,Male,607,2.401,0.445,0.038,0.358
CMP24,Deal of the Day,Paid Ads,2023-01-20,2024-09-20,22196.8,20416.0,15408.0,3144.064,11309.744,Baia Mare,35-44,Male,609,2.597,0.92,0.755,0.204
CMP25,Cart to Couch,Influencer Marketing,2023-02-19,2024-11-07,54289.6,33793.6,19043.2,3723.936,14057.808,Suceava,18-24,Male,627,2.775,0.622,0.564,0.196
CMP26,Cart to Couch,Paid Ads,2022-07-07,2024-03-07,55606.4,7427.2,2193.6,6996.736,14646.368,Galați,55+,Female,609,1.093,0.134,0.295,3.19
CMP27,Cart to Couch,Email,2023-03-01,2024-10-28,73024.0,70976.0,68337.6,2101.456,3769.68,Galați,25-34,Female,607,0.794,0.972,0.963,0.031
CMP28,Flash Sale Frenzy,Social Media,2022-12-25,2024-08-30,40072.0,5265.6,3145.6,1856.912,2793.712,Târgu Mureș,55+,Male,614,0.504,0.131,0.597,0.59
CMP29,Deal of the Day,Paid Ads,2022-07-16,2024-03-21,79264.0,29158.4,17120.0,6980.944,17293.088,Bacău,35-44,Female,614,1.477,0.368,0.587,0.408
CMP30,Shop & Share,Email,2022-06-10,2024-02-16,58644.8,45990.4,37137.6,3485.408,10232.656,Baia Mare,25-34,Male,616,1.936,0.784,0.808,0.094
CMP31,Cart to Couch,Social Media,2023-02-07,2024-10-22,32249.6,22425.6,5841.6,4420.928,9654.288,Suceava,18-24,Male,623,1.184,0.695,0.26,0.757
CMP32,Flash Sale Frenzy,Paid Ads,2022-12-07,2024-08-07,42822.4,34635.2,33246.4,4084.48,15225.328,Galați,25-34,Male,609,2.728,0.809,0.96,0.123
CMP33,Cart to Couch,Influencer Marketing,2023-02-22,2024-11-13,9080.0,4478.4,1833.6,4510.736,5924.912,Baia Mare,55+,Female,630,0.314,0.493,0.409,2.46
CMP34,Flash Sale Frenzy,Influencer Marketing,2022-05-15,2024-01-27,44702.4,17478.4,790.4,2041.584,4426.832,Galați,35-44,Male,622,1.168,0.391,0.045,2.583
CMP35,Wishlist Wonders,Social Media,2022-10-06,2024-06-24,3960.0,3411.2,2888.0,3153.312,11242.832,Baia Mare,45-54,Female,627,2.565,0.861,0.847,1.092
CMP36,Wishlist Wonders,Social Media,2022-08-24,2024-05-11,11288.0,4686.4,1595.2,1040.304,2510.96,Baia Mare,35-44,Male,626,1.414,0.415,0.34,0.652
CMP37,Shop & Share,Social Media,2023-02-21,2024-10-26,44769.6,7913.6,7825.6,2948.704,9967.488,Târgu Mureș,55+,Male,613,2.38,0.177,0.989,0.377
CMP38,Deal of the Day,Email,2022-05-23,2024-01-31,59278.4,45878.4,10750.4,4452.464,14085.04,Suceava,18-24,Female,618,2.163,0.774,0.234,0.414
CMP39,Seasonal Steals,Influencer Marketing,2023-02-26,2024-10-21,6028.8,3998.4,2931.2,5464.112,19566.464,Suceava,25-34,Female,603,2.581,0.663,0.733,1.864
CMP40,Deal of the Day,Influencer Marketing,2022-12-30,2024-09-15,61148.8,13182.4,10878.4,4695.696,15960.544,Târgu Mureș,25-34,Male,625,2.399,0.216,0.825,0.432
CMP41,Cart to Couch,Social Media,2022-09-05,2024-05-18,21875.2,8385.6,819.2,7198.864,20943.952,Suceava,35-44,Female,621,1.909,0.383,0.098,8.788
CMP42,Shop & Share,Paid Ads,2022-05-26,2024-02-15,59494.4,45912.0,993.6,6182.496,21350.032,Baia Mare,45-54,Female,630,2.453,0.772,0.022,6.222
CMP43,Wishlist Wonders,Email,2023-01-31,2024-09-28,31840.0,2931.2,601.6,6666.944,20824.016,Galați,25-34,Male,606,2.123,0.092,0.205,11.082
CMP44,Shop & Share,Social Media,2022-08-08,2024-04-21,79616.0,44310.4,39454.4,6912.896,14296.128,Galați,18-24,Male,622,1.068,0.557,0.89,0.175
CMP45,Deal of the Day,Social Media,2022-07-01,2024-03-16,55009.6,29523.2,13841.6,624.96,1763.328,Baia Mare,35-44,Male,624,1.822,0.537,0.469,0.045
CMP46,Shop & Share,Influencer Marketing,2023-01-09,2024-09-04,38636.8,10345.6,2990.4,554.16,888.496,Suceava,45-54,Male,604,0.603,0.268,0.289,0.185
CMP47,Seasonal Steals,Influencer Marketing,2022-10-16,2024-06-11,60272.0,33368.0,10921.6,4179.008,11902.624,Suceava,35-44,Male,604,1.848,0.554,0.327,0.383
CMP48,Wishlist Wonders,Influencer Marketing,2022-09-22,2024-06-01,21476.8,17140.8,12424.0,5163.264,7496.144,Suceava,55+,Female,618,0.452,0.798,0.725,0.416
CMP49,Deal of the Day,Email,2022-05-18,2024-01-09,70920.0,9288.0,3756.8,6028.48,14868.416,Bacău,55+,Male,601,1.466,0.131,0.404,1.605
CMP50,Seasonal Steals,Paid Ads,2022-09-29,2024-06-04,8694.4,3724.8,2020.8,503.744,1726.304,Galați,18-24,Male,614,2.427,0.428,0.543,0.249
CMP51,Flash Sale Frenzy,Social Media,2022-07-07,2024-03-08,36246.4,18328.0,1284.8,3681.424,9090.544,Târgu Mureș,35-44,Female,610,1.469,0.506,0.07,2.865
CMP52,Wishlist Wonders,Paid Ads,2022-12-16,2024-09-02,45992.0,40001.6,26392.0,4945.104,16891.152,Bacău,45-54,Male,626,2.416,0.87,0.66,0.187
CMP53,Deal of the Day,Social Media,2022-07-02,2024-03-14,11459.2,8475.2,22.4,7412.112,10573.52,Târgu Mureș,18-24,Male,621,0.427,0.74,0.003,330.898
CMP54,Cart to Couch,Social Media,2022-10-09,2024-06-25,8267.2,5008.0,651.2,5518.304,15205.328,Baia Mare,35-44,Female,625,1.755,0.606,0.13,8.474
CMP55,Deal of the Day,Influencer Marketing,2022-12-26,2024-09-05,20596.8,7659.2,2545.6,251.776,708.288,Galați,25-34,Male,619,1.813,0.372,0.332,0.099
CMP56,Wishlist Wonders,Email,2022-05-25,2024-01-26,25542.4,9393.6,4537.6,5560.816,21179.584,Galați,25-34,Male,611,2.809,0.368,0.483,1.225
CMP57,Seasonal Steals,Social Media,2023-03-04,2024-11-16,39273.6,29331.2,238.4,5795.6,11529.328,Târgu Mureș,35-44,Female,623,0.989,0.747,0.008,24.31
CMP58,Flash Sale Frenzy,Influencer Marketing,2022-10-17,2024-06-20,20720.0,2643.2,2129.6,5311.312,20086.832,Galați,45-54,Male,612,2.782,0.128,0.806,2.494
CMP59,Flash Sale Frenzy,Email,2022-09-26,2024-06-11,44851.2,6600.0,1470.4,1078.528,2127.888,Baia Mare,45-54,Male,624,0.973,0.147,0.223,0.733
CMP60,Wishlist Wonders,Email,2022-12-05,2024-08-25,44569.6,39780.8,23590.4,5372.848,17645.408,Suceava,45-54,Male,629,2.284,0.893,0.593,0.228
CMP61,Flash Sale Frenzy,Social Media,2022-05-15,2024-02-01,23411.2,17531.2,14062.4,3368.464,4092.112,Suceava,25-34,Female,627,0.215,0.749,0.802,0.24
CMP62,Deal of the Day,Influencer Marketing,2023-01-26,2024-10-14,79411.2,8710.4,3376.0,4245.024,12052.704,Galați,55+,Male,627,1.839,0.11,0.388,1.257
CMP63,Flash Sale Frenzy,Email,2023-02-05,2024-10-24,13120.0,3486.4,1056.0,1823.328,2396.816,Suceava,45-54,Female,627,0.315,0.266,0.303,1.727
CMP64,Cart to Couch,Paid Ads,2023-03-03,2024-11-17,34080.0,30784.0,16448.0,5055.808,11400.256,Baia Mare,25-34,Female,625,1.255,0.903,0.534,0.307
CMP65,Seasonal Steals,Paid Ads,2022-08-28,2024-05-18,47889.6,24296.0,21137.6,5872.496,7368.944,Suceava,55+,Male,629,0.255,0.507,0.87,0.278
CMP66,Wishlist Wonders,Paid Ads,2023-01-08,2024-09-03,75641.6,22774.4,377.6,7021.36,13144.208,Galați,35-44,Female,604,0.872,0.301,0.017,18.595
CMP67,Wishlist Wonders,Email,2022-06-21,2024-02-18,18787.2,13897.6,2268.8,7290.128,22887.968,Galați,45-54,Male,607,2.14,0.74,0.163,3.213
CMP68,Wishlist Wonders,Paid Ads,2022-08-07,2024-04-11,31948.8,12446.4,1216.0,3223.28,8304.864,Bacău,25-34,Male,613,1.577,0.39,0.098,2.651
CMP69,Wishlist Wonders,Influencer Marketing,2022-10-10,2024-06-27,54358.4,27353.6,12755.2,2913.536,9402.24,Suceava,25-34,Female,626,2.227,0.503,0.466,0.228
CMP70,Shop & Share,Email,2022-06-27,2024-03-13,16987.2,9499.2,1694.4,2429.552,6394.688,Suceava,35-44,Male,625,1.632,0.559,0.178,1.434
CMP71,Flash Sale Frenzy,Social Media,2022-07-15,2024-03-19,48096.0,44819.2,21297.6,7853.328,30497.584,Galați,55+,Male,613,2.883,0.932,0.475,0.369
CMP72,Deal of the Day,Paid Ads,2022-06-18,2024-02-25,7985.6,2928.0,1273.6,3104.848,12219.696,Galați,35-44,Female,617,2.936,0.367,0.435,2.438
CMP73,Cart to Couch,Paid Ads,2023-02-27,2024-11-04,56998.4,9363.2,950.4,3770.624,9570.608,Suceava,45-54,Male,616,1.538,0.164,0.102,3.967
CMP74,Cart to Couch,Influencer Marketing,2022-08-17,2024-04-14,44379.2,12782.4,6790.4,2069.536,3148.976,Galați,55+,Male,606,0.522,0.288,0.531,0.305
CMP75,Wishlist Wonders,Email,2022-08-04,2024-04-20,78080.0,65792.0,24940.8,3560.832,12793.072,Suceava,25-34,Male,625,2.593,0.843,0.379,0.143
CMP76,Deal of the Day,Influencer Marketing,2023-03-05,2024-10-26,42163.2,36440.0,7358.4,5052.352,14856.544,Suceava,45-54,Male,601,1.941,0.864,0.202,0.687
CMP77,Deal of the Day,Influencer Marketing,2022-07-28,2024-04-18,22734.4,19936.0,3859.2,4861.872,19308.016,Suceava,35-44,Male,630,2.971,0.877,0.194,1.26
CMP78,Shop & Share,Social Media,2022-10-26,2024-06-19,25409.6,10139.2,6958.4,7234.416,17080.544,Galați,18-24,Male,602,1.361,0.399,0.686,1.04
CMP79,Seasonal Steals,Email,2022-11-24,2024-07-26,18918.4,2984.0,1112.0,5787.104,14901.152,Târgu Mureș,35-44,Female,610,1.575,0.158,0.373,5.204
CMP80,Seasonal Steals,Social Media,2023-02-18,2024-10-27,43420.8,36108.8,8996.8,6136.08,13819.68,Baia Mare,45-54,Female,617,1.252,0.832,0.249,0.682
CMP81,Seasonal Steals,Email,2022-11-07,2024-07-03,62304.0,3755.2,537.6,6057.168,7809.008,Târgu Mureș,45-54,Male,604,0.289,0.06,0.143,11.267
CMP82,Shop & Share,Paid Ads,2022-12-25,2024-09-11,78168.0,38168.0,2283.2,4801.28,12214.08,Galați,55+,Male,626,1.544,0.488,0.06,2.103
CMP83,Seasonal Steals,Paid Ads,2022-08-28,2024-05-05,52144.0,31788.8,18432.0,4831.264,19119.856,Baia Mare,25-34,Female,616,2.958,0.61,0.58,0.262
CMP84,Seasonal Steals,Influencer Marketing,2023-02-09,2024-10-28,12747.2,6064.0,2462.4,1511.568,3944.176,Târgu Mureș,45-54,Male,627,1.609,0.476,0.406,0.614
CMP85,Wishlist Wonders,Paid Ads,2023-02-03,2024-10-21,46932.8,19675.2,6928.0,2874.864,4970.784,Baia Mare,18-24,Male,626,0.729,0.419,0.352,0.415
CMP86,Cart to Couch,Email,2022-07-17,2024-03-09,54475.2,14777.6,8174.4,7531.216,19521.408,Suceava,35-44,Female,601,1.592,0.271,0.553,0.921
CMP87,Shop & Share,Influencer Marketing,2023-01-04,2024-08-27,45742.4,308.8,118.4,2108.896,7506.832,Galați,45-54,Male,601,2.56,0.007,0.383,17.812
CMP88,Seasonal Steals,Email,2022-10-19,2024-06-29,21352.0,3310.4,1020.8,904.816,1432.48,Bacău,18-24,Male,619,0.583,0.155,0.308,0.886
CMP89,Seasonal Steals,Paid Ads,2023-02-28,2024-11-18,55739.2,49657.6,21342.4,3393.088,12190.768,Galați,45-54,Male,629,2.593,0.891,0.43,0.159
CMP90,Cart to Couch,Social Media,2023-01-02,2024-09-20,31265.6,10481.6,6766.4,6539.504,11561.2,Baia Mare,45-54,Male,627,0.768,0.335,0.646,0.966
CMP91,Wishlist Wonders,Email,2022-05-12,2024-01-18,77721.6,29940.8,2846.4,7171.088,12262.704,Suceava,25-34,Female,616,0.71,0.385,0.095,2.519
CMP92,Shop & Share,Influencer Marketing,2022-12-14,2024-08-08,3780.8,2443.2,822.4,931.472,2357.472,Târgu Mureș,55+,Female,603,1.531,0.646,0.337,1.133
CMP93,Flash Sale Frenzy,Paid Ads,2022-11-11,2024-07-14,17217.6,15728.0,2636.8,1985.968,2679.376,Galați,25-34,Male,611,0.349,0.913,0.168,0.753
CMP94,Shop & Share,Influencer Marketing,2022-10-21,2024-07-11,75099.2,53721.6,14304.0,7961.072,28582.064,Galați,45-54,Female,629,2.59,0.715,0.266,0.557
CMP95,Seasonal Steals,Email,2022-11-26,2024-08-08,39576.0,7590.4,6464.0,5860.048,14745.264,Galați,18-24,Female,621,1.516,0.192,0.852,0.907
CMP96,Wishlist Wonders,Influencer Marketing,2023-01-01,2024-08-26,76529.6,59977.6,12396.8,1351.44,1668.624,Târgu Mureș,25-34,Male,603,0.235,0.784,0.207,0.109
CMP97,Flash Sale Frenzy,Paid Ads,2022-06-15,2024-03-06,69201.6,48073.6,16912.0,7676.752,17207.824,Galați,35-44,Female,630,1.242,0.695,0.352,0.454
CMP98,Shop & Share,Influencer Marketing,2023-02-08,2024-10-22,52396.8,12156.8,11579.2,4499.232,14719.984,Bacău,45-54,Female,622,2.272,0.232,0.952,0.389
CMP99,Wishlist Wonders,Influencer Marketing,2022-06-17,2024-03-04,44478.4,1926.4,441.6,1380.816,2468.48,Suceava,25-34,Female,626,0.788,0.043,0.229,3.127
CMP100,Deal of the Day,Influencer Marketing,2022-11-30,2024-07-26,6945.6,2128.0,2028.8,3509.504,7428.784,Bacău,35-44,Male,604,1.117,0.306,0.953,1.73
CMP101,Deal of the Day,Paid Ads,2022-10-12,2024-06-06,5004.8,2182.4,19.2,2551.488,7986.896,Bacău,55+,Female,603,2.13,0.436,0.009,132.89
CMP102,Flash Sale Frenzy,Influencer Marketing,2022-12-12,2024-08-28,19878.4,14368.0,4857.6,7174.8,28108.576,Târgu Mureș,45-54,Male,625,2.918,0.723,0.338,1.477
CMP103,Shop & Share,Email,2022-11-27,2024-08-10,63246.4,33163.2,18712.0,5816.336,12764.048,Baia Mare,55+,Male,622,1.195,0.524,0.564,0.311
CMP104,Shop & Share,Email,2022-10-29,2024-06-23,48364.8,20800.0,13102.4,324.864,632.896,Suceava,35-44,Male,603,0.948,0.43,0.63,0.025
CMP105,Shop & Share,Email,2022-08-12,2024-04-24,39297.6,33660.8,13484.8,3494.736,12373.68,Baia Mare,25-34,Male,621,2.541,0.857,0.401,0.259
CMP106,Wishlist Wonders,Email,2022-05-18,2024-01-09,30819.2,22252.8,17608.0,1890.688,5092.832,Suceava,18-24,Male,601,1.694,0.722,0.791,0.107
CMP107,Wishlist Wonders,Influencer Marketing,2022-08-30,2024-05-19,7387.2,408.0,164.8,7346.048,9234.912,Suceava,18-24,Female,628,0.257,0.055,0.404,44.576
CMP108,Deal of the Day,Email,2022-06-01,2024-02-21,67809.6,33475.2,31009.6,2363.248,7268.176,Baia Mare,18-24,Male,630,2.076,0.494,0.926,0.076
CMP109,Shop & Share,Influencer Marketing,2022-06-13,2024-02-22,18051.2,16305.6,12868.8,6774.832,15144.352,Baia Mare,18-24,Male,619,1.235,0.903,0.789,0.526
CMP110,Cart to Couch,Email,2023-03-01,2024-11-09,37153.6,34244.8,32267.2,7247.632,17878.48,Bacău,45-54,Female,619,1.467,0.922,0.942,0.225
CMP111,Deal of the Day,Influencer Marketing,2023-02-01,2024-10-09,53676.8,1627.2,1150.4,4628.144,7853.552,Suceava,18-24,Male,616,0.697,0.03,0.707,4.023
CMP112,Wishlist Wonders,Influencer Marketing,2023-02-02,2024-10-22,42980.8,15252.8,5744.0,6521.968,13433.936,Târgu Mureș,25-34,Male,628,1.06,0.355,0.377,1.135
CMP113,Shop & Share,Paid Ads,2022-10-03,2024-06-16,57070.4,22198.4,7563.2,2489.936,6512.832,Galați,18-24,Male,622,1.616,0.389,0.341,0.329
CMP114,Flash Sale Frenzy,Social Media,2022-05-24,2024-01-18,77916.8,38212.8,619.2,3117.936,6080.768,Galați,45-54,Female,604,0.95,0.49,0.016,5.035
CMP115,Flash Sale Frenzy,Influencer Marketing,2022-05-25,2024-02-07,50622.4,31958.4,7756.8,5649.344,10538.544,Baia Mare,45-54,Male,623,0.865,0.631,0.243,0.728
CMP116,Deal of the Day,Paid Ads,2022-09-25,2024-05-28,25553.6,12312.0,11579.2,5853.344,18178.8,Bacău,18-24,Male,611,2.106,0.482,0.94,0.506
CMP117,Shop & Share,Paid Ads,2022-06-14,2024-02-24,41076.8,2761.6,2750.4,5731.824,20439.264,Târgu Mureș,18-24,Female,620,2.566,0.067,0.996,2.084
CMP118,Shop & Share,Paid Ads,2022-11-08,2024-07-23,45347.2,20232.0,8484.8,1885.76,5564.72,Bacău,45-54,Male,623,1.951,0.446,0.419,0.222
CMP119,Cart to Couch,Email,2022-10-09,2024-06-09,73038.4,71403.2,50574.4,7579.728,12131.344,Târgu Mureș,35-44,Female,609,0.6,0.978,0.708,0.15
CMP120,Shop & Share,Paid Ads,2022-09-02,2024-05-05,2489.6,2022.4,969.6,3691.632,11307.184,Târgu Mureș,18-24,Male,611,2.063,0.812,0.479,3.807
CMP121,Flash Sale Frenzy,Paid Ads,2023-01-30,2024-10-02,71198.4,40614.4,31467.2,4872.704,14840.288,Galați,35-44,Male,611,2.046,0.57,0.775,0.155
CMP122,Deal of the Day,Email,2022-12-29,2024-09-08,45956.8,2438.4,2104.0,2736.272,8540.528,Bacău,18-24,Male,619,2.121,0.053,0.863,1.301
CMP123,Cart to Couch,Paid Ads,2022-06-08,2024-02-03,10721.6,1416.0,153.6,1667.632,2963.152,Baia Mare,45-54,Female,605,0.777,0.132,0.108,10.857
CMP124,Deal of the Day,Paid Ads,2023-03-04,2024-11-10,2216.0,204.8,148.8,3447.888,5292.688,Suceava,25-34,Male,617,0.535,0.092,0.727,23.171
CMP125,Wishlist Wonders,Social Media,2022-10-30,2024-07-06,77665.6,26659.2,14467.2,2019.12,3863.488,Galați,35-44,Male,615,0.913,0.343,0.543,0.14
CMP126,Wishlist Wonders,Social Media,2023-01-22,2024-09-19,10952.0,7019.2,6078.4,7170.8,19898.96,Târgu Mureș,25-34,Male,606,1.775,0.641,0.866,1.18
CMP127,Wishlist Wonders,Paid Ads,2022-10-07,2024-05-30,10664.0,5555.2,2603.2,4310.048,12820.784,Baia Mare,45-54,Male,601,1.975,0.521,0.469,1.656
CMP128,Deal of the Day,Social Media,2022-12-21,2024-08-22,70443.2,55912.0,23091.2,3044.432,9953.616,Bacău,35-44,Male,610,2.269,0.794,0.413,0.132
CMP129,Wishlist Wonders,Influencer Marketing,2023-02-22,2024-10-21,68305.6,64881.6,63155.2,812.576,2677.36,Suceava,18-24,Male,607,2.295,0.95,0.973,0.013
CMP130,Deal of the Day,Paid Ads,2023-01-29,2024-10-06,41916.8,23310.4,3732.8,5977.824,21368.4,Suceava,18-24,Female,616,2.575,0.556,0.16,1.601
CMP131,Flash Sale Frenzy,Email,2022-08-13,2024-04-05,33492.8,17564.8,12366.4,763.984,1662.288,Târgu Mureș,55+,Female,601,1.176,0.524,0.704,0.062
CMP132,Flash Sale Frenzy,Influencer Marketing,2023-02-01,2024-09-25,35904.0,8403.2,4416.0,2053.584,5069.888,Galați,35-44,Female,602,1.469,0.234,0.526,0.465
CMP133,Cart to Couch,Influencer Marketing,2022-05-25,2024-02-03,77288.0,66678.4,64001.6,3973.984,15061.84,Bacău,25-34,Female,619,2.79,0.863,0.96,0.062
CMP134,Seasonal Steals,Paid Ads,2023-03-05,2024-11-15,18916.8,8966.4,8235.2,961.792,2959.392,Baia Mare,35-44,Female,621,2.077,0.474,0.918,0.117
CMP135,Deal of the Day,Social Media,2022-05-27,2024-02-15,44568.0,15536.0,6870.4,1108.72,2749.344,Bacău,18-24,Male,629,1.48,0.349,0.442,0.161
CMP136,Flash Sale Frenzy,Social Media,2022-10-03,2024-06-04,45704.0,24408.0,4739.2,4982.144,13957.168,Galați,18-24,Male,610,1.801,0.534,0.194,1.051
CMP137,Shop & Share,Social Media,2022-11-02,2024-07-17,45432.0,22483.2,9411.2,2740.8,7186.432,Târgu Mureș,45-54,Female,623,1.622,0.495,0.419,0.291
CMP138,Wishlist Wonders,Influencer Marketing,2022-12-02,2024-08-04,44907.2,15875.2,15052.8,4118.64,12761.6,Suceava,25-34,Female,611,2.098,0.354,0.948,0.274
CMP139,Seasonal Steals,Email,2023-03-01,2024-11-17,72038.4,25787.2,9124.8,6042.8,7371.568,Bacău,18-24,Male,627,0.22,0.358,0.354,0.662
CMP140,Flash Sale Frenzy,Paid Ads,2022-07-11,2024-03-05,22572.8,3147.2,201.6,7876.304,29370.08,Bacău,25-34,Female,603,2.729,0.139,0.064,39.069
CMP141,Cart to Couch,Paid Ads,2022-12-01,2024-08-22,14926.4,3008.0,2430.4,6530.112,17662.688,Baia Mare,35-44,Female,630,1.705,0.202,0.808,2.687
CMP142,Seasonal Steals,Influencer Marketing,2022-10-14,2024-06-16,69296.0,52046.4,20448.0,7946.08,18811.984,Suceava,18-24,Female,611,1.367,0.751,0.393,0.389
CMP143,Flash Sale Frenzy,Paid Ads,2022-06-28,2024-03-10,9659.2,6993.6,5774.4,4163.696,9834.928,Baia Mare,35-44,Male,621,1.362,0.724,0.826,0.721
CMP144,Flash Sale Frenzy,Paid Ads,2022-12-05,2024-08-02,18099.2,17811.2,14377.6,6695.456,18014.576,Galați,25-34,Male,606,1.691,0.984,0.807,0.466
CMP145,Wishlist Wonders,Influencer Marketing,2022-06-19,2024-03-02,30307.2,18788.8,2995.2,4736.736,17719.344,Suceava,55+,Male,622,2.741,0.62,0.159,1.581
CMP146,Cart to Couch,Email,2022-06-06,2024-02-11,30860.8,13572.8,9411.2,5182.352,13372.4,Baia Mare,18-24,Female,615,1.58,0.44,0.693,0.551
CMP147,Wishlist Wonders,Paid Ads,2022-07-23,2024-03-18,64078.4,11499.2,6772.8,6032.464,14495.456,Galați,55+,Male,604,1.403,0.179,0.589,0.891
CMP148,Cart to Couch,Social Media,2022-11-20,2024-08-10,78990.4,31100.8,26028.8,1594.624,5888.96,Galați,18-24,Female,629,2.693,0.394,0.837,0.061
CMP149,Flash Sale Frenzy,Social Media,2022-05-21,2024-01-31,15185.6,10249.6,4742.4,307.072,968.128,Bacău,55+,Male,620,2.153,0.675,0.463,0.065
CMP150,Wishlist Wonders,Paid Ads,2022-06-01,2024-02-13,11657.6,9462.4,5022.4,7866.4,22491.68,Târgu Mureș,45-54,Male,622,1.859,0.812,0.531,1.566
CMP151,Wishlist Wonders,Paid Ads,2022-11-07,2024-07-26,9708.8,5526.4,1145.6,2893.536,7808.816,Baia Mare,55+,Male,627,1.699,0.569,0.207,2.526
CMP152,Flash Sale Frenzy,Paid Ads,2023-01-20,2024-10-06,50315.2,4392.0,2020.8,6590.288,13848.864,Târgu Mureș,35-44,Male,625,1.101,0.087,0.46,3.261
CMP153,Flash Sale Frenzy,Email,2022-08-16,2024-04-22,8740.8,777.6,182.4,1752.544,3926.688,Bacău,45-54,Male,615,1.241,0.089,0.235,9.608
CMP154,Shop & Share,Social Media,2023-03-04,2024-11-09,47673.6,36460.8,28408.0,7390.528,24939.152,Suceava,55+,Female,616,2.374,0.765,0.779,0.26
CMP155,Seasonal Steals,Paid Ads,2023-01-31,2024-09-27,36208.0,340.8,248.0,4131.088,6644.944,Bacău,35-44,Male,605,0.609,0.009,0.728,16.658
CMP156,Deal of the Day,Influencer Marketing,2022-11-07,2024-07-27,79163.2,49824.0,21558.4,1939.024,5103.216,Galați,35-44,Female,628,1.632,0.629,0.433,0.09
CMP157,Cart to Couch,Influencer Marketing,2023-01-22,2024-10-11,48409.6,46505.6,22412.8,745.44,2914.08,Bacău,45-54,Male,628,2.909,0.961,0.482,0.033
CMP158,Wishlist Wonders,Email,2023-01-23,2024-09-30,75035.2,72216.0,30073.6,3663.616,5374.032,Târgu Mureș,18-24,Female,616,0.467,0.962,0.416,0.122
CMP159,Deal of the Day,Email,2023-01-27,2024-10-04,20680.0,16315.2,579.2,1575.904,4174.096,Bacău,25-34,Male,616,1.649,0.789,0.036,2.721
CMP160,Cart to Couch,Paid Ads,2022-06-19,2024-03-05,1692.8,1198.4,1065.6,4906.832,9246.48,Târgu Mureș,35-44,Male,625,0.884,0.708,0.889,4.605
CMP161,Wishlist Wonders,Paid Ads,2023-02-10,2024-10-25,75488.0,12576.0,9600.0,2097.296,7069.568,Bacău,55+,Male,623,2.371,0.167,0.763,0.218
CMP162,Wishlist Wonders,Social Media,2022-09-28,2024-05-28,14284.8,13276.8,6563.2,5713.648,14274.176,Târgu Mureș,18-24,Male,608,1.498,0.929,0.494,0.871
CMP163,Flash Sale Frenzy,Social Media,2022-07-24,2024-03-29,26163.2,19390.4,8230.4,4396.176,10593.152,Baia Mare,18-24,Male,614,1.41,0.741,0.424,0.534
CMP164,Deal of the Day,Paid Ads,2022-09-08,2024-05-19,38747.2,27219.2,26171.2,7285.504,24143.264,Bacău,25-34,Male,619,2.314,0.702,0.961,0.278
CMP165,Seasonal Steals,Influencer Marketing,2022-07-11,2024-03-30,47502.4,26374.4,8635.2,7595.376,11493.376,Galați,25-34,Female,628,0.513,0.555,0.327,0.88
CMP166,Wishlist Wonders,Email,2022-05-27,2024-02-11,31528.0,14817.6,4152.0,7802.272,18373.008,Galați,55+,Male,625,1.355,0.47,0.28,1.879
CMP167,Cart to Couch,Email,2022-08-11,2024-05-01,61923.2,48001.6,41368.0,7082.8,14618.384,Galați,35-44,Male,629,1.064,0.775,0.862,0.171
CMP168,Shop & Share,Influencer Marketing,2022-07-17,2024-03-14,8539.2,3462.4,2768.0,356.656,469.936,Galați,18-24,Male,606,0.318,0.405,0.799,0.129
CMP169,Wishlist Wonders,Influencer Marketing,2022-12-28,2024-08-23,53838.4,41414.4,19345.6,2805.536,7366.624,Galați,55+,Male,604,1.626,0.769,0.467,0.145
CMP170,Seasonal Steals,Influencer Marketing,2022-11-17,2024-07-30,29243.2,24662.4,5070.4,4926.112,10076.624,Târgu Mureș,18-24,Male,621,1.046,0.843,0.206,0.972
CMP171,Seasonal Steals,Influencer Marketing,2023-01-28,2024-09-23,33251.2,2547.2,964.8,6325.984,8931.872,Baia Mare,25-34,Female,604,0.412,0.077,0.379,6.557
CMP172,Shop & Share,Paid Ads,2022-05-15,2024-01-31,71848.0,36980.8,30670.4,2079.504,6752.24,Galați,18-24,Female,626,2.247,0.515,0.829,0.068
CMP173,Cart to Couch,Influencer Marketing,2022-10-12,2024-06-18,70990.4,10652.8,10446.4,2699.808,3422.384,Bacău,55+,Male,615,0.268,0.15,0.981,0.258
CMP174,Shop & Share,Social Media,2022-10-14,2024-06-14,6420.8,3241.6,988.8,6128.064,17740.32,Târgu Mureș,35-44,Female,609,1.895,0.505,0.305,6.197
CMP175,Cart to Couch,Paid Ads,2022-05-15,2024-01-06,49056.0,8172.8,3350.4,3838.016,13491.392,Bacău,18-24,Female,601,2.515,0.167,0.41,1.146
CMP176,Wishlist Wonders,Paid Ads,2022-07-30,2024-03-25,65539.2,23108.8,22432.0,2400.352,6915.696,Bacău,55+,Male,604,1.881,0.353,0.971,0.107
CMP177,Shop & Share,Social Media,2022-09-27,2024-05-31,12356.8,2992.0,937.6,7861.936,30883.136,Galați,35-44,Male,612,2.928,0.242,0.313,8.385
CMP178,Wishlist Wonders,Email,2022-06-02,2024-02-05,67345.6,13721.6,13262.4,3038.336,5582.56,Târgu Mureș,25-34,Male,613,0.837,0.204,0.967,0.229
CMP179,Deal of the Day,Influencer Marketing,2022-09-21,2024-05-31,12692.8,2833.6,638.4,4088.688,6368.848,Bacău,45-54,Male,618,0.558,0.223,0.225,6.405
CMP180,Flash Sale Frenzy,Email,2022-12-02,2024-08-16,18420.8,11440.0,3614.4,4887.552,12399.84,Suceava,35-44,Male,623,1.537,0.621,0.316,1.352
CMP181,Seasonal Steals,Paid Ads,2023-01-12,2024-09-14,9456.0,5499.2,353.6,4599.088,12380.176,Suceava,25-34,Female,611,1.692,0.582,0.064,13.006
CMP182,Wishlist Wonders,Email,2023-03-03,2024-11-21,27947.2,4529.6,1302.4,3581.392,4786.576,Suceava,55+,Female,629,0.337,0.162,0.288,2.75
CMP183,Seasonal Steals,Influencer Marketing,2023-01-09,2024-09-23,25884.8,12475.2,11241.6,7454.992,13856.272,Bacău,25-34,Male,623,0.859,0.482,0.901,0.663
CMP184,Deal of the Day,Paid Ads,2022-09-30,2024-06-11,17195.2,3164.8,3099.2,1091.696,3403.712,Suceava,45-54,Male,620,2.118,0.184,0.979,0.352
CMP185,Seasonal Steals,Email,2022-06-07,2024-02-17,63171.2,7950.4,4380.8,4349.824,5523.952,Suceava,18-24,Male,620,0.27,0.126,0.551,0.993
CMP186,Wishlist Wonders,Email,2022-11-21,2024-08-04,67462.4,18476.8,8264.0,3146.56,8293.552,Suceava,45-54,Male,622,1.636,0.274,0.447,0.381
CMP187,Shop & Share,Paid Ads,2022-06-21,2024-03-05,62035.2,3040.0,1800.0,2453.76,4385.472,Galați,45-54,Male,623,0.787,0.049,0.592,1.363
CMP188,Deal of the Day,Paid Ads,2023-02-07,2024-10-23,63652.8,54875.2,32816.0,2796.096,6675.248,Galați,45-54,Male,624,1.387,0.862,0.598,0.085
CMP189,Shop & Share,Social Media,2022-08-02,2024-04-01,49457.6,48116.8,32286.4,6547.52,14392.896,Baia Mare,45-54,Male,608,1.198,0.973,0.671,0.203
CMP190,Flash Sale Frenzy,Social Media,2022-07-17,2024-03-15,25766.4,22536.0,2254.4,987.248,2163.584,Târgu Mureș,45-54,Female,607,1.192,0.875,0.1,0.438
CMP191,Deal of the Day,Influencer Marketing,2022-12-06,2024-08-21,48137.6,34542.4,9369.6,4861.68,11360.896,Târgu Mureș,25-34,Male,624,1.337,0.718,0.271,0.519
CMP192,Flash Sale Frenzy,Influencer Marketing,2022-07-12,2024-03-23,60728.0,39129.6,14582.4,7446.16,18320.336,Suceava,35-44,Male,620,1.46,0.644,0.373,0.511
CMP193,Cart to Couch,Influencer Marketing,2022-08-28,2024-05-09,64576.0,48915.2,758.4,7242.736,24602.336,Baia Mare,55+,Male,620,2.397,0.757,0.016,9.55
CMP194,Shop & Share,Email,2022-11-01,2024-07-21,18080.0,6820.8,4211.2,361.072,485.856,Suceava,18-24,Male,628,0.346,0.377,0.617,0.086
CMP195,Seasonal Steals,Social Media,2022-05-19,2024-02-01,55454.4,40867.2,25670.4,4894.304,8759.088,Suceava,35-44,Female,623,0.79,0.737,0.628,0.191
CMP196,Flash Sale Frenzy,Social Media,2023-01-23,2024-10-02,9680.0,2337.6,529.6,366.912,929.28,Bacău,25-34,Male,618,1.533,0.241,0.227,0.693
CMP197,Flash Sale Frenzy,Paid Ads,2023-02-03,2024-10-12,42372.8,38022.4,16251.2,5910.048,16192.384,Suceava,18-24,Female,617,1.74,0.897,0.427,0.364
CMP198,Wishlist Wonders,Paid Ads,2022-08-18,2024-04-20,74296.0,60428.8,17724.8,2994.112,3814.112,Baia Mare,25-34,Female,611,0.274,0.813,0.293,0.169
CMP199,Cart to Couch,Paid Ads,2022-11-11,2024-07-08,30980.8,25577.6,7819.2,7048.064,15367.232,Suceava,25-34,Male,605,1.18,0.826,0.306,0.901
CMP200,Wishlist Wonders,Influencer Marketing,2023-01-13,2024-09-10,3440.0,1321.6,28.8,748.176,1611.376,Bacău,55+,Male,606,1.154,0.384,0.022,25.978
CMP201,Cart to Couch,Email,2022-11-27,2024-08-09,40790.4,35742.4,6083.2,6801.808,8898.72,Târgu Mureș,55+,Female,621,0.308,0.876,0.17,1.118
CMP202,Wishlist Wonders,Email,2023-01-01,2024-09-07,70616.0,45107.2,36233.6,4156.576,16135.952,Bacău,35-44,Female,615,2.882,0.639,0.803,0.115
CMP203,Flash Sale Frenzy,Influencer Marketing,2023-02-19,2024-10-25,79342.4,7969.6,3241.6,3044.048,7382.64,Galați,45-54,Male,614,1.425,0.1,0.407,0.939
CMP204,Shop & Share,Social Media,2023-02-08,2024-10-19,47792.0,13360.0,12187.2,502.8,1766.624,Suceava,18-24,Male,619,2.514,0.28,0.912,0.041
CMP205,Flash Sale Frenzy,Social Media,2023-01-03,2024-09-12,61137.6,55267.2,30552.0,752.32,1415.6,Suceava,18-24,Male,618,0.882,0.904,0.553,0.025
CMP206,Seasonal Steals,Social Media,2022-11-02,2024-07-01,15236.8,1140.8,259.2,3767.296,10759.104,Baia Mare,25-34,Male,607,1.856,0.075,0.227,14.534
CMP207,Flash Sale Frenzy,Social Media,2023-02-07,2024-10-28,21936.0,18984.0,18816.0,3830.56,12354.928,Bacău,55+,Female,629,2.225,0.865,0.991,0.204
CMP208,Shop & Share,Email,2022-11-22,2024-08-09,63700.8,18608.0,4051.2,3611.984,14254.288,Bacău,18-24,Female,626,2.946,0.292,0.218,0.892
CMP209,Cart to Couch,Social Media,2022-08-26,2024-05-16,67715.2,14027.2,2880.0,4442.832,12770.672,Târgu Mureș,55+,Male,629,1.874,0.207,0.205,1.543
CMP210,Flash Sale Frenzy,Email,2023-01-28,2024-09-22,47508.8,32628.8,24128.0,6420.72,25156.416,Suceava,18-24,Male,603,2.918,0.687,0.739,0.266
CMP211,Deal of the Day,Influencer Marketing,2022-06-16,2024-02-27,4457.6,3635.2,833.6,906.8,1690.144,Baia Mare,45-54,Female,621,0.864,0.816,0.229,1.088
CMP212,Wishlist Wonders,Social Media,2022-06-17,2024-03-03,23776.0,23764.8,3908.8,2463.072,9420.368,Galați,55+,Male,625,2.825,1.0,0.164,0.63
CMP213,Seasonal Steals,Social Media,2023-02-19,2024-10-31,45985.6,18195.2,6672.0,7114.096,18946.976,Bacău,55+,Male,620,1.663,0.396,0.367,1.066
CMP214,Wishlist Wonders,Social Media,2022-08-26,2024-04-26,50355.2,1480.0,569.6,2126.976,4976.496,Baia Mare,18-24,Male,609,1.34,0.029,0.385,3.734
CMP215,Deal of the Day,Paid Ads,2022-09-07,2024-05-08,62651.2,10817.6,1123.2,3718.032,7976.064,Galați,45-54,Male,609,1.145,0.173,0.104,3.31
CMP216,Shop & Share,Influencer Marketing,2022-12-14,2024-08-29,49881.6,5158.4,704.0,7735.44,15807.888,Suceava,25-34,Male,624,1.044,0.103,0.136,10.988
CMP217,Shop & Share,Email,2022-12-30,2024-09-17,49776.0,22211.2,21777.6,5251.728,18571.936,Galați,25-34,Female,627,2.536,0.446,0.98,0.241
CMP218,Seasonal Steals,Email,2022-05-15,2024-01-21,29148.8,28937.6,21944.0,7948.224,29508.896,Galați,25-34,Male,616,2.713,0.993,0.758,0.362
CMP219,Wishlist Wonders,Social Media,2022-06-06,2024-01-31,57516.8,35022.4,440.0,4908.448,18161.84,Bacău,35-44,Female,604,2.7,0.609,0.013,11.156
CMP220,Shop & Share,Email,2023-02-14,2024-11-03,9076.8,904.0,19.2,1545.552,4124.288,Bacău,25-34,Male,628,1.668,0.1,0.021,80.498
CMP221,Wishlist Wonders,Social Media,2023-01-25,2024-09-20,19243.2,8739.2,5908.8,7142.992,24675.904,Bacău,55+,Male,604,2.455,0.454,0.676,1.209
CMP222,Flash Sale Frenzy,Social Media,2022-08-18,2024-05-02,55075.2,7649.6,3918.4,1840.032,4907.056,Târgu Mureș,35-44,Male,623,1.667,0.139,0.512,0.47
CMP223,Wishlist Wonders,Influencer Marketing,2023-01-17,2024-09-21,28056.0,6680.0,3097.6,1483.136,3906.368,Suceava,25-34,Male,613,1.634,0.238,0.464,0.479
CMP224,Cart to Couch,Email,2022-09-26,2024-05-25,15635.2,3737.6,1313.6,2740.176,10839.696,Târgu Mureș,55+,Male,607,2.956,0.239,0.351,2.086
CMP225,Shop & Share,Social Media,2023-01-03,2024-09-02,11368.0,4406.4,3371.2,3156.784,10240.48,Bacău,25-34,Male,608,2.244,0.388,0.765,0.936
CMP226,Seasonal Steals,Influencer Marketing,2022-11-16,2024-07-29,4619.2,4460.8,2435.2,7547.312,13963.248,Bacău,45-54,Male,621,0.85,0.966,0.546,3.099
CMP227,Flash Sale Frenzy,Paid Ads,2022-11-22,2024-08-12,53073.6,26928.0,2598.4,7682.272,10639.264,Suceava,55+,Male,629,0.385,0.507,0.096,2.957
CMP228,Shop & Share,Influencer Marketing,2022-11-29,2024-08-09,67334.4,12390.4,7017.6,4499.776,14963.04,Bacău,25-34,Male,619,2.325,0.184,0.566,0.641
CMP229,Shop & Share,Email,2022-05-25,2024-02-11,68646.4,1564.8,947.2,1140.784,3006.72,Galați,18-24,Male,627,1.636,0.023,0.605,1.204
CMP230,Seasonal Steals,Influencer Marketing,2023-01-04,2024-08-28,63360.0,11356.8,5512.0,6855.232,25890.576,Galați,45-54,Male,602,2.777,0.179,0.485,1.244
CMP231,Seasonal Steals,Social Media,2023-01-11,2024-09-12,31233.6,4224.0,3262.4,6061.264,21595.104,Bacău,25-34,Male,610,2.563,0.135,0.772,1.858
CMP232,Deal of the Day,Paid Ads,2022-08-04,2024-04-17,48721.6,33841.6,1307.2,2643.088,8050.128,Baia Mare,55+,Male,622,2.046,0.695,0.039,2.022
CMP233,Flash Sale Frenzy,Paid Ads,2023-02-25,2024-10-22,24126.4,16318.4,8756.8,5628.912,9627.44,Galați,18-24,Female,605,0.71,0.676,0.537,0.643
CMP234,Shop & Share,Social Media,2022-11-07,2024-07-14,23342.4,8011.2,5204.8,7621.408,12773.328,Galați,45-54,Male,615,0.676,0.343,0.65,1.464
CMP235,Seasonal Steals,Paid Ads,2022-06-28,2024-03-06,29027.2,1025.6,307.2,4614.72,14170.832,Bacău,55+,Male,617,2.071,0.035,0.3,15.022
CMP236,Shop & Share,Paid Ads,2022-06-04,2024-02-13,54387.2,27587.2,12096.0,2446.56,8975.632,Baia Mare,35-44,Female,619,2.669,0.507,0.438,0.202
CMP237,Shop & Share,Influencer Marketing,2022-07-03,2024-03-11,40612.8,5100.8,1726.4,3830.864,14404.608,Bacău,55+,Male,617,2.76,0.126,0.338,2.219
CMP238,Flash Sale Frenzy,Influencer Marketing,2022-09-28,2024-05-26,35384.0,8704.0,1720.0,2652.192,5350.976,Bacău,55+,Male,606,1.018,0.246,0.198,1.542
CMP239,Shop & Share,Social Media,2022-09-20,2024-05-31,16689.6,9211.2,6480.0,7422.592,22216.752,Suceava,25-34,Female,619,1.993,0.552,0.703,1.145
CMP240,Flash Sale Frenzy,Social Media,2023-01-17,2024-09-18,53984.0,53972.8,29348.8,7087.888,9309.504,Târgu Mureș,25-34,Male,610,0.313,1.0,0.544,0.242
CMP241,Wishlist Wonders,Email,2022-12-07,2024-08-27,49547.2,42747.2,39625.6,1590.56,2845.312,Galați,18-24,Female,629,0.789,0.863,0.927,0.04
CMP242,Shop & Share,Paid Ads,2022-12-16,2024-08-12,71230.4,26193.6,20982.4,1989.84,7874.0,Baia Mare,35-44,Male,605,2.957,0.368,0.801,0.095
CMP243,Cart to Couch,Paid Ads,2022-08-30,2024-05-18,43025.6,39075.2,752.0,5749.232,10060.224,Galați,45-54,Male,627,0.75,0.908,0.019,7.645
CMP244,Shop & Share,Email,2023-03-01,2024-11-14,46212.8,42828.8,35329.6,7856.64,22232.944,Bacău,45-54,Female,624,1.83,0.927,0.825,0.222
CMP245,Cart to Couch,Influencer Marketing,2022-12-01,2024-08-20,25550.4,22099.2,1142.4,3915.76,9771.312,Galați,18-24,Female,628,1.495,0.865,0.052,3.428
CMP246,Shop & Share,Email,2023-03-05,2024-10-28,37808.0,37145.6,34857.6,3980.688,10650.496,Galați,35-44,Female,603,1.676,0.982,0.938,0.114
CMP247,Wishlist Wonders,Paid Ads,2022-12-12,2024-08-23,1960.0,857.6,403.2,559.44,1591.456,Baia Mare,18-24,Male,620,1.845,0.438,0.47,1.388
CMP248,Deal of the Day,Social Media,2022-08-19,2024-05-08,50884.8,28569.6,7769.6,254.352,340.4,Târgu Mureș,25-34,Male,628,0.338,0.561,0.272,0.033
CMP249,Seasonal Steals,Social Media,2022-05-17,2024-02-03,7963.2,5566.4,3302.4,530.8,1471.296,Baia Mare,35-44,Male,627,1.772,0.699,0.593,0.161
CMP250,Seasonal Steals,Social Media,2022-08-01,2024-03-25,36457.6,32203.2,4203.2,6676.928,16808.048,Galați,25-34,Female,602,1.517,0.883,0.131,1.589
CMP251,Deal of the Day,Social Media,2023-01-08,2024-09-22,70545.6,9758.4,1294.4,680.736,2239.104,Suceava,25-34,Male,623,2.289,0.138,0.133,0.526
CMP252,Cart to Couch,Influencer Marketing,2022-10-24,2024-06-17,48275.2,31988.8,11100.8,1236.24,4330.544,Târgu Mureș,25-34,Female,602,2.503,0.663,0.347,0.111
CMP253,Flash Sale Frenzy,Paid Ads,2022-12-06,2024-08-19,53374.4,7758.4,521.6,1851.632,2838.336,Baia Mare,35-44,Male,622,0.533,0.145,0.067,3.55
CMP254,Shop & Share,Social Media,2023-02-26,2024-11-01,38824.0,37166.4,30347.2,3944.496,11781.12,Suceava,25-34,Male,614,1.987,0.957,0.817,0.13
CMP255,Seasonal Steals,Email,2023-03-03,2024-11-01,68486.4,43852.8,15862.4,5515.152,16430.96,Târgu Mureș,25-34,Male,609,1.979,0.64,0.362,0.348
CMP256,Shop & Share,Paid Ads,2022-10-25,2024-06-18,35745.6,21790.4,16907.2,4228.992,14133.104,Târgu Mureș,18-24,Female,602,2.342,0.61,0.776,0.25
CMP257,Cart to Couch,Paid Ads,2022-05-28,2024-02-15,47337.6,30104.0,18195.2,3471.008,9466.032,Târgu Mureș,18-24,Male,628,1.727,0.636,0.604,0.191
CMP258,Shop & Share,Paid Ads,2022-08-14,2024-04-28,13804.8,4275.2,1665.6,6684.496,12245.808,Suceava,25-34,Male,623,0.832,0.31,0.39,4.013
CMP259,Shop & Share,Email,2022-06-04,2024-02-18,75803.2,72264.0,25977.6,2981.2,11496.4,Târgu Mureș,55+,Male,624,2.856,0.953,0.359,0.115
CMP260,Seasonal Steals,Influencer Marketing,2022-06-10,2024-02-19,58328.0,44494.4,7686.4,2029.024,6335.424,Suceava,35-44,Male,619,2.122,0.763,0.173,0.264
CMP261,Wishlist Wonders,Social Media,2022-09-01,2024-05-01,63577.6,7190.4,5603.2,4877.92,6768.56,Galați,35-44,Male,608,0.388,0.113,0.779,0.871
CMP262,Shop & Share,Paid Ads,2022-06-05,2024-02-13,61100.8,3308.8,465.6,2888.624,10165.424,Baia Mare,18-24,Male,618,2.519,0.054,0.141,6.204
CMP263,Flash Sale Frenzy,Email,2022-11-13,2024-07-24,12929.6,9244.8,1009.6,4965.552,7712.656,Târgu Mureș,18-24,Male,619,0.553,0.715,0.109,4.918
CMP264,Shop & Share,Email,2023-02-10,2024-10-29,24347.2,734.4,526.4,290.976,618.432,Târgu Mureș,25-34,Female,627,1.125,0.03,0.717,0.553
CMP265,Deal of the Day,Influencer Marketing,2022-07-16,2024-03-22,55875.2,13592.0,1139.2,3342.976,13092.816,Târgu Mureș,25-34,Female,615,2.917,0.243,0.084,2.934
CMP266,Cart to Couch,Email,2022-11-02,2024-07-06,45150.4,3851.2,1857.6,6104.832,7878.672,Bacău,25-34,Male,612,0.291,0.085,0.482,3.286
CMP267,Seasonal Steals,Paid Ads,2023-01-16,2024-10-07,67326.4,13553.6,915.2,6705.904,12213.648,Baia Mare,45-54,Female,630,0.821,0.201,0.068,7.327
CMP268,Seasonal Steals,Influencer Marketing,2022-09-30,2024-06-06,76478.4,18636.8,2990.4,7415.456,18313.072,Târgu Mureș,18-24,Male,615,1.47,0.244,0.16,2.48
CMP269,Deal of the Day,Email,2022-09-12,2024-05-06,75144.0,39713.6,19572.8,3616.192,4367.312,Galați,55+,Female,602,0.208,0.528,0.493,0.185
CMP270,Shop & Share,Email,2022-06-14,2024-02-05,25379.2,8910.4,6793.6,2321.152,9241.984,Bacău,55+,Male,601,2.982,0.351,0.762,0.342
CMP271,Shop & Share,Email,2022-08-05,2024-04-26,52198.4,30601.6,22480.0,1429.408,2861.12,Baia Mare,55+,Male,630,1.002,0.586,0.735,0.064
CMP272,Deal of the Day,Email,2022-12-11,2024-08-07,30848.0,9926.4,9532.8,7535.152,16054.208,Suceava,45-54,Female,605,1.131,0.322,0.96,0.79
CMP273,Wishlist Wonders,Email,2022-08-12,2024-04-25,33452.8,16945.6,9993.6,558.768,2073.184,Galați,18-24,Female,622,2.71,0.507,0.59,0.056
CMP274,Wishlist Wonders,Influencer Marketing,2022-07-26,2024-03-31,15556.8,2782.4,262.4,664.288,1030.752,Baia Mare,25-34,Male,614,0.552,0.179,0.094,2.532
CMP275,Wishlist Wonders,Influencer Marketing,2023-02-25,2024-11-12,22180.8,5868.8,2809.6,3384.624,10515.008,Galați,35-44,Female,626,2.107,0.265,0.479,1.205
CMP276,Cart to Couch,Social Media,2022-10-11,2024-06-13,19563.2,2504.0,836.8,2788.464,4448.496,Baia Mare,18-24,Female,611,0.595,0.128,0.334,3.332
CMP277,Seasonal Steals,Paid Ads,2023-01-17,2024-09-09,65126.4,18915.2,15489.6,4990.336,11657.184,Galați,35-44,Female,601,1.336,0.29,0.819,0.322
CMP278,Seasonal Steals,Email,2022-07-09,2024-03-17,76796.8,50803.2,25750.4,5317.584,12066.832,Târgu Mureș,35-44,Male,617,1.269,0.662,0.507,0.207
CMP279,Seasonal Steals,Email,2022-07-22,2024-04-02,56288.0,50241.6,31360.0,6192.896,24197.504,Suceava,55+,Male,620,2.907,0.893,0.624,0.197
CMP280,Flash Sale Frenzy,Influencer Marketing,2022-12-16,2024-08-28,74820.8,58449.6,22364.8,6601.808,22731.168,Târgu Mureș,35-44,Male,621,2.443,0.781,0.383,0.295
CMP281,Seasonal Steals,Paid Ads,2022-09-07,2024-05-25,37283.2,3785.6,1308.8,1812.784,3478.592,Târgu Mureș,25-34,Male,626,0.919,0.102,0.346,1.385
CMP282,Wishlist Wonders,Social Media,2022-06-10,2024-02-25,9793.6,4572.8,2076.8,3102.208,8420.768,Galați,35-44,Male,625,1.714,0.467,0.454,1.494
CMP283,Seasonal Steals,Paid Ads,2023-01-24,2024-10-12,2184.0,1342.4,419.2,7497.936,12831.456,Suceava,18-24,Male,627,0.711,0.615,0.312,17.886
CMP284,Seasonal Steals,Influencer Marketing,2022-06-19,2024-02-10,14028.8,2460.8,27.2,6252.56,9387.728,Târgu Mureș,45-54,Male,601,0.501,0.175,0.011,229.874
CMP285,Wishlist Wonders,Email,2022-12-31,2024-09-01,58817.6,55632.0,10089.6,551.888,1315.52,Galați,45-54,Male,610,1.384,0.946,0.181,0.055
CMP286,Cart to Couch,Influencer Marketing,2023-02-22,2024-11-08,58329.6,45942.4,24779.2,5921.904,15933.664,Târgu Mureș,35-44,Male,625,1.691,0.788,0.539,0.239
CMP287,Seasonal Steals,Paid Ads,2023-01-31,2024-10-20,40913.6,3707.2,142.4,7555.472,17378.608,Baia Mare,45-54,Male,628,1.3,0.091,0.038,53.058
CMP288,Shop & Share,Email,2023-01-24,2024-10-01,69246.4,40502.4,38945.6,6935.568,15831.36,Suceava,25-34,Male,616,1.283,0.585,0.962,0.178
CMP289,Flash Sale Frenzy,Paid Ads,2022-11-15,2024-07-31,50486.4,30041.6,27483.2,1255.968,4758.288,Galați,18-24,Male,624,2.789,0.595,0.915,0.046
CMP290,Cart to Couch,Social Media,2022-11-09,2024-07-17,39580.8,36902.4,18187.2,5525.616,17865.28,Bacău,35-44,Male,616,2.233,0.932,0.493,0.304
CMP291,Deal of the Day,Paid Ads,2022-12-18,2024-08-17,59059.2,41291.2,12252.8,4067.984,14338.128,Suceava,45-54,Male,608,2.525,0.699,0.297,0.332
CMP292,Seasonal Steals,Paid Ads,2022-12-25,2024-09-06,36451.2,26614.4,6896.0,736.304,1185.168,Târgu Mureș,35-44,Male,621,0.61,0.73,0.259,0.107
CMP293,Seasonal Steals,Influencer Marketing,2023-02-13,2024-10-20,34480.0,33025.6,28241.6,4596.304,9381.888,Baia Mare,18-24,Female,615,1.041,0.958,0.855,0.163
CMP294,Cart to Couch,Paid Ads,2022-09-12,2024-05-06,40604.8,2057.6,1411.2,4927.648,18419.808,Bacău,18-24,Male,602,2.738,0.051,0.686,3.492
CMP295,Shop & Share,Social Media,2022-09-16,2024-05-21,25484.8,1758.4,408.0,2778.08,11038.784,Suceava,55+,Female,613,2.974,0.069,0.232,6.809
CMP296,Seasonal Steals,Email,2023-02-01,2024-10-17,7788.8,5396.8,4976.0,3509.872,7840.016,Târgu Mureș,35-44,Male,624,1.234,0.693,0.922,0.705
CMP297,Cart to Couch,Email,2022-11-19,2024-08-04,52683.2,48313.6,15830.4,2161.424,5687.248,Târgu Mureș,35-44,Male,624,1.631,0.917,0.328,0.137
CMP298,Flash Sale Frenzy,Social Media,2022-05-14,2024-01-14,16558.4,4825.6,3238.4,2965.776,4686.24,Baia Mare,18-24,Male,610,0.58,0.291,0.671,0.916
CMP299,Cart to Couch,Social Media,2022-06-18,2024-03-08,18451.2,13486.4,4672.0,7776.032,17724.624,Târgu Mureș,25-34,Male,629,1.279,0.731,0.346,1.664
CMP300,Cart to Couch,Social Media,2022-07-24,2024-04-03,50328.0,8555.2,3712.0,4122.176,10071.472,Bacău,35-44,Female,619,1.443,0.17,0.434,1.11
CMP301,Cart to Couch,Email,2023-02-09,2024-10-30,37216.0,28211.2,11248.0,4686.544,15478.224,Târgu Mureș,18-24,Female,629,2.303,0.758,0.399,0.417
CMP302,Flash Sale Frenzy,Email,2023-01-21,2024-09-25,2425.6,1155.2,1132.8,4156.24,16273.952,Baia Mare,45-54,Male,613,2.916,0.476,0.981,3.669
CMP303,Seasonal Steals,Email,2022-08-27,2024-05-07,71236.8,50433.6,12792.0,1899.92,6365.568,Galați,45-54,Male,619,2.35,0.708,0.254,0.149
CMP304,Wishlist Wonders,Influencer Marketing,2022-10-15,2024-06-23,6659.2,2881.6,1292.8,5448.656,12384.176,Galați,18-24,Female,617,1.273,0.433,0.449,4.215
CMP305,Wishlist Wonders,Paid Ads,2023-02-21,2024-10-17,39134.4,1328.0,910.4,7409.024,24013.76,Târgu Mureș,55+,Male,604,2.241,0.034,0.686,8.138
CMP306,Wishlist Wonders,Social Media,2023-01-09,2024-09-04,36771.2,26979.2,7769.6,6487.728,18359.632,Suceava,25-34,Female,604,1.83,0.734,0.288,0.835
CMP307,Cart to Couch,Influencer Marketing,2022-05-22,2024-01-16,37596.8,27433.6,10560.0,5337.296,6766.176,Suceava,55+,Male,604,0.268,0.73,0.385,0.505
CMP308,Deal of the Day,Influencer Marketing,2022-10-29,2024-07-04,28846.4,707.2,457.6,2178.24,3142.32,Târgu Mureș,55+,Male,614,0.443,0.025,0.647,4.76
CMP309,Wishlist Wonders,Social Media,2022-06-10,2024-03-01,13804.8,12545.6,10731.2,3218.976,9330.224,Târgu Mureș,45-54,Male,630,1.899,0.909,0.855,0.3
CMP310,Wishlist Wonders,Paid Ads,2022-09-13,2024-05-20,4779.2,1520.0,868.8,3484.624,11236.752,Baia Mare,35-44,Male,615,2.225,0.318,0.572,4.011
CMP311,Cart to Couch,Influencer Marketing,2022-05-22,2024-01-22,45102.4,9737.6,5782.4,952.224,1647.744,Galați,25-34,Female,610,0.73,0.216,0.594,0.165
CMP312,Wishlist Wonders,Paid Ads,2022-11-11,2024-07-05,26393.6,3860.8,2312.0,7806.208,22404.0,Bacău,55+,Male,602,1.87,0.146,0.599,3.376
CMP313,Cart to Couch,Email,2023-01-28,2024-10-12,71987.2,49307.2,49115.2,5835.248,9089.792,Bacău,18-24,Male,623,0.558,0.685,0.996,0.119
CMP314,Flash Sale Frenzy,Influencer Marketing,2022-10-12,2024-06-24,74920.0,22952.0,11804.8,2528.864,6751.296,Bacău,18-24,Female,621,1.67,0.306,0.514,0.214
CMP315,Flash Sale Frenzy,Paid Ads,2022-05-31,2024-02-15,3630.4,787.2,132.8,2264.928,6862.8,Bacău,45-54,Male,625,2.03,0.217,0.169,17.055
CMP316,Seasonal Steals,Email,2022-06-04,2024-02-08,48633.6,43342.4,23022.4,4003.312,4915.44,Suceava,45-54,Female,614,0.228,0.891,0.531,0.174
CMP317,Deal of the Day,Influencer Marketing,2022-09-13,2024-05-25,23630.4,13504.0,11819.2,6641.488,12050.256,Târgu Mureș,18-24,Male,620,0.814,0.571,0.875,0.562
CMP318,Deal of the Day,Social Media,2022-07-29,2024-03-22,69390.4,40108.8,29136.0,5157.808,14405.168,Bacău,25-34,Female,602,1.793,0.578,0.726,0.177
CMP319,Shop & Share,Email,2022-07-09,2024-03-09,47006.4,37366.4,33825.6,6243.248,17523.744,Galați,45-54,Male,609,1.807,0.795,0.905,0.185
CMP320,Seasonal Steals,Email,2023-02-23,2024-10-19,18521.6,12203.2,11350.4,7297.136,20410.96,Suceava,18-24,Female,604,1.797,0.659,0.93,0.643
CMP321,Shop & Share,Social Media,2022-07-12,2024-03-10,76480.0,19424.0,6273.6,3454.224,6336.096,Galați,55+,Female,607,0.834,0.254,0.323,0.551
CMP322,Flash Sale Frenzy,Influencer Marketing,2022-05-28,2024-02-10,14011.2,5849.6,2561.6,5936.048,22758.8,Târgu Mureș,55+,Male,623,2.834,0.417,0.438,2.317
CMP323,Flash Sale Frenzy,Influencer Marketing,2022-12-09,2024-08-09,11800.0,236.8,224.0,4652.704,18339.2,Suceava,55+,Female,609,2.942,0.02,0.946,20.771
CMP324,Flash Sale Frenzy,Email,2022-08-10,2024-04-02,67843.2,46115.2,1300.8,2151.056,7210.224,Suceava,35-44,Male,601,2.352,0.68,0.028,1.654
CMP325,Seasonal Steals,Social Media,2022-09-13,2024-05-09,5305.6,1608.0,1024.0,3225.84,12437.536,Suceava,45-54,Female,604,2.856,0.303,0.637,3.15
CMP326,Seasonal Steals,Email,2022-10-31,2024-07-09,26123.2,23713.6,3918.4,3630.336,10895.984,Târgu Mureș,18-24,Female,617,2.001,0.908,0.165,0.926
CMP327,Deal of the Day,Paid Ads,2023-02-21,2024-11-09,10142.4,2024.0,142.4,4393.024,13354.88,Suceava,45-54,Female,627,2.04,0.2,0.07,30.85
CMP328,Deal of the Day,Influencer Marketing,2022-08-12,2024-04-11,30758.4,23832.0,10264.0,6127.472,16675.696,Suceava,25-34,Female,608,1.721,0.775,0.431,0.597
CMP329,Wishlist Wonders,Influencer Marketing,2022-10-27,2024-07-18,34844.8,9996.8,3977.6,549.824,2019.488,Suceava,18-24,Male,630,2.673,0.287,0.398,0.138
CMP330,Deal of the Day,Social Media,2022-05-17,2024-01-28,38948.8,16649.6,4969.6,4825.36,7673.68,Baia Mare,55+,Male,621,0.59,0.427,0.298,0.971
CMP331,Cart to Couch,Influencer Marketing,2022-11-03,2024-07-07,39422.4,22268.8,16184.0,3117.056,8399.376,Baia Mare,18-24,Female,612,1.695,0.565,0.727,0.193
CMP332,Flash Sale Frenzy,Email,2022-06-10,2024-02-27,78904.0,52968.0,16483.2,3830.432,7220.176,Bacău,35-44,Male,627,0.885,0.671,0.311,0.232
CMP333,Seasonal Steals,Social Media,2022-07-19,2024-03-11,73144.0,20592.0,13067.2,3922.336,11802.976,Bacău,45-54,Male,601,2.009,0.282,0.635,0.3
CMP334,Wishlist Wonders,Influencer Marketing,2022-09-27,2024-05-26,33123.2,17376.0,8611.2,3131.52,5386.608,Suceava,35-44,Male,607,0.72,0.525,0.496,0.364
CMP335,Cart to Couch,Influencer Marketing,2022-10-02,2024-05-29,10036.8,9784.0,5704.0,2368.064,8802.704,Galați,18-24,Female,605,2.717,0.975,0.583,0.415
CMP336,Shop & Share,Social Media,2022-11-27,2024-07-22,25032.0,1083.2,52.8,1112.656,2430.944,Galați,18-24,Male,603,1.185,0.043,0.049,21.073
CMP337,Deal of the Day,Email,2022-10-20,2024-06-23,50851.2,13233.6,3785.6,1606.16,2146.144,Galați,55+,Female,612,0.336,0.26,0.286,0.424
CMP338,Cart to Couch,Email,2023-03-02,2024-11-19,79657.6,46822.4,12369.6,3612.32,12427.44,Târgu Mureș,25-34,Male,628,2.44,0.588,0.264,0.292
CMP339,Deal of the Day,Paid Ads,2022-08-16,2024-04-14,3736.0,1296.0,1244.8,1746.816,6476.656,Târgu Mureș,45-54,Male,607,2.708,0.347,0.96,1.403
CMP340,Wishlist Wonders,Paid Ads,2022-05-12,2024-01-17,39680.0,14705.6,8780.8,6171.616,10052.992,Baia Mare,25-34,Female,615,0.629,0.371,0.597,0.703
CMP341,Deal of the Day,Paid Ads,2023-01-29,2024-10-05,25496.0,18920.0,12704.0,1359.968,3956.224,Suceava,35-44,Female,615,1.909,0.742,0.671,0.107
CMP342,Deal of the Day,Paid Ads,2022-05-15,2024-01-29,35721.6,26836.8,5137.6,7676.32,29795.376,Bacău,18-24,Male,624,2.881,0.751,0.191,1.494
CMP343,Shop & Share,Paid Ads,2022-10-19,2024-06-22,73075.2,12820.8,9168.0,7463.184,21368.288,Suceava,35-44,Female,612,1.863,0.175,0.715,0.814
CMP344,Wishlist Wonders,Email,2023-01-04,2024-09-10,52355.2,38360.0,9920.0,6417.952,21003.952,Suceava,45-54,Female,615,2.273,0.733,0.259,0.647
CMP345,Flash Sale Frenzy,Email,2022-07-01,2024-03-09,26649.6,25968.0,11768.0,1974.08,6797.392,Suceava,45-54,Male,617,2.443,0.974,0.453,0.168
CMP346,Cart to Couch,Social Media,2022-08-07,2024-04-26,16678.4,10441.6,8161.6,5709.264,14054.56,Baia Mare,45-54,Male,628,1.462,0.626,0.782,0.7
CMP347,Deal of the Day,Paid Ads,2022-05-17,2024-01-18,4980.8,1929.6,214.4,1108.576,3089.408,Galați,18-24,Male,611,1.787,0.387,0.111,5.171
CMP348,Wishlist Wonders,Social Media,2023-02-13,2024-10-24,2201.6,534.4,41.6,6972.672,20561.264,Galați,18-24,Male,619,1.949,0.243,0.078,167.612
CMP349,Shop & Share,Paid Ads,2022-10-28,2024-07-05,13214.4,9464.0,7691.2,5501.92,10236.288,Galați,18-24,Male,616,0.86,0.716,0.813,0.715
CMP350,Wishlist Wonders,Social Media,2023-02-23,2024-10-17,14667.2,10886.4,4710.4,3368.336,5847.536,Târgu Mureș,25-34,Female,602,0.736,0.742,0.433,0.715
CMP351,Wishlist Wonders,Paid Ads,2022-06-15,2024-02-28,19368.0,8427.2,6376.0,3453.904,4936.496,Galați,35-44,Male,623,0.429,0.435,0.757,0.542
CMP352,Wishlist Wonders,Email,2022-06-24,2024-03-08,39252.8,6763.2,6441.6,5738.064,17847.328,Bacău,25-34,Male,623,2.11,0.172,0.952,0.891
CMP353,Cart to Couch,Email,2022-10-04,2024-06-01,24936.0,4606.4,2912.0,4811.616,7770.0,Galați,45-54,Female,606,0.615,0.185,0.632,1.652
CMP354,Wishlist Wonders,Influencer Marketing,2022-09-23,2024-05-17,20502.4,4683.2,956.8,7049.76,26903.12,Bacău,55+,Male,602,2.816,0.228,0.204,7.368
CMP355,Seasonal Steals,Paid Ads,2022-07-03,2024-03-13,77835.2,10998.4,5718.4,4064.304,7520.96,Suceava,35-44,Male,619,0.85,0.141,0.52,0.711
CMP356,Seasonal Steals,Influencer Marketing,2022-08-15,2024-04-17,45886.4,36252.8,3281.6,7688.656,12864.128,Bacău,25-34,Male,611,0.673,0.79,0.091,2.343
CMP357,Seasonal Steals,Social Media,2022-08-28,2024-04-23,5364.8,3425.6,2452.8,5543.168,14969.568,Târgu Mureș,45-54,Male,604,1.701,0.639,0.716,2.26
CMP358,Flash Sale Frenzy,Social Media,2022-10-04,2024-06-16,18107.2,5635.2,3974.4,3335.776,4780.848,Târgu Mureș,55+,Male,621,0.433,0.311,0.705,0.839
CMP359,Wishlist Wonders,Paid Ads,2022-07-13,2024-03-20,69315.2,68747.2,33995.2,617.216,1145.392,Galați,45-54,Male,616,0.856,0.992,0.494,0.018
CMP360,Shop & Share,Email,2022-12-26,2024-08-24,51347.2,50790.4,7056.0,6271.92,10665.872,Târgu Mureș,35-44,Female,607,0.701,0.989,0.139,0.889
CMP361,Seasonal Steals,Influencer Marketing,2023-02-20,2024-10-27,27980.8,6044.8,3673.6,976.64,3126.96,Galați,55+,Male,615,2.202,0.216,0.608,0.266
CMP362,Shop & Share,Influencer Marketing,2023-01-28,2024-09-29,76992.0,43849.6,33814.4,2858.608,8790.272,Baia Mare,25-34,Male,610,2.075,0.57,0.771,0.085
CMP363,Seasonal Steals,Paid Ads,2022-08-19,2024-04-18,15744.0,12332.8,12120.0,5805.36,22399.776,Baia Mare,35-44,Male,608,2.858,0.783,0.983,0.479
CMP364,Shop & Share,Influencer Marketing,2023-01-07,2024-09-21,10609.6,1540.8,960.0,918.256,1530.8,Galați,45-54,Male,623,0.667,0.145,0.623,0.957
CMP365,Deal of the Day,Influencer Marketing,2022-10-08,2024-06-07,66619.2,33595.2,26640.0,6814.448,12383.456,Suceava,35-44,Male,608,0.817,0.504,0.793,0.256
CMP366,Deal of the Day,Email,2023-02-18,2024-10-30,44902.4,35224.0,33369.6,5171.52,14222.784,Suceava,25-34,Female,620,1.75,0.784,0.947,0.155
CMP367,Cart to Couch,Email,2022-10-23,2024-06-21,9857.6,6065.6,2750.4,1085.6,1799.504,Bacău,55+,Female,607,0.658,0.615,0.453,0.395
CMP368,Shop & Share,Social Media,2022-10-20,2024-07-08,27795.2,11857.6,1270.4,6002.528,8206.016,Târgu Mureș,45-54,Male,627,0.367,0.427,0.107,4.725
CMP369,Deal of the Day,Paid Ads,2022-06-26,2024-03-16,24984.0,21886.4,21473.6,786.688,1104.496,Bacău,55+,Female,629,0.404,0.876,0.981,0.037
CMP370,Seasonal Steals,Paid Ads,2022-06-22,2024-02-18,21331.2,7622.4,3937.6,1643.04,4612.08,Bacău,25-34,Male,606,1.807,0.357,0.517,0.417
CMP371,Deal of the Day,Social Media,2022-11-05,2024-07-10,79051.2,11817.6,8209.6,7761.2,30676.0,Târgu Mureș,45-54,Male,613,2.952,0.149,0.695,0.945
CMP372,Flash Sale Frenzy,Email,2023-01-04,2024-09-25,56440.0,13907.2,1628.8,5894.128,17031.168,Suceava,45-54,Male,630,1.89,0.246,0.117,3.619
CMP373,Cart to Couch,Influencer Marketing,2022-11-26,2024-08-13,57076.8,17854.4,16328.0,6988.544,20413.312,Bacău,18-24,Male,626,1.921,0.313,0.915,0.428
CMP374,Wishlist Wonders,Paid Ads,2022-05-30,2024-02-14,13084.8,2329.6,1059.2,466.928,1861.28,Baia Mare,18-24,Male,625,2.986,0.178,0.455,0.441
CMP375,Seasonal Steals,Social Media,2022-07-09,2024-03-26,33556.8,32724.8,30491.2,6334.256,19060.032,Galați,35-44,Male,626,2.009,0.975,0.932,0.208
CMP376,Seasonal Steals,Paid Ads,2022-08-15,2024-04-14,18694.4,13067.2,12476.8,4082.88,14781.44,Târgu Mureș,18-24,Male,608,2.62,0.699,0.955,0.327
CMP377,Wishlist Wonders,Paid Ads,2022-07-31,2024-04-05,51920.0,33595.2,16376.0,2586.48,5378.784,Galați,55+,Female,614,1.08,0.647,0.487,0.158
CMP378,Wishlist Wonders,Email,2022-05-16,2024-02-05,11385.6,1265.6,414.4,6841.344,17317.12,Baia Mare,18-24,Male,630,1.531,0.111,0.327,16.509
CMP379,Seasonal Steals,Paid Ads,2022-11-09,2024-07-25,2873.6,1689.6,32.0,7047.744,18586.576,Târgu Mureș,25-34,Male,624,1.637,0.588,0.019,220.242
CMP380,Cart to Couch,Influencer Marketing,2022-07-14,2024-03-30,24329.6,22099.2,2089.6,2485.136,7878.304,Baia Mare,18-24,Female,625,2.17,0.908,0.095,1.189
CMP381,Wishlist Wonders,Email,2022-12-02,2024-08-14,59596.8,59105.6,47084.8,4477.552,14424.432,Bacău,55+,Male,621,2.221,0.992,0.797,0.095
CMP382,Seasonal Steals,Social Media,2022-05-24,2024-01-26,8537.6,985.6,611.2,4649.68,12554.512,Bacău,35-44,Female,612,1.7,0.115,0.62,7.607
CMP383,Cart to Couch,Influencer Marketing,2023-02-23,2024-11-13,7164.8,3638.4,489.6,1457.344,2032.272,Baia Mare,25-34,Male,629,0.395,0.508,0.135,2.977
CMP384,Seasonal Steals,Influencer Marketing,2022-07-06,2024-03-12,10457.6,4947.2,4174.4,1744.016,2196.768,Baia Mare,55+,Male,615,0.26,0.473,0.844,0.418
CMP385,Seasonal Steals,Influencer Marketing,2022-10-20,2024-07-05,62172.8,54969.6,160.0,5963.008,20504.736,Târgu Mureș,45-54,Male,624,2.439,0.884,0.003,37.269
CMP386,Deal of the Day,Influencer Marketing,2022-10-11,2024-06-18,5014.4,1908.8,864.0,5498.24,18124.352,Suceava,45-54,Male,616,2.296,0.381,0.453,6.364
CMP387,Cart to Couch,Email,2023-01-06,2024-09-05,9436.8,2811.2,1544.0,6922.624,22059.856,Galați,18-24,Male,608,2.187,0.298,0.549,4.484
CMP388,Flash Sale Frenzy,Social Media,2022-06-12,2024-02-21,10915.2,7532.8,5664.0,5446.832,8511.92,Suceava,35-44,Female,619,0.563,0.69,0.752,0.962
CMP389,Seasonal Steals,Social Media,2023-01-27,2024-10-09,25227.2,12747.2,6924.8,4112.352,12414.192,Baia Mare,25-34,Female,621,2.019,0.505,0.543,0.594
CMP390,Deal of the Day,Email,2023-01-04,2024-09-20,16401.6,299.2,62.4,485.36,1399.776,Galați,55+,Female,625,1.884,0.018,0.209,7.778
CMP391,Shop & Share,Email,2022-11-25,2024-08-14,51985.6,42452.8,24651.2,4627.552,17024.592,Suceava,45-54,Male,628,2.679,0.817,0.581,0.188
CMP392,Shop & Share,Paid Ads,2022-09-21,2024-05-23,3120.0,1089.6,620.8,700.368,1569.328,Bacău,55+,Male,610,1.241,0.349,0.57,1.128
CMP393,Deal of the Day,Paid Ads,2022-10-10,2024-06-25,5753.6,652.8,225.6,6874.16,18901.392,Suceava,45-54,Female,624,1.75,0.113,0.346,30.471
CMP394,Wishlist Wonders,Influencer Marketing,2022-10-07,2024-06-13,57980.8,51803.2,9497.6,957.328,1587.136,Galați,25-34,Male,615,0.658,0.893,0.183,0.101
CMP395,Wishlist Wonders,Email,2023-01-19,2024-09-27,4363.2,553.6,113.6,2090.16,3180.144,Suceava,55+,Female,617,0.521,0.127,0.205,18.399
CMP396,Seasonal Steals,Paid Ads,2022-07-06,2024-03-10,17537.6,1019.2,809.6,4009.552,6160.56,Bacău,18-24,Male,613,0.536,0.058,0.794,4.953
CMP397,Deal of the Day,Social Media,2022-08-25,2024-04-26,47134.4,32310.4,3528.0,5623.216,20669.968,Bacău,35-44,Male,610,2.676,0.685,0.109,1.594
CMP398,Seasonal Steals,Email,2022-10-16,2024-06-30,76160.0,35200.0,1163.2,4865.84,10242.224,Galați,45-54,Male,623,1.105,0.462,0.033,4.183
CMP399,Deal of the Day,Email,2022-09-30,2024-06-15,19097.6,12627.2,4827.2,2423.248,3440.096,Suceava,18-24,Female,624,0.42,0.661,0.382,0.502
CMP400,Deal of the Day,Paid Ads,2022-12-18,2024-08-29,21500.8,19454.4,5902.4,4315.136,7089.44,Suceava,18-24,Male,620,0.643,0.905,0.303,0.731
CMP401,Flash Sale Frenzy,Social Media,2022-09-16,2024-05-12,37659.2,31254.4,5862.4,1906.416,4644.144,Bacău,25-34,Male,604,1.436,0.83,0.188,0.325
CMP402,Seasonal Steals,Influencer Marketing,2022-11-21,2024-08-05,41094.4,7273.6,3721.6,3732.48,8061.52,Galați,45-54,Female,623,1.16,0.177,0.512,1.003
CMP403,Flash Sale Frenzy,Influencer Marketing,2022-12-11,2024-08-29,61129.6,46921.6,14051.2,1999.728,7325.824,Galați,35-44,Male,627,2.663,0.768,0.299,0.142
CMP404,Wishlist Wonders,Social Media,2023-02-07,2024-10-18,40734.4,28763.2,9782.4,2808.512,9714.592,Bacău,45-54,Male,619,2.459,0.706,0.34,0.287
CMP405,Cart to Couch,Paid Ads,2022-12-01,2024-07-28,17496.0,16249.6,1577.6,4418.544,11298.592,Târgu Mureș,45-54,Female,605,1.557,0.929,0.097,2.801
CMP406,Deal of the Day,Social Media,2022-05-13,2024-01-21,48081.6,43878.4,32062.4,2701.456,8213.888,Bacău,55+,Male,618,2.041,0.913,0.731,0.084
CMP407,Deal of the Day,Paid Ads,2022-12-26,2024-09-03,39188.8,18718.4,10414.4,5108.256,18574.368,Galați,25-34,Male,617,2.636,0.478,0.556,0.49
CMP408,Shop & Share,Paid Ads,2022-09-25,2024-05-29,55414.4,44344.0,30593.6,7157.872,19548.816,Galați,25-34,Male,612,1.731,0.8,0.69,0.234
CMP409,Shop & Share,Social Media,2022-06-04,2024-02-16,65721.6,48900.8,8179.2,2585.44,6878.4,Suceava,18-24,Female,622,1.66,0.744,0.167,0.316
CMP410,Seasonal Steals,Influencer Marketing,2023-02-19,2024-11-04,27608.0,4188.8,3028.8,207.76,319.312,Târgu Mureș,35-44,Male,624,0.537,0.152,0.723,0.069
CMP411,Wishlist Wonders,Social Media,2022-06-27,2024-02-18,9259.2,5360.0,3676.8,7204.864,23893.152,Târgu Mureș,45-54,Female,601,2.316,0.579,0.686,1.96
CMP412,Seasonal Steals,Influencer Marketing,2022-06-05,2024-02-21,48291.2,3556.8,2441.6,4705.76,18533.296,Bacău,18-24,Female,626,2.938,0.074,0.686,1.927
CMP413,Wishlist Wonders,Paid Ads,2022-08-10,2024-04-18,70736.0,26304.0,10848.0,2905.392,7476.784,Bacău,45-54,Male,617,1.573,0.372,0.412,0.268
CMP414,Deal of the Day,Social Media,2022-05-15,2024-01-19,39486.4,2536.0,2129.6,7719.92,29951.216,Târgu Mureș,35-44,Male,614,2.88,0.064,0.84,3.625
CMP415,Wishlist Wonders,Social Media,2023-02-16,2024-10-09,44072.0,15174.4,10508.8,4931.024,9243.504,Galați,55+,Male,601,0.875,0.344,0.693,0.469
CMP416,Flash Sale Frenzy,Email,2022-11-13,2024-08-02,55947.2,1870.4,952.0,5256.0,13935.2,Suceava,45-54,Male,628,1.651,0.033,0.509,5.521
CMP417,Cart to Couch,Email,2022-06-19,2024-03-06,17014.4,14854.4,4857.6,1396.448,1761.088,Bacău,25-34,Male,626,0.261,0.873,0.327,0.287
CMP418,Deal of the Day,Email,2022-10-04,2024-06-19,58094.4,50110.4,1928.0,4486.48,16983.616,Suceava,18-24,Male,624,2.786,0.863,0.038,2.327
CMP419,Wishlist Wonders,Paid Ads,2022-10-18,2024-06-11,30265.6,8352.0,2392.0,4255.632,16745.424,Baia Mare,25-34,Male,602,2.935,0.276,0.286,1.779
CMP420,Wishlist Wonders,Paid Ads,2022-10-09,2024-06-02,27974.4,2555.2,1604.8,7840.832,21156.176,Bacău,25-34,Male,602,1.698,0.091,0.628,4.886
CMP421,Seasonal Steals,Influencer Marketing,2023-02-01,2024-10-20,11803.2,9753.6,507.2,1531.2,3463.616,Galați,45-54,Male,627,1.262,0.826,0.052,3.019
CMP422,Flash Sale Frenzy,Social Media,2022-09-10,2024-05-04,31201.6,21161.6,4224.0,7828.88,24316.16,Târgu Mureș,35-44,Male,602,2.106,0.678,0.2,1.853
CMP423,Flash Sale Frenzy,Social Media,2022-12-28,2024-09-11,69532.8,14060.8,1635.2,3890.88,7059.216,Bacău,25-34,Male,623,0.814,0.202,0.116,2.379
CMP424,Deal of the Day,Influencer Marketing,2023-01-06,2024-08-31,40896.0,29617.6,763.2,6881.792,13252.64,Baia Mare,55+,Male,603,0.926,0.724,0.026,9.017
CMP425,Seasonal Steals,Email,2023-01-06,2024-09-13,17032.0,16753.6,8107.2,6929.008,23752.512,Târgu Mureș,45-54,Female,616,2.428,0.984,0.484,0.855
CMP426,Wishlist Wonders,Email,2022-06-24,2024-02-23,55665.6,33457.6,24971.2,1801.52,3548.656,Târgu Mureș,45-54,Female,609,0.97,0.601,0.746,0.072
CMP427,Flash Sale Frenzy,Paid Ads,2022-05-26,2024-02-04,44496.0,22563.2,5534.4,6483.104,10731.328,Târgu Mureș,45-54,Male,619,0.655,0.507,0.245,1.171
CMP428,Deal of the Day,Paid Ads,2022-11-04,2024-07-18,12144.0,3508.8,2273.6,3763.68,9833.248,Târgu Mureș,18-24,Female,622,1.613,0.289,0.648,1.655
CMP429,Flash Sale Frenzy,Social Media,2022-12-21,2024-08-29,18926.4,16206.4,10406.4,1348.176,2639.408,Baia Mare,18-24,Female,617,0.958,0.856,0.642,0.13
CMP430,Flash Sale Frenzy,Email,2022-08-11,2024-04-04,73856.0,65544.0,9184.0,3168.4,11549.664,Bacău,45-54,Female,602,2.645,0.887,0.14,0.345
CMP431,Deal of the Day,Email,2023-01-30,2024-09-29,59720.0,47084.8,36784.0,539.472,1571.712,Galați,35-44,Male,608,1.913,0.788,0.781,0.015
CMP432,Deal of the Day,Social Media,2022-08-14,2024-04-21,32305.6,15804.8,6329.6,7985.072,31791.344,Galați,35-44,Male,616,2.981,0.489,0.4,1.262
CMP433,Cart to Couch,Social Media,2022-08-18,2024-05-04,58070.4,44691.2,15396.8,2818.368,9291.76,Suceava,55+,Male,625,2.297,0.77,0.345,0.183
CMP434,Seasonal Steals,Influencer Marketing,2022-05-23,2024-01-20,39952.0,20584.0,420.8,6647.184,10189.792,Galați,55+,Male,607,0.533,0.515,0.02,15.797
CMP435,Flash Sale Frenzy,Influencer Marketing,2022-12-05,2024-08-24,42017.6,34505.6,10726.4,7712.224,10222.56,Târgu Mureș,25-34,Female,628,0.326,0.821,0.311,0.719
CMP436,Wishlist Wonders,Influencer Marketing,2023-01-02,2024-09-08,6278.4,5934.4,3115.2,1589.648,6081.152,Bacău,25-34,Male,615,2.825,0.945,0.525,0.51
CMP437,Wishlist Wonders,Paid Ads,2022-10-11,2024-06-04,75516.8,64036.8,8756.8,4654.848,16345.216,Suceava,45-54,Female,602,2.511,0.848,0.137,0.532
CMP438,Seasonal Steals,Email,2022-07-30,2024-04-18,25475.2,24980.8,1545.6,6278.096,8041.376,Baia Mare,45-54,Female,628,0.281,0.981,0.062,4.062
CMP439,Wishlist Wonders,Paid Ads,2022-07-14,2024-03-29,19412.8,10516.8,3396.8,4985.552,16937.216,Suceava,55+,Male,624,2.397,0.542,0.323,1.468
CMP440,Wishlist Wonders,Paid Ads,2022-06-02,2024-01-27,33310.4,5348.8,4764.8,6098.976,15768.544,Baia Mare,18-24,Female,604,1.585,0.161,0.891,1.28
CMP441,Wishlist Wonders,Social Media,2023-01-28,2024-10-12,55966.4,54342.4,42950.4,914.88,2298.016,Târgu Mureș,55+,Male,623,1.512,0.971,0.79,0.021
CMP442,Seasonal Steals,Influencer Marketing,2023-02-05,2024-10-27,33276.8,3936.0,900.8,7516.672,14038.8,Galați,55+,Female,630,0.868,0.118,0.229,8.344
CMP443,Wishlist Wonders,Paid Ads,2022-10-18,2024-07-06,35606.4,23387.2,6875.2,6899.6,10040.288,Bacău,25-34,Female,627,0.455,0.657,0.294,1.004
CMP444,Flash Sale Frenzy,Social Media,2022-06-30,2024-03-04,31387.2,22302.4,13016.0,2525.296,9477.056,Suceava,45-54,Male,613,2.753,0.711,0.584,0.194
CMP445,Wishlist Wonders,Email,2022-11-05,2024-07-20,68932.8,34633.6,20720.0,4429.408,14417.968,Galați,55+,Male,623,2.255,0.502,0.598,0.214
CMP446,Flash Sale Frenzy,Social Media,2022-08-16,2024-04-21,47558.4,4328.0,1984.0,5236.464,12820.736,Bacău,25-34,Male,614,1.448,0.091,0.458,2.639
CMP447,Cart to Couch,Email,2023-02-02,2024-09-28,10040.0,8292.8,5718.4,5891.744,12814.832,Bacău,55+,Male,604,1.175,0.826,0.69,1.03
CMP448,Cart to Couch,Social Media,2022-08-18,2024-04-21,7136.0,419.2,44.8,4052.352,6338.64,Târgu Mureș,25-34,Male,612,0.564,0.059,0.107,90.454
CMP449,Cart to Couch,Email,2022-09-21,2024-06-11,29771.2,22184.0,5523.2,6950.32,22329.904,Târgu Mureș,18-24,Female,629,2.213,0.745,0.249,1.258
CMP450,Deal of the Day,Social Media,2022-06-02,2024-02-11,26052.8,15926.4,7166.4,4643.472,15895.76,Baia Mare,45-54,Female,619,2.423,0.611,0.45,0.648
CMP451,Flash Sale Frenzy,Social Media,2022-07-16,2024-03-24,68548.8,5028.8,3915.2,631.072,2239.616,Baia Mare,45-54,Male,617,2.549,0.073,0.779,0.161
CMP452,Cart to Couch,Email,2022-08-20,2024-04-21,66744.0,23155.2,15424.0,5144.208,17360.096,Baia Mare,45-54,Male,610,2.375,0.347,0.666,0.334
CMP453,Cart to Couch,Paid Ads,2023-02-14,2024-11-04,44464.0,17456.0,3462.4,2414.768,7673.568,Baia Mare,18-24,Male,629,2.178,0.393,0.198,0.697
CMP454,Deal of the Day,Social Media,2022-08-18,2024-05-06,19491.2,18000.0,8803.2,4215.824,16223.648,Suceava,55+,Male,627,2.848,0.923,0.489,0.479
CMP455,Shop & Share,Influencer Marketing,2022-09-21,2024-05-29,15380.8,7998.4,4884.8,1568.192,3874.56,Galați,35-44,Female,616,1.471,0.52,0.611,0.321
CMP456,Seasonal Steals,Email,2022-08-19,2024-05-03,56534.4,4208.0,2923.2,5243.12,20830.128,Baia Mare,55+,Male,623,2.973,0.074,0.695,1.794
CMP457,Wishlist Wonders,Paid Ads,2023-02-11,2024-11-02,13844.8,5820.8,601.6,2531.328,6747.072,Galați,25-34,Male,630,1.665,0.42,0.103,4.208
CMP458,Flash Sale Frenzy,Influencer Marketing,2022-05-13,2024-01-21,54857.6,5422.4,5347.2,2900.176,6025.888,Suceava,25-34,Female,618,1.078,0.099,0.986,0.542
CMP459,Cart to Couch,Paid Ads,2022-12-26,2024-08-25,17987.2,1233.6,1192.0,2511.632,6830.752,Baia Mare,35-44,Female,608,1.72,0.069,0.966,2.107
CMP460,Cart to Couch,Email,2022-10-14,2024-06-13,43022.4,36131.2,7243.2,1981.52,6580.624,Baia Mare,35-44,Male,608,2.321,0.84,0.2,0.274
CMP461,Wishlist Wonders,Influencer Marketing,2022-09-13,2024-05-21,32000.0,20203.2,2936.0,1584.304,6003.68,Baia Mare,18-24,Male,616,2.789,0.631,0.145,0.54
CMP462,Shop & Share,Paid Ads,2022-10-01,2024-06-19,78124.8,37609.6,29795.2,5543.28,11978.176,Baia Mare,55+,Female,627,1.161,0.481,0.792,0.186
CMP463,Shop & Share,Social Media,2022-12-29,2024-08-29,58360.0,28953.6,12006.4,2079.616,6554.512,Târgu Mureș,18-24,Male,609,2.152,0.496,0.415,0.173
CMP464,Flash Sale Frenzy,Paid Ads,2023-01-24,2024-09-19,41985.6,19542.4,14377.6,4671.648,7542.992,Bacău,45-54,Female,604,0.615,0.465,0.736,0.325
CMP465,Wishlist Wonders,Social Media,2022-07-11,2024-03-14,78492.8,61464.0,46628.8,5349.056,13972.784,Baia Mare,45-54,Male,612,1.612,0.783,0.759,0.115
CMP466,Seasonal Steals,Paid Ads,2023-01-30,2024-10-03,45161.6,30156.8,2739.2,6406.544,13780.32,Suceava,55+,Male,612,1.151,0.668,0.091,2.339
CMP467,Shop & Share,Social Media,2022-05-21,2024-01-22,79123.2,54430.4,20760.0,3659.344,8370.848,Târgu Mureș,55+,Female,611,1.288,0.688,0.381,0.176
CMP468,Cart to Couch,Paid Ads,2022-08-08,2024-04-21,64441.6,27577.6,8868.8,4104.0,13888.272,Târgu Mureș,55+,Male,622,2.384,0.428,0.322,0.463
CMP469,Seasonal Steals,Email,2023-02-16,2024-11-05,9324.8,7809.6,7136.0,1433.168,3778.592,Galați,55+,Male,628,1.637,0.838,0.914,0.201
CMP470,Flash Sale Frenzy,Email,2022-07-01,2024-03-12,14363.2,13406.4,2136.0,844.4,1624.864,Suceava,45-54,Male,620,0.924,0.933,0.159,0.395
CMP471,Cart to Couch,Influencer Marketing,2022-10-02,2024-06-10,19556.8,2966.4,374.4,3754.112,10033.664,Baia Mare,18-24,Female,617,1.673,0.152,0.126,10.027
CMP472,Deal of the Day,Email,2022-11-30,2024-08-06,21462.4,3377.6,2681.6,6141.12,9756.192,Galați,35-44,Male,615,0.589,0.157,0.794,2.29
CMP473,Wishlist Wonders,Email,2023-02-22,2024-10-20,50888.0,7145.6,6198.4,5079.36,17050.32,Suceava,18-24,Female,606,2.357,0.14,0.867,0.819
CMP474,Seasonal Steals,Influencer Marketing,2023-01-01,2024-09-09,51468.8,22180.8,13913.6,4498.896,5735.344,Baia Mare,45-54,Male,617,0.275,0.431,0.627,0.323
CMP475,Shop & Share,Paid Ads,2022-12-16,2024-08-12,2326.4,1923.2,1444.8,1485.328,2013.92,Suceava,18-24,Female,605,0.356,0.827,0.751,1.028
CMP476,Wishlist Wonders,Social Media,2022-10-07,2024-06-01,58208.0,22996.8,9030.4,7117.136,21107.008,Suceava,45-54,Female,603,1.966,0.395,0.393,0.788
CMP477,Cart to Couch,Email,2022-12-12,2024-08-30,36966.4,15526.4,2980.8,4352.688,9993.712,Bacău,45-54,Female,627,1.296,0.42,0.192,1.46
CMP478,Seasonal Steals,Social Media,2023-02-08,2024-10-24,59745.6,9569.6,5832.0,4500.08,6166.496,Baia Mare,18-24,Female,624,0.37,0.16,0.609,0.772
CMP479,Wishlist Wonders,Influencer Marketing,2023-01-18,2024-09-10,8161.6,3545.6,2267.2,3518.544,7681.568,Galați,55+,Male,601,1.183,0.434,0.639,1.552
CMP480,Wishlist Wonders,Email,2022-08-29,2024-04-30,28659.2,22558.4,4633.6,7835.904,24805.84,Suceava,25-34,Female,610,2.166,0.787,0.205,1.691
CMP481,Deal of the Day,Social Media,2022-07-09,2024-03-06,65707.2,37587.2,19118.4,7462.016,9059.072,Târgu Mureș,55+,Male,606,0.214,0.572,0.509,0.39
CMP482,Cart to Couch,Influencer Marketing,2022-07-17,2024-03-25,40692.8,24584.0,24070.4,3917.968,14327.408,Baia Mare,25-34,Male,617,2.657,0.604,0.979,0.163
CMP483,Flash Sale Frenzy,Social Media,2022-05-17,2024-01-31,66291.2,13912.0,3699.2,6045.6,11150.128,Galați,55+,Female,624,0.844,0.21,0.266,1.634
CMP484,Shop & Share,Influencer Marketing,2022-06-06,2024-02-16,22867.2,21937.6,9347.2,2121.424,4883.728,Suceava,45-54,Male,620,1.302,0.959,0.426,0.227
CMP485,Wishlist Wonders,Social Media,2023-02-24,2024-10-25,6496.0,5945.6,288.0,3227.28,7219.904,Suceava,18-24,Male,609,1.237,0.915,0.048,11.206
CMP486,Shop & Share,Influencer Marketing,2022-09-06,2024-05-10,69124.8,35433.6,11017.6,4617.008,12265.504,Baia Mare,25-34,Male,612,1.657,0.513,0.311,0.419
CMP487,Deal of the Day,Influencer Marketing,2022-12-08,2024-08-15,45401.6,7484.8,678.4,1511.744,3211.328,Târgu Mureș,35-44,Male,616,1.124,0.165,0.091,2.228
CMP488,Shop & Share,Email,2023-01-31,2024-10-15,64248.0,14291.2,6702.4,3641.856,11574.864,Suceava,45-54,Male,623,2.178,0.222,0.469,0.543
CMP489,Seasonal Steals,Influencer Marketing,2022-12-10,2024-08-20,26652.8,15291.2,308.8,318.352,874.528,Galați,35-44,Male,619,1.747,0.574,0.02,1.031
CMP490,Flash Sale Frenzy,Email,2022-08-25,2024-04-20,2448.0,1064.0,836.8,7470.528,12419.728,Târgu Mureș,25-34,Male,604,0.662,0.435,0.786,8.927
CMP491,Seasonal Steals,Paid Ads,2022-10-19,2024-06-29,19140.8,7048.0,635.2,5460.736,9012.288,Suceava,55+,Male,619,0.65,0.368,0.09,8.597
CMP492,Cart to Couch,Influencer Marketing,2022-12-01,2024-08-12,29129.6,7412.8,1966.4,5599.696,17207.024,Baia Mare,35-44,Male,620,2.073,0.254,0.265,2.848
CMP493,Deal of the Day,Email,2022-09-12,2024-05-22,35072.0,731.2,139.2,1355.888,3818.24,Târgu Mureș,18-24,Male,618,1.816,0.021,0.19,9.741
CMP494,Shop & Share,Email,2022-12-18,2024-09-05,66091.2,6155.2,936.0,5962.512,8076.752,Bacău,25-34,Male,627,0.355,0.093,0.152,6.37
CMP495,Shop & Share,Paid Ads,2023-02-09,2024-10-12,37278.4,32872.0,9611.2,5760.704,7067.088,Galați,35-44,Male,611,0.227,0.882,0.292,0.599
CMP496,Seasonal Steals,Email,2022-12-03,2024-08-16,48897.6,32014.4,694.4,2989.872,9924.048,Bacău,55+,Male,622,2.319,0.655,0.022,4.306
CMP497,Wishlist Wonders,Social Media,2022-05-20,2024-01-24,73744.0,44694.4,3062.4,5996.448,11604.656,Galați,18-24,Male,614,0.935,0.606,0.069,1.958
CMP498,Shop & Share,Influencer Marketing,2022-11-25,2024-07-31,65569.6,11150.4,8072.0,7699.824,21578.816,Suceava,55+,Female,614,1.803,0.17,0.724,0.954
CMP499,Deal of the Day,Influencer Marketing,2022-08-02,2024-04-11,36777.6,16576.0,4966.4,865.248,1292.736,Târgu Mureș,18-24,Female,618,0.494,0.451,0.3,0.174
CMP500,Flash Sale Frenzy,Social Media,2023-01-12,2024-09-28,71696.0,26102.4,7795.2,847.472,2376.784,Galați,18-24,Male,625,1.805,0.364,0.299,0.109
CMP501,Flash Sale Frenzy,Paid Ads,2022-06-09,2024-02-11,59552.0,29329.6,22888.0,7683.344,18368.816,Galați,25-34,Female,612,1.391,0.493,0.78,0.336
CMP502,Cart to Couch,Email,2022-11-28,2024-08-02,37163.2,572.8,395.2,3030.832,9237.584,Bacău,35-44,Female,613,2.048,0.015,0.69,7.669
CMP503,Cart to Couch,Influencer Marketing,2022-07-15,2024-04-02,55152.0,2649.6,620.8,2318.944,7618.304,Bacău,45-54,Male,627,2.285,0.048,0.234,3.735
CMP504,Deal of the Day,Email,2022-06-30,2024-02-25,18846.4,3540.8,596.8,7233.856,23194.32,Suceava,18-24,Female,605,2.206,0.188,0.169,12.121
CMP505,Deal of the Day,Email,2023-01-03,2024-08-30,54196.8,51243.2,17017.6,3762.88,5792.56,Suceava,18-24,Male,605,0.539,0.946,0.332,0.221
CMP506,Cart to Couch,Social Media,2022-07-22,2024-03-31,20944.0,9028.8,1913.6,1442.416,1927.952,Bacău,55+,Female,618,0.337,0.431,0.212,0.754
CMP507,Shop & Share,Paid Ads,2022-11-29,2024-07-29,47652.8,25284.8,24803.2,1797.648,2167.824,Târgu Mureș,45-54,Male,608,0.206,0.531,0.981,0.072
CMP508,Flash Sale Frenzy,Paid Ads,2023-02-27,2024-11-15,49336.0,31446.4,9089.6,7435.024,10549.152,Bacău,35-44,Female,627,0.419,0.637,0.289,0.818
CMP509,Deal of the Day,Influencer Marketing,2023-01-15,2024-09-22,74419.2,15622.4,5947.2,1440.768,3309.76,Bacău,45-54,Female,616,1.297,0.21,0.381,0.242
CMP510,Flash Sale Frenzy,Influencer Marketing,2023-02-27,2024-10-27,51390.4,16673.6,1230.4,7602.96,9600.144,Bacău,35-44,Male,608,0.263,0.324,0.074,6.179
CMP511,Shop & Share,Influencer Marketing,2022-08-06,2024-04-01,70280.0,5755.2,24.0,4153.344,8665.968,Baia Mare,18-24,Male,604,1.087,0.082,0.004,173.056
CMP512,Wishlist Wonders,Paid Ads,2023-03-01,2024-11-14,38057.6,31408.0,13926.4,5715.952,16479.648,Galați,55+,Female,624,1.883,0.825,0.443,0.41
CMP513,Deal of the Day,Influencer Marketing,2023-01-24,2024-10-01,19782.4,9832.0,2804.8,4299.664,14772.432,Suceava,35-44,Female,616,2.436,0.497,0.285,1.533
CMP514,Cart to Couch,Social Media,2022-10-03,2024-06-12,29288.0,24278.4,13406.4,3113.408,4815.744,Suceava,18-24,Female,618,0.547,0.829,0.552,0.232
CMP515,Wishlist Wonders,Email,2023-02-05,2024-10-26,19646.4,7993.6,5497.6,6098.96,21857.344,Suceava,18-24,Male,629,2.584,0.407,0.688,1.109
CMP516,Seasonal Steals,Email,2022-12-12,2024-08-07,10932.8,8713.6,1064.0,2849.904,8490.096,Bacău,25-34,Male,604,1.979,0.797,0.122,2.678
CMP517,Cart to Couch,Social Media,2023-02-13,2024-10-12,32827.2,22163.2,10700.8,4269.472,5386.176,Baia Mare,25-34,Male,607,0.262,0.675,0.483,0.399
CMP518,Wishlist Wonders,Email,2022-07-09,2024-03-21,50972.8,28118.4,11956.8,6061.696,17021.232,Suceava,55+,Female,621,1.808,0.552,0.425,0.507
CMP519,Wishlist Wonders,Email,2022-06-16,2024-02-28,43286.4,9139.2,1707.2,3572.192,4623.696,Suceava,45-54,Male,622,0.294,0.211,0.187,2.092
CMP520,Cart to Couch,Social Media,2022-05-22,2024-01-30,55976.0,28814.4,26966.4,4799.792,8947.536,Galați,25-34,Male,618,0.864,0.515,0.936,0.178
CMP521,Seasonal Steals,Influencer Marketing,2022-06-05,2024-02-08,36835.2,31961.6,659.2,1631.008,3132.512,Baia Mare,35-44,Male,613,0.921,0.868,0.021,2.474
CMP522,Cart to Couch,Email,2022-11-16,2024-08-06,73734.4,66128.0,65779.2,5080.48,12370.592,Galați,55+,Male,629,1.435,0.897,0.995,0.077
CMP523,Seasonal Steals,Influencer Marketing,2022-08-06,2024-04-06,64665.6,21608.0,20243.2,2304.304,5386.816,Baia Mare,18-24,Male,609,1.338,0.334,0.937,0.114
CMP524,Shop & Share,Paid Ads,2022-07-21,2024-03-16,7091.2,4670.4,1092.8,7632.448,13068.848,Târgu Mureș,55+,Male,604,0.712,0.659,0.234,6.984
CMP525,Deal of the Day,Paid Ads,2022-08-28,2024-05-03,12148.8,9148.8,364.8,2534.944,7364.08,Bacău,45-54,Male,614,1.905,0.753,0.04,6.949
CMP526,Seasonal Steals,Paid Ads,2023-02-01,2024-09-24,40291.2,30516.8,25841.6,6278.8,23918.528,Târgu Mureș,35-44,Female,601,2.809,0.757,0.847,0.243
CMP527,Seasonal Steals,Influencer Marketing,2022-11-12,2024-07-26,21286.4,21278.4,3920.0,6097.344,9927.28,Galați,45-54,Male,622,0.628,1.0,0.184,1.555
CMP528,Deal of the Day,Social Media,2023-02-23,2024-10-26,43953.6,39204.8,20100.8,3271.632,8969.36,Baia Mare,55+,Male,611,1.742,0.892,0.513,0.163
CMP529,Shop & Share,Paid Ads,2022-09-17,2024-05-19,16520.0,12073.6,2910.4,5366.88,20452.432,Târgu Mureș,18-24,Male,610,2.811,0.731,0.241,1.844
CMP530,Shop & Share,Email,2022-08-23,2024-05-11,77625.6,62516.8,58939.2,1357.104,1796.112,Galați,45-54,Male,627,0.323,0.805,0.943,0.023
CMP531,Flash Sale Frenzy,Influencer Marketing,2022-09-30,2024-06-11,53294.4,50120.0,44817.6,6916.576,17359.92,Târgu Mureș,18-24,Female,620,1.51,0.94,0.894,0.154
CMP532,Wishlist Wonders,Influencer Marketing,2022-06-12,2024-02-20,36726.4,24368.0,6681.6,6886.8,21294.4,Suceava,45-54,Male,618,2.092,0.664,0.274,1.031
CMP533,Deal of the Day,Social Media,2022-05-30,2024-02-03,70494.4,65129.6,19211.2,5524.352,12728.032,Bacău,55+,Male,614,1.304,0.924,0.295,0.288
CMP534,Wishlist Wonders,Paid Ads,2022-12-28,2024-09-18,53980.8,18601.6,6904.0,2390.096,8349.84,Suceava,18-24,Male,630,2.494,0.345,0.371,0.346
CMP535,Seasonal Steals,Email,2022-07-05,2024-03-17,46966.4,25660.8,18854.4,3491.088,10283.136,Suceava,55+,Male,621,1.946,0.546,0.735,0.185
CMP536,Wishlist Wonders,Paid Ads,2022-11-06,2024-06-30,62892.8,60550.4,12526.4,6441.168,25714.864,Târgu Mureș,55+,Female,602,2.992,0.963,0.207,0.514
CMP537,Cart to Couch,Paid Ads,2022-10-09,2024-06-09,21366.4,6550.4,232.0,6396.768,16193.92,Bacău,45-54,Male,609,1.532,0.307,0.035,27.572
CMP538,Shop & Share,Social Media,2023-01-15,2024-09-29,18793.6,3420.8,587.2,5513.168,19853.28,Târgu Mureș,45-54,Female,623,2.601,0.182,0.172,9.389
CMP539,Cart to Couch,Paid Ads,2022-06-29,2024-03-02,13291.2,12265.6,996.8,1367.2,4462.592,Târgu Mureș,25-34,Male,612,2.264,0.923,0.081,1.372
CMP540,Deal of the Day,Social Media,2022-11-04,2024-07-14,38339.2,31772.8,24166.4,3110.208,5200.608,Galați,18-24,Male,618,0.672,0.829,0.761,0.129
CMP541,Wishlist Wonders,Social Media,2022-11-18,2024-08-02,60633.6,24923.2,11601.6,6871.2,24325.952,Târgu Mureș,25-34,Male,623,2.54,0.411,0.465,0.592
CMP542,Seasonal Steals,Social Media,2022-10-09,2024-06-02,36523.2,23856.0,13521.6,1082.96,1758.832,Bacău,25-34,Male,602,0.624,0.653,0.567,0.08
CMP543,Wishlist Wonders,Paid Ads,2023-02-25,2024-10-24,4963.2,2713.6,508.8,3801.568,5607.072,Galați,18-24,Female,607,0.475,0.547,0.188,7.472
CMP544,Wishlist Wonders,Influencer Marketing,2022-10-07,2024-06-27,27910.4,20302.4,15867.2,3896.512,11062.032,Bacău,55+,Female,629,1.839,0.727,0.782,0.246
CMP545,Shop & Share,Influencer Marketing,2022-09-06,2024-04-30,11809.6,4376.0,153.6,7867.648,18888.176,Suceava,25-34,Male,602,1.401,0.371,0.035,51.222
CMP546,Shop & Share,Social Media,2022-09-08,2024-05-10,58115.2,51961.6,24939.2,2203.664,3805.76,Galați,35-44,Male,610,0.727,0.894,0.48,0.088
CMP547,Cart to Couch,Social Media,2022-12-15,2024-08-07,64742.4,1166.4,424.0,4639.856,14786.576,Bacău,25-34,Male,601,2.187,0.018,0.364,10.943
CMP548,Flash Sale Frenzy,Paid Ads,2022-08-25,2024-05-01,49310.4,15350.4,10459.2,745.408,1884.512,Suceava,25-34,Male,615,1.528,0.311,0.681,0.071
CMP549,Wishlist Wonders,Paid Ads,2022-10-08,2024-06-24,41046.4,31940.8,9705.6,1327.152,4825.456,Suceava,25-34,Male,625,2.636,0.778,0.304,0.137
CMP550,Wishlist Wonders,Social Media,2022-12-01,2024-07-31,47635.2,27977.6,24046.4,1948.528,6809.76,Bacău,45-54,Male,608,2.495,0.587,0.859,0.081
CMP551,Flash Sale Frenzy,Email,2022-08-19,2024-04-11,59756.8,15096.0,19.2,4243.616,10724.72,Târgu Mureș,18-24,Male,601,1.527,0.253,0.001,221.022
CMP552,Seasonal Steals,Paid Ads,2022-05-20,2024-01-12,66888.0,13822.4,12428.8,4676.192,18247.408,Suceava,18-24,Female,602,2.902,0.207,0.899,0.376
CMP553,Shop & Share,Influencer Marketing,2022-05-29,2024-01-27,26326.4,12465.6,10670.4,481.664,953.6,Bacău,35-44,Male,608,0.98,0.474,0.856,0.045
CMP554,Cart to Couch,Paid Ads,2022-05-22,2024-01-25,73331.2,36377.6,13307.2,6032.352,20544.976,Târgu Mureș,55+,Female,613,2.406,0.496,0.366,0.453
CMP555,Cart to Couch,Influencer Marketing,2023-02-02,2024-09-30,43262.4,14931.2,4356.8,6792.64,13633.792,Târgu Mureș,45-54,Female,606,1.007,0.345,0.292,1.559
CMP556,Shop & Share,Email,2022-10-05,2024-06-17,35326.4,15737.6,10273.6,4945.136,18532.544,Bacău,45-54,Male,621,2.748,0.445,0.653,0.481
CMP557,Flash Sale Frenzy,Email,2022-05-15,2024-02-02,57065.6,35915.2,14595.2,4170.784,12920.944,Galați,45-54,Female,628,2.098,0.629,0.406,0.286
CMP558,Seasonal Steals,Influencer Marketing,2022-10-07,2024-06-18,73995.2,5816.0,233.6,368.576,528.544,Bacău,18-24,Female,620,0.434,0.079,0.04,1.578
CMP559,Cart to Couch,Email,2022-08-10,2024-04-21,2556.8,2412.8,1184.0,5596.0,18607.392,Bacău,18-24,Female,620,2.325,0.944,0.491,4.726
CMP560,Deal of the Day,Influencer Marketing,2022-08-13,2024-04-30,7056.0,1089.6,756.8,2111.488,5440.88,Târgu Mureș,18-24,Male,626,1.577,0.154,0.695,2.79
CMP561,Wishlist Wonders,Influencer Marketing,2022-09-25,2024-06-11,73384.0,54505.6,36932.8,7224.64,22140.448,Bacău,18-24,Female,625,2.065,0.743,0.678,0.196
CMP562,Deal of the Day,Paid Ads,2022-11-14,2024-08-05,36534.4,11995.2,716.8,1455.984,3688.688,Galați,35-44,Male,630,1.533,0.328,0.06,2.031
CMP563,Flash Sale Frenzy,Paid Ads,2022-08-09,2024-04-18,31396.8,23070.4,18212.8,3138.096,6320.032,Suceava,25-34,Male,618,1.014,0.735,0.789,0.172
CMP564,Cart to Couch,Paid Ads,2022-07-07,2024-03-26,64032.0,61481.6,10681.6,3353.088,9711.552,Bacău,35-44,Male,628,1.896,0.96,0.174,0.314
CMP565,Flash Sale Frenzy,Email,2022-12-29,2024-09-17,65974.4,46536.0,18310.4,7021.76,19047.568,Galați,25-34,Male,628,1.713,0.705,0.393,0.383
CMP566,Cart to Couch,Email,2022-05-26,2024-01-18,3724.8,3177.6,339.2,6262.416,10397.808,Suceava,18-24,Female,602,0.66,0.853,0.107,18.462
CMP567,Shop & Share,Paid Ads,2023-02-14,2024-10-29,44934.4,3985.6,3835.2,7248.512,18160.72,Târgu Mureș,35-44,Female,623,1.505,0.089,0.962,1.89
CMP568,Wishlist Wonders,Paid Ads,2022-12-09,2024-08-10,67120.0,9622.4,8608.0,949.6,2681.392,Bacău,25-34,Male,610,1.824,0.143,0.895,0.11
CMP569,Deal of the Day,Paid Ads,2022-12-30,2024-09-13,33728.0,12801.6,10374.4,4801.632,9254.608,Suceava,25-34,Male,623,0.927,0.38,0.81,0.463
CMP570,Deal of the Day,Influencer Marketing,2022-07-10,2024-03-28,27374.4,3684.8,3460.8,2111.312,8166.4,Târgu Mureș,25-34,Male,627,2.868,0.135,0.939,0.61
CMP571,Deal of the Day,Email,2022-05-31,2024-01-25,79508.8,10715.2,2904.0,6308.56,13918.56,Bacău,45-54,Male,604,1.206,0.135,0.271,2.172
CMP572,Cart to Couch,Social Media,2022-09-24,2024-06-12,48606.4,2841.6,2428.8,2840.336,11186.912,Baia Mare,18-24,Female,627,2.939,0.058,0.855,1.169
CMP573,Flash Sale Frenzy,Influencer Marketing,2022-09-07,2024-05-13,24014.4,9772.8,8556.8,3723.824,11447.936,Bacău,45-54,Male,614,2.074,0.407,0.876,0.435
CMP574,Deal of the Day,Paid Ads,2022-10-20,2024-06-24,47043.2,34278.4,1302.4,4958.656,11409.344,Bacău,25-34,Male,613,1.301,0.729,0.038,3.807
CMP575,Deal of the Day,Paid Ads,2022-08-11,2024-04-18,56667.2,47814.4,40953.6,3686.544,8736.192,Galați,45-54,Male,616,1.37,0.844,0.857,0.09
CMP576,Wishlist Wonders,Social Media,2022-05-24,2024-01-23,78457.6,16664.0,4918.4,1271.584,4714.064,Târgu Mureș,45-54,Male,609,2.707,0.212,0.295,0.259
CMP577,Seasonal Steals,Influencer Marketing,2022-10-11,2024-06-15,28580.8,22265.6,8907.2,2866.144,4591.328,Târgu Mureș,55+,Male,613,0.602,0.779,0.4,0.322
CMP578,Deal of the Day,Paid Ads,2023-03-01,2024-11-09,7756.8,238.4,137.6,4703.744,6696.0,Galați,55+,Male,619,0.424,0.031,0.577,34.184
CMP579,Deal of the Day,Social Media,2022-05-30,2024-02-18,29574.4,6908.8,2796.8,2945.968,11156.64,Suceava,25-34,Female,629,2.787,0.234,0.405,1.053
CMP580,Seasonal Steals,Paid Ads,2022-12-23,2024-08-19,10435.2,7844.8,4716.8,7442.16,11672.448,Suceava,35-44,Male,605,0.568,0.752,0.601,1.578
CMP581,Cart to Couch,Influencer Marketing,2022-11-12,2024-07-11,20115.2,7475.2,6568.0,6405.552,18610.224,Suceava,45-54,Male,607,1.905,0.372,0.879,0.975
CMP582,Wishlist Wonders,Paid Ads,2022-11-01,2024-06-28,52579.2,8243.2,7880.0,504.992,1866.64,Suceava,45-54,Male,605,2.696,0.157,0.956,0.064
CMP583,Flash Sale Frenzy,Influencer Marketing,2022-12-03,2024-07-27,78604.8,59464.0,41614.4,338.432,1218.736,Târgu Mureș,55+,Female,602,2.601,0.756,0.7,0.008
CMP584,Wishlist Wonders,Influencer Marketing,2022-06-21,2024-03-08,5579.2,2048.0,969.6,2533.008,4315.36,Suceava,35-44,Female,626,0.704,0.367,0.473,2.612
CMP585,Deal of the Day,Social Media,2022-10-01,2024-06-15,35622.4,19496.0,4585.6,1336.192,5298.624,Bacău,55+,Male,623,2.965,0.547,0.235,0.291
CMP586,Wishlist Wonders,Paid Ads,2023-01-25,2024-10-12,52876.8,6836.8,1654.4,551.456,2103.808,Baia Mare,25-34,Male,626,2.815,0.129,0.242,0.333
CMP587,Wishlist Wonders,Email,2023-02-06,2024-10-14,66576.0,7257.6,1838.4,3043.536,3849.648,Târgu Mureș,55+,Male,616,0.265,0.109,0.253,1.656
CMP588,Seasonal Steals,Social Media,2022-06-21,2024-02-12,48296.0,21472.0,7190.4,1934.816,5266.496,Bacău,35-44,Male,601,1.722,0.445,0.335,0.269
CMP589,Cart to Couch,Email,2023-02-02,2024-10-08,27350.4,1340.8,190.4,6970.416,20544.16,Baia Mare,45-54,Female,614,1.947,0.049,0.142,36.609
CMP590,Deal of the Day,Email,2022-09-23,2024-06-08,50572.8,37582.4,20268.8,5281.92,8696.368,Bacău,35-44,Female,624,0.646,0.743,0.539,0.261
CMP591,Seasonal Steals,Social Media,2023-01-24,2024-09-18,76459.2,47272.0,10160.0,4450.816,8475.92,Galați,18-24,Female,603,0.904,0.618,0.215,0.438
CMP592,Shop & Share,Social Media,2022-12-01,2024-08-17,24260.8,12897.6,6841.6,4297.552,8296.272,Galați,55+,Female,625,0.93,0.532,0.53,0.628
CMP593,Cart to Couch,Email,2022-12-06,2024-07-31,78774.4,18761.6,9460.8,6215.328,13591.568,Târgu Mureș,25-34,Male,603,1.187,0.238,0.504,0.657
CMP594,Flash Sale Frenzy,Social Media,2022-12-13,2024-08-31,49697.6,20097.6,6891.2,1814.784,3931.12,Bacău,45-54,Female,627,1.166,0.404,0.343,0.263
CMP595,Cart to Couch,Influencer Marketing,2022-06-17,2024-02-17,44283.2,20433.6,16508.8,1879.488,4515.648,Galați,25-34,Male,610,1.403,0.461,0.808,0.114
CMP596,Cart to Couch,Influencer Marketing,2023-01-08,2024-09-14,50025.6,47075.2,14382.4,5438.4,16682.784,Baia Mare,55+,Female,615,2.068,0.941,0.306,0.378
CMP597,Deal of the Day,Email,2022-11-02,2024-07-02,62193.6,52016.0,21488.0,1460.992,1969.152,Târgu Mureș,35-44,Male,608,0.348,0.836,0.413,0.068
CMP598,Shop & Share,Paid Ads,2022-09-14,2024-05-09,67654.4,60953.6,54105.6,6103.232,13748.464,Galați,35-44,Male,603,1.253,0.901,0.888,0.113
CMP599,Shop & Share,Social Media,2022-12-04,2024-08-25,9417.6,8187.2,4507.2,1973.696,4285.04,Galați,18-24,Female,630,1.171,0.869,0.551,0.438
CMP600,Wishlist Wonders,Influencer Marketing,2023-01-05,2024-09-07,30297.6,13033.6,2142.4,193.552,699.712,Baia Mare,55+,Male,611,2.615,0.43,0.164,0.09
CMP601,Wishlist Wonders,Influencer Marketing,2022-11-20,2024-08-03,48833.6,46441.6,34593.6,432.752,732.16,Bacău,45-54,Male,622,0.692,0.951,0.745,0.013
CMP602,Cart to Couch,Influencer Marketing,2022-12-23,2024-09-12,19232.0,6916.8,4961.6,2413.584,5527.6,Baia Mare,45-54,Female,629,1.29,0.36,0.717,0.486
CMP603,Deal of the Day,Social Media,2022-09-04,2024-05-11,74945.6,22758.4,388.8,5590.32,6868.576,Baia Mare,55+,Female,615,0.229,0.304,0.017,14.378
CMP604,Wishlist Wonders,Influencer Marketing,2022-10-26,2024-06-23,7739.2,5251.2,4955.2,6917.488,17227.552,Suceava,55+,Male,606,1.49,0.679,0.944,1.396
CMP605,Shop & Share,Email,2023-02-23,2024-10-20,47798.4,22360.0,18488.0,228.816,690.304,Galați,55+,Male,605,2.017,0.468,0.827,0.012
CMP606,Cart to Couch,Social Media,2022-06-10,2024-02-09,51528.0,3718.4,1126.4,1793.536,4850.784,Baia Mare,45-54,Male,609,1.705,0.072,0.303,1.592
CMP607,Seasonal Steals,Email,2022-08-03,2024-04-14,66640.0,63190.4,46798.4,6808.848,15655.056,Baia Mare,35-44,Male,620,1.299,0.948,0.741,0.145
CMP608,Cart to Couch,Email,2023-02-06,2024-10-09,9892.8,3185.6,3172.8,492.112,1847.808,Suceava,45-54,Female,611,2.755,0.322,0.996,0.155
CMP609,Wishlist Wonders,Influencer Marketing,2023-02-26,2024-11-01,75227.2,60104.0,56713.6,6119.936,8622.048,Bacău,25-34,Female,614,0.409,0.799,0.944,0.108
CMP610,Wishlist Wonders,Email,2022-07-26,2024-04-13,6395.2,841.6,723.2,6591.936,12072.608,Bacău,35-44,Male,627,0.831,0.132,0.859,9.115
CMP611,Cart to Couch,Influencer Marketing,2023-01-29,2024-10-08,5278.4,3059.2,596.8,7612.944,24034.176,Târgu Mureș,18-24,Male,618,2.157,0.58,0.195,12.756
CMP612,Seasonal Steals,Influencer Marketing,2023-01-14,2024-09-22,70284.8,43523.2,11120.0,1035.36,3716.64,Târgu Mureș,25-34,Male,617,2.59,0.619,0.255,0.093
CMP613,Cart to Couch,Influencer Marketing,2022-08-07,2024-04-22,73761.6,25792.0,24803.2,4648.48,10043.952,Suceava,25-34,Male,624,1.161,0.35,0.962,0.187
CMP614,Deal of the Day,Influencer Marketing,2022-05-31,2024-02-02,16566.4,5376.0,1188.8,7623.68,19969.84,Suceava,18-24,Male,612,1.619,0.325,0.221,6.413
CMP615,Deal of the Day,Influencer Marketing,2022-06-21,2024-02-14,11435.2,752.0,144.0,4725.328,13056.16,Baia Mare,45-54,Male,603,1.763,0.066,0.191,32.815
CMP616,Shop & Share,Paid Ads,2023-01-02,2024-09-18,14152.0,7579.2,7424.0,6848.768,20385.6,Baia Mare,55+,Male,625,1.977,0.536,0.98,0.923
CMP617,Seasonal Steals,Social Media,2022-05-25,2024-02-06,50417.6,48544.0,38827.2,6603.376,18019.664,Baia Mare,45-54,Female,622,1.729,0.963,0.8,0.17
CMP618,Cart to Couch,Social Media,2022-11-15,2024-07-21,29324.8,11240.0,3873.6,2217.184,6623.024,Bacău,45-54,Male,614,1.987,0.383,0.345,0.572
CMP619,Cart to Couch,Email,2022-11-05,2024-07-01,53280.0,14371.2,9627.2,7992.704,22944.096,Târgu Mureș,55+,Female,604,1.871,0.27,0.67,0.83
CMP620,Flash Sale Frenzy,Influencer Marketing,2022-12-26,2024-08-18,43267.2,23708.8,6939.2,2028.688,3229.872,Galați,55+,Male,601,0.592,0.548,0.293,0.292
CMP621,Cart to Couch,Influencer Marketing,2023-02-15,2024-10-24,61040.0,21395.2,21392.0,2866.528,7534.4,Târgu Mureș,18-24,Male,617,1.628,0.351,1.0,0.134
CMP622,Wishlist Wonders,Paid Ads,2023-02-03,2024-09-30,27355.2,24390.4,6043.2,2654.688,4073.92,Suceava,18-24,Male,605,0.535,0.892,0.248,0.439
CMP623,Wishlist Wonders,Email,2022-11-07,2024-07-24,61400.0,14126.4,1406.4,4056.288,14281.152,Suceava,25-34,Female,625,2.521,0.23,0.1,2.884
CMP624,Wishlist Wonders,Paid Ads,2022-07-20,2024-04-03,66080.0,45185.6,17622.4,5524.592,12748.928,Bacău,18-24,Female,623,1.308,0.684,0.39,0.313
CMP625,Flash Sale Frenzy,Paid Ads,2022-06-11,2024-02-19,25992.0,13489.6,7430.4,1725.264,3232.48,Târgu Mureș,55+,Female,618,0.874,0.519,0.551,0.232
CMP626,Flash Sale Frenzy,Influencer Marketing,2022-12-12,2024-08-12,77516.8,32158.4,4406.4,3541.488,12685.616,Bacău,35-44,Male,609,2.582,0.415,0.137,0.804
CMP627,Flash Sale Frenzy,Influencer Marketing,2022-05-19,2024-01-29,65166.4,19340.8,4035.2,2040.0,6681.792,Galați,45-54,Male,620,2.275,0.297,0.209,0.506
CMP628,Seasonal Steals,Paid Ads,2022-09-03,2024-04-28,71761.6,39147.2,25500.8,2274.0,3706.592,Baia Mare,55+,Male,603,0.63,0.546,0.651,0.089
CMP629,Cart to Couch,Email,2022-10-16,2024-06-30,54220.8,44814.4,43588.8,7394.496,21912.592,Suceava,25-34,Female,623,1.963,0.827,0.973,0.17
CMP630,Shop & Share,Social Media,2022-10-01,2024-06-10,51761.6,32537.6,6310.4,7819.584,20090.864,Baia Mare,25-34,Male,618,1.569,0.629,0.194,1.239
CMP631,Shop & Share,Email,2022-10-17,2024-06-27,17262.4,5505.6,2284.8,3444.016,9100.288,Galați,55+,Male,619,1.642,0.319,0.415,1.507
CMP632,Seasonal Steals,Influencer Marketing,2023-01-01,2024-08-26,14865.6,12812.8,9662.4,4096.032,15717.824,Baia Mare,18-24,Female,603,2.837,0.862,0.754,0.424
CMP633,Seasonal Steals,Influencer Marketing,2023-02-28,2024-10-29,38851.2,15032.0,7126.4,5416.496,15555.92,Târgu Mureș,18-24,Male,609,1.872,0.387,0.474,0.76
CMP634,Wishlist Wonders,Paid Ads,2023-02-11,2024-10-26,34542.4,33427.2,5947.2,6491.168,9072.336,Bacău,25-34,Female,623,0.398,0.968,0.178,1.091
CMP635,Seasonal Steals,Influencer Marketing,2022-08-23,2024-05-14,30164.8,25083.2,19644.8,3813.152,12250.224,Bacău,55+,Female,630,2.213,0.832,0.783,0.194
CMP636,Flash Sale Frenzy,Email,2023-02-12,2024-10-19,34304.0,30297.6,1403.2,3539.328,5777.008,Galați,45-54,Female,615,0.632,0.883,0.046,2.522
CMP637,Flash Sale Frenzy,Paid Ads,2022-08-01,2024-03-31,48425.6,8689.6,5187.2,2440.8,8182.144,Suceava,35-44,Male,608,2.352,0.179,0.597,0.471
CMP638,Deal of the Day,Paid Ads,2022-05-11,2024-01-24,69713.6,64166.4,56886.4,6011.056,11669.264,Târgu Mureș,55+,Female,623,0.941,0.92,0.887,0.106
CMP639,Flash Sale Frenzy,Social Media,2022-11-06,2024-07-16,73529.6,46811.2,44409.6,221.152,792.48,Galați,18-24,Male,618,2.583,0.637,0.949,0.005
CMP640,Shop & Share,Paid Ads,2022-12-03,2024-08-13,2396.8,2118.4,24.0,6734.416,24683.776,Târgu Mureș,35-44,Male,619,2.665,0.884,0.011,280.601
CMP641,Seasonal Steals,Paid Ads,2022-11-12,2024-07-08,63214.4,47624.0,37088.0,6672.608,14139.744,Târgu Mureș,25-34,Female,604,1.119,0.753,0.779,0.18
CMP642,Cart to Couch,Social Media,2022-07-10,2024-03-18,5524.8,3953.6,286.4,3338.528,7653.152,Târgu Mureș,18-24,Female,617,1.292,0.716,0.072,11.657
CMP643,Flash Sale Frenzy,Paid Ads,2022-07-12,2024-03-05,44187.2,6260.8,3886.4,3945.728,6989.072,Târgu Mureș,25-34,Male,602,0.771,0.142,0.621,1.015
CMP644,Shop & Share,Influencer Marketing,2023-01-31,2024-10-07,67097.6,65304.0,1310.4,5953.136,10726.24,Baia Mare,35-44,Male,615,0.802,0.973,0.02,4.543
CMP645,Cart to Couch,Influencer Marketing,2022-12-27,2024-09-08,42292.8,3985.6,2275.2,5942.208,9443.504,Bacău,25-34,Male,621,0.589,0.094,0.571,2.612
CMP646,Wishlist Wonders,Email,2022-09-01,2024-05-18,55433.6,41224.0,29323.2,6865.936,21598.944,Galați,35-44,Male,625,2.146,0.744,0.711,0.234
CMP647,Flash Sale Frenzy,Email,2022-09-26,2024-06-04,62881.6,18958.4,8939.2,7683.92,13395.872,Târgu Mureș,55+,Male,617,0.743,0.301,0.472,0.86
CMP648,Flash Sale Frenzy,Paid Ads,2022-06-22,2024-02-27,10696.0,1635.2,425.6,2209.36,4492.128,Galați,18-24,Female,615,1.033,0.153,0.26,5.191
CMP649,Shop & Share,Email,2023-02-07,2024-10-16,16958.4,5902.4,1425.6,1836.192,2356.016,Suceava,35-44,Female,617,0.283,0.348,0.242,1.288
CMP650,Seasonal Steals,Paid Ads,2022-05-27,2024-01-23,5804.8,3148.8,2580.8,3167.952,11698.48,Bacău,18-24,Male,606,2.693,0.542,0.82,1.228
CMP651,Wishlist Wonders,Email,2022-08-10,2024-04-16,68132.8,65432.0,55328.0,1884.688,3536.048,Galați,55+,Male,615,0.876,0.96,0.846,0.034
CMP652,Shop & Share,Email,2022-06-15,2024-02-16,20270.4,9515.2,2657.6,1892.352,4825.424,Suceava,45-54,Male,611,1.55,0.469,0.279,0.712
CMP653,Seasonal Steals,Paid Ads,2022-06-21,2024-02-18,77198.4,14064.0,3728.0,5737.92,19601.568,Bacău,18-24,Male,607,2.416,0.182,0.265,1.539
CMP654,Wishlist Wonders,Social Media,2022-10-22,2024-06-15,60614.4,40940.8,26486.4,4317.584,11910.384,Suceava,25-34,Female,602,1.759,0.675,0.647,0.163
CMP655,Flash Sale Frenzy,Influencer Marketing,2022-07-25,2024-03-30,21785.6,3126.4,2952.0,3274.928,11451.92,Târgu Mureș,55+,Female,614,2.497,0.144,0.944,1.109
CMP656,Cart to Couch,Social Media,2022-10-21,2024-06-13,43844.8,19748.8,5017.6,6014.656,13354.544,Galați,25-34,Female,601,1.22,0.45,0.254,1.199
CMP657,Seasonal Steals,Email,2022-10-04,2024-06-23,72400.0,60358.4,14473.6,2053.344,6223.696,Târgu Mureș,55+,Male,628,2.031,0.834,0.24,0.142
CMP658,Shop & Share,Paid Ads,2022-12-29,2024-08-22,51108.8,42246.4,33972.8,5957.952,7985.504,Baia Mare,35-44,Male,602,0.34,0.827,0.804,0.175
CMP659,Shop & Share,Paid Ads,2023-03-04,2024-10-26,21150.4,3788.8,2203.2,3319.888,9403.536,Suceava,25-34,Male,602,1.832,0.179,0.582,1.507
CMP660,Deal of the Day,Social Media,2022-12-05,2024-08-23,54136.0,47766.4,18793.6,4852.688,6072.096,Bacău,25-34,Female,627,0.251,0.882,0.393,0.258
CMP661,Deal of the Day,Paid Ads,2022-08-26,2024-05-10,34953.6,12203.2,6764.8,4089.984,11009.008,Bacău,55+,Female,623,1.692,0.349,0.554,0.605
CMP662,Flash Sale Frenzy,Influencer Marketing,2022-06-16,2024-02-17,7448.0,3713.6,1654.4,3739.296,7828.688,Suceava,55+,Male,611,1.094,0.499,0.445,2.26
CMP663,Flash Sale Frenzy,Social Media,2022-08-21,2024-05-08,34537.6,31222.4,1366.4,4968.384,19810.592,Târgu Mureș,55+,Male,626,2.987,0.904,0.044,3.636
CMP664,Wishlist Wonders,Email,2022-12-21,2024-08-20,19566.4,2680.0,905.6,7401.456,28543.984,Suceava,18-24,Female,608,2.857,0.137,0.338,8.173
CMP665,Shop & Share,Social Media,2022-05-16,2024-01-16,49388.8,10993.6,3665.6,3129.376,6969.536,Galați,55+,Male,610,1.227,0.223,0.333,0.854
CMP666,Flash Sale Frenzy,Paid Ads,2022-05-11,2024-01-25,32315.2,11976.0,4345.6,3799.424,11068.448,Galați,35-44,Female,624,1.913,0.371,0.363,0.874
CMP667,Shop & Share,Influencer Marketing,2022-06-08,2024-02-27,63393.6,39188.8,14435.2,377.328,840.48,Baia Mare,55+,Female,629,1.227,0.618,0.368,0.026
CMP668,Wishlist Wonders,Social Media,2022-09-11,2024-05-09,38331.2,27116.8,17382.4,791.696,1704.48,Bacău,55+,Male,606,1.153,0.707,0.641,0.046
CMP669,Deal of the Day,Social Media,2022-05-28,2024-01-19,62363.2,52862.4,31248.0,1642.128,2115.696,Târgu Mureș,18-24,Male,601,0.288,0.848,0.591,0.053
CMP670,Flash Sale Frenzy,Email,2023-02-06,2024-10-02,24488.0,17064.0,4081.6,3132.88,8485.808,Bacău,45-54,Male,604,1.709,0.697,0.239,0.768
CMP671,Flash Sale Frenzy,Social Media,2022-10-17,2024-06-23,37521.6,8963.2,1848.0,5694.56,19232.416,Bacău,35-44,Male,615,2.377,0.239,0.206,3.081
CMP672,Deal of the Day,Influencer Marketing,2022-11-21,2024-08-08,25276.8,1628.8,832.0,7490.016,26603.824,Suceava,55+,Male,626,2.552,0.064,0.511,9.002
CMP673,Seasonal Steals,Paid Ads,2022-08-12,2024-04-13,24313.6,16984.0,2315.2,2787.392,10156.32,Baia Mare,45-54,Male,610,2.644,0.699,0.136,1.204
CMP674,Wishlist Wonders,Social Media,2022-12-12,2024-08-16,8166.4,5489.6,38.4,5244.336,14464.032,Galați,18-24,Female,613,1.758,0.672,0.007,136.571
CMP675,Cart to Couch,Influencer Marketing,2023-02-03,2024-09-30,20728.0,865.6,228.8,3053.712,4642.544,Bacău,25-34,Female,605,0.52,0.042,0.264,13.347
CMP676,Seasonal Steals,Email,2023-01-14,2024-09-12,37894.4,5422.4,3904.0,5093.024,13628.336,Suceava,35-44,Female,607,1.676,0.143,0.72,1.305
CMP677,Flash Sale Frenzy,Email,2022-10-01,2024-06-14,38384.0,5257.6,678.4,1725.152,4408.608,Suceava,18-24,Female,622,1.555,0.137,0.129,2.543
CMP678,Shop & Share,Influencer Marketing,2022-08-28,2024-05-02,56443.2,50526.4,12646.4,1853.776,3637.184,Târgu Mureș,35-44,Male,613,0.962,0.895,0.25,0.147
CMP679,Flash Sale Frenzy,Paid Ads,2022-10-12,2024-06-27,75171.2,46686.4,9260.8,4518.784,7788.304,Galați,18-24,Female,624,0.724,0.621,0.198,0.488
CMP680,Flash Sale Frenzy,Email,2022-08-05,2024-04-22,39497.6,19827.2,18955.2,5432.272,10544.432,Bacău,55+,Male,626,0.941,0.502,0.956,0.287
CMP681,Shop & Share,Influencer Marketing,2022-10-25,2024-07-03,32481.6,12680.0,4459.2,5403.024,12436.688,Galați,25-34,Male,617,1.302,0.39,0.352,1.212
CMP682,Shop & Share,Influencer Marketing,2022-11-05,2024-07-01,43793.6,34254.4,32907.2,6699.936,21416.576,Suceava,45-54,Male,604,2.197,0.782,0.961,0.204
CMP683,Shop & Share,Paid Ads,2022-08-13,2024-04-05,72291.2,61188.8,54300.8,6809.232,18899.36,Bacău,25-34,Male,601,1.776,0.846,0.887,0.125
CMP684,Wishlist Wonders,Influencer Marketing,2022-06-19,2024-03-01,2811.2,2388.8,1300.8,1930.608,7611.776,Târgu Mureș,25-34,Female,621,2.943,0.85,0.545,1.484
CMP685,Seasonal Steals,Influencer Marketing,2023-01-01,2024-09-09,13620.8,3747.2,1980.8,1858.416,3298.24,Târgu Mureș,25-34,Female,617,0.775,0.275,0.529,0.938
CMP686,Flash Sale Frenzy,Paid Ads,2022-09-22,2024-06-03,30872.0,22008.0,9499.2,1537.456,5888.272,Suceava,18-24,Male,620,2.83,0.713,0.432,0.162
CMP687,Wishlist Wonders,Social Media,2022-09-11,2024-05-30,13654.4,5564.8,3987.2,7366.192,25123.792,Bacău,45-54,Female,627,2.411,0.408,0.717,1.847
CMP688,Seasonal Steals,Social Media,2022-09-12,2024-05-15,38563.2,14676.8,12155.2,4094.048,9802.848,Bacău,45-54,Female,611,1.394,0.381,0.828,0.337
CMP689,Wishlist Wonders,Social Media,2022-08-29,2024-05-09,39614.4,1828.8,937.6,5578.4,13538.704,Suceava,45-54,Male,619,1.427,0.046,0.513,5.95
CMP690,Deal of the Day,Paid Ads,2022-08-30,2024-05-09,72331.2,976.0,968.0,7688.864,29328.896,Bacău,35-44,Male,618,2.814,0.013,0.992,7.943
CMP691,Flash Sale Frenzy,Influencer Marketing,2022-11-07,2024-07-03,18769.6,3457.6,580.8,5576.96,8043.184,Galați,25-34,Male,604,0.442,0.184,0.168,9.602
CMP692,Cart to Couch,Social Media,2022-07-04,2024-03-16,71667.2,64915.2,61804.8,6044.176,7626.464,Galați,35-44,Male,621,0.262,0.906,0.952,0.098
CMP693,Flash Sale Frenzy,Influencer Marketing,2022-12-13,2024-08-20,69164.8,16528.0,13206.4,2249.504,4321.552,Galați,25-34,Female,616,0.921,0.239,0.799,0.17
CMP694,Flash Sale Frenzy,Email,2022-12-01,2024-08-12,45580.8,33009.6,16236.8,2024.336,7244.624,Baia Mare,25-34,Female,620,2.579,0.724,0.492,0.125
CMP695,Shop & Share,Social Media,2022-10-24,2024-07-13,77334.4,66948.8,42627.2,2245.136,4110.56,Suceava,45-54,Female,628,0.831,0.866,0.637,0.053
CMP696,Flash Sale Frenzy,Paid Ads,2022-08-12,2024-04-04,62456.0,8467.2,963.2,1808.672,5600.784,Galați,18-24,Female,601,2.097,0.136,0.114,1.878
CMP697,Deal of the Day,Influencer Marketing,2022-08-02,2024-04-20,5286.4,2524.8,1747.2,4848.496,10990.704,Baia Mare,25-34,Male,627,1.267,0.478,0.692,2.775
CMP698,Shop & Share,Paid Ads,2022-07-18,2024-04-07,8780.8,8721.6,4145.6,6904.032,24939.168,Galați,18-24,Female,629,2.612,0.993,0.475,1.665
CMP699,Wishlist Wonders,Influencer Marketing,2022-11-26,2024-07-22,43384.0,36201.6,25153.6,4975.664,9126.24,Suceava,18-24,Male,604,0.834,0.834,0.695,0.198
CMP700,Cart to Couch,Social Media,2022-05-29,2024-02-01,27585.6,1219.2,214.4,7274.992,23478.464,Baia Mare,18-24,Female,613,2.227,0.044,0.176,33.932
CMP701,Flash Sale Frenzy,Email,2022-12-28,2024-08-24,23105.6,22436.8,14292.8,7796.48,27091.584,Baia Mare,35-44,Male,605,2.475,0.971,0.637,0.545
CMP702,Shop & Share,Social Media,2022-12-08,2024-08-17,3796.8,3737.6,174.4,1457.184,4379.472,Bacău,55+,Male,618,2.005,0.984,0.047,8.355
CMP703,Cart to Couch,Social Media,2022-09-18,2024-06-05,9123.2,3523.2,168.0,5098.496,10270.096,Bacău,18-24,Male,626,1.014,0.386,0.048,30.348
CMP704,Shop & Share,Email,2023-01-08,2024-09-15,34155.2,10380.8,4518.4,5995.344,13627.104,Galați,55+,Male,616,1.273,0.304,0.435,1.327
CMP705,Shop & Share,Influencer Marketing,2022-09-05,2024-05-03,57574.4,50769.6,40865.6,5792.08,15626.0,Suceava,45-54,Male,606,1.698,0.882,0.805,0.142
CMP706,Wishlist Wonders,Social Media,2022-11-24,2024-07-30,36195.2,24681.6,10238.4,4502.848,6460.624,Târgu Mureș,18-24,Male,614,0.435,0.682,0.415,0.44
CMP707,Flash Sale Frenzy,Email,2022-09-22,2024-06-07,41142.4,15064.0,13616.0,2293.408,3738.704,Baia Mare,55+,Male,624,0.63,0.366,0.904,0.168
CMP708,Seasonal Steals,Paid Ads,2022-06-08,2024-02-14,78433.6,44548.8,27342.4,3368.72,11349.68,Târgu Mureș,18-24,Male,616,2.369,0.568,0.614,0.123
CMP709,Seasonal Steals,Influencer Marketing,2022-11-28,2024-08-16,6785.6,4915.2,3579.2,3457.984,5472.48,Galați,18-24,Male,627,0.583,0.724,0.728,0.966
CMP710,Flash Sale Frenzy,Influencer Marketing,2022-12-09,2024-08-26,27177.6,17265.6,1470.4,3176.832,5303.248,Târgu Mureș,35-44,Male,626,0.669,0.635,0.085,2.161
CMP711,Flash Sale Frenzy,Paid Ads,2023-02-21,2024-10-19,28091.2,26657.6,10571.2,2399.264,4899.472,Suceava,35-44,Female,606,1.042,0.949,0.397,0.227
CMP712,Shop & Share,Social Media,2022-06-19,2024-02-14,57480.0,8856.0,121.6,7835.168,15062.496,Galați,45-54,Female,605,0.922,0.154,0.014,64.434
CMP713,Wishlist Wonders,Influencer Marketing,2023-01-25,2024-09-26,42059.2,20363.2,18462.4,2760.624,3680.384,Galați,25-34,Male,610,0.333,0.484,0.907,0.15
CMP714,Shop & Share,Paid Ads,2022-07-03,2024-03-17,34680.0,20190.4,5073.6,6217.44,11464.928,Bacău,25-34,Male,623,0.844,0.582,0.251,1.225
CMP715,Seasonal Steals,Social Media,2022-11-28,2024-08-16,11750.4,9566.4,7321.6,7606.944,19683.264,Baia Mare,18-24,Male,627,1.588,0.814,0.765,1.039
CMP716,Deal of the Day,Email,2023-02-09,2024-10-14,17462.4,1969.6,1107.2,6142.176,13403.36,Suceava,45-54,Male,613,1.182,0.113,0.562,5.547
CMP717,Deal of the Day,Paid Ads,2023-01-18,2024-09-28,43152.0,17740.8,6024.0,6685.376,17117.424,Târgu Mureș,25-34,Female,619,1.56,0.411,0.34,1.11
CMP718,Wishlist Wonders,Social Media,2022-12-01,2024-08-17,53473.6,10700.8,4091.2,7177.664,17213.488,Bacău,45-54,Male,625,1.398,0.2,0.382,1.754
CMP719,Flash Sale Frenzy,Paid Ads,2022-10-27,2024-07-04,30913.6,11536.0,4257.6,599.92,1508.48,Suceava,55+,Female,616,1.514,0.373,0.369,0.141
CMP720,Deal of the Day,Influencer Marketing,2022-07-05,2024-03-19,58168.0,36552.0,1177.6,2859.056,4578.144,Bacău,55+,Male,623,0.601,0.628,0.032,2.428
CMP721,Deal of the Day,Paid Ads,2022-08-28,2024-04-27,78409.6,27017.6,1334.4,1138.336,4211.472,Suceava,45-54,Male,608,2.7,0.345,0.049,0.853
CMP722,Wishlist Wonders,Email,2022-08-17,2024-04-15,5608.0,5174.4,2824.0,3411.856,9781.984,Târgu Mureș,55+,Male,607,1.867,0.923,0.546,1.208
CMP723,Cart to Couch,Social Media,2022-09-14,2024-05-13,63740.8,17675.2,9673.6,2560.832,3853.536,Suceava,55+,Male,607,0.505,0.277,0.547,0.265
CMP724,Cart to Couch,Influencer Marketing,2023-02-14,2024-10-09,76060.8,50080.0,41928.0,7612.576,24759.936,Suceava,45-54,Male,603,2.253,0.658,0.837,0.182
CMP725,Shop & Share,Email,2022-08-07,2024-03-31,33028.8,9313.6,9182.4,2305.44,3042.24,Baia Mare,25-34,Male,602,0.32,0.282,0.986,0.251
CMP726,Wishlist Wonders,Email,2022-12-24,2024-09-05,12673.6,11006.4,4809.6,1494.352,4680.336,Galați,25-34,Female,621,2.132,0.868,0.437,0.311
CMP727,Shop & Share,Influencer Marketing,2022-12-28,2024-08-30,60278.4,10195.2,7408.0,7752.208,30337.584,Bacău,55+,Female,611,2.913,0.169,0.727,1.046
CMP728,Cart to Couch,Email,2022-08-24,2024-05-10,20073.6,2190.4,1630.4,985.696,1350.64,Bacău,55+,Male,625,0.37,0.109,0.744,0.605
CMP729,Shop & Share,Email,2022-11-10,2024-07-25,8083.2,281.6,72.0,2476.272,8171.92,Baia Mare,45-54,Female,623,2.3,0.035,0.256,34.393
CMP730,Flash Sale Frenzy,Paid Ads,2023-01-16,2024-09-27,41782.4,6478.4,1547.2,7148.752,28472.848,Suceava,25-34,Male,620,2.983,0.155,0.239,4.62
CMP731,Deal of the Day,Social Media,2022-06-20,2024-02-27,6676.8,4121.6,1998.4,4126.496,10392.048,Galați,18-24,Male,617,1.518,0.617,0.485,2.065
CMP732,Deal of the Day,Influencer Marketing,2022-12-19,2024-09-03,79531.2,25417.6,12590.4,7578.432,27729.552,Galați,55+,Female,624,2.659,0.32,0.495,0.602
CMP733,Flash Sale Frenzy,Email,2022-09-14,2024-06-03,38760.0,13889.6,88.0,4448.72,15525.216,Galați,35-44,Female,628,2.49,0.358,0.006,50.554
CMP734,Shop & Share,Influencer Marketing,2022-06-12,2024-03-02,18830.4,2241.6,33.6,5410.224,13427.824,Suceava,55+,Male,629,1.482,0.119,0.015,161.019
CMP735,Flash Sale Frenzy,Social Media,2022-07-11,2024-03-21,3641.6,2174.4,422.4,4368.544,8932.528,Târgu Mureș,18-24,Male,619,1.045,0.597,0.194,10.342
CMP736,Wishlist Wonders,Email,2022-05-12,2024-01-21,1923.2,464.0,396.8,3150.976,9523.712,Suceava,25-34,Male,619,2.022,0.241,0.855,7.941
CMP737,Cart to Couch,Social Media,2022-11-18,2024-07-22,38587.2,26523.2,17787.2,4236.864,11295.568,Galați,35-44,Male,612,1.666,0.687,0.671,0.238
CMP738,Shop & Share,Social Media,2022-08-08,2024-04-04,70011.2,13760.0,8878.4,5728.784,10943.12,Suceava,25-34,Female,605,0.91,0.197,0.645,0.645
CMP739,Flash Sale Frenzy,Email,2022-09-19,2024-06-04,20411.2,6331.2,4734.4,3666.784,9891.664,Târgu Mureș,35-44,Male,624,1.698,0.31,0.748,0.774
CMP740,Deal of the Day,Influencer Marketing,2022-10-28,2024-07-11,26542.4,13459.2,7905.6,6133.36,9407.6,Galați,35-44,Male,622,0.534,0.507,0.587,0.776
CMP741,Flash Sale Frenzy,Social Media,2023-01-08,2024-09-07,36648.0,19868.8,12278.4,2650.432,6439.392,Galați,55+,Male,608,1.43,0.542,0.618,0.216
CMP742,Cart to Couch,Social Media,2022-06-12,2024-02-17,42004.8,30102.4,7044.8,7421.168,27182.0,Târgu Mureș,45-54,Male,615,2.663,0.717,0.234,1.053
CMP743,Flash Sale Frenzy,Social Media,2023-02-04,2024-10-09,13249.6,3073.6,1145.6,2014.656,3518.816,Suceava,45-54,Female,613,0.747,0.232,0.373,1.759
CMP744,Deal of the Day,Email,2022-10-21,2024-07-06,21219.2,17070.4,163.2,556.576,1283.136,Galați,18-24,Male,624,1.305,0.804,0.01,3.41
CMP745,Wishlist Wonders,Paid Ads,2023-03-04,2024-11-01,38038.4,30284.8,29563.2,904.832,3071.76,Bacău,35-44,Male,608,2.395,0.796,0.976,0.031
CMP746,Cart to Couch,Paid Ads,2022-10-06,2024-06-01,10400.0,4457.6,2336.0,7296.144,23946.704,Baia Mare,45-54,Male,604,2.282,0.429,0.524,3.123
CMP747,Wishlist Wonders,Influencer Marketing,2022-05-30,2024-01-27,42558.4,20224.0,7729.6,3200.704,10429.76,Galați,45-54,Male,607,2.259,0.475,0.382,0.414
CMP748,Flash Sale Frenzy,Email,2022-07-23,2024-04-13,36412.8,22016.0,13016.0,4564.336,16127.776,Bacău,25-34,Female,630,2.533,0.605,0.591,0.351
CMP749,Cart to Couch,Social Media,2023-01-10,2024-10-01,57777.6,22464.0,585.6,6009.232,14596.592,Suceava,18-24,Male,630,1.429,0.389,0.026,10.262
CMP750,Shop & Share,Social Media,2023-02-16,2024-10-09,67368.0,18027.2,9035.2,2980.224,6987.568,Bacău,18-24,Female,601,1.345,0.268,0.501,0.33
CMP751,Deal of the Day,Email,2022-08-07,2024-03-31,41998.4,34908.8,17638.4,3898.496,5912.64,Galați,55+,Male,602,0.517,0.831,0.505,0.221
CMP752,Shop & Share,Paid Ads,2023-03-02,2024-11-14,31716.8,26390.4,5870.4,5545.024,9620.112,Târgu Mureș,18-24,Male,623,0.735,0.832,0.222,0.945
CMP753,Wishlist Wonders,Email,2023-01-14,2024-09-08,65843.2,39230.4,37131.2,2185.76,5294.88,Bacău,55+,Male,603,1.422,0.596,0.946,0.059
CMP754,Deal of the Day,Email,2022-11-13,2024-07-18,62347.2,8028.8,22.4,6263.712,8486.48,Târgu Mureș,18-24,Male,613,0.355,0.129,0.003,279.63
CMP755,Wishlist Wonders,Influencer Marketing,2023-02-13,2024-10-09,33043.2,20632.0,5188.8,4923.808,17461.856,Suceava,35-44,Male,604,2.546,0.624,0.251,0.949
CMP756,Flash Sale Frenzy,Influencer Marketing,2022-08-12,2024-04-05,33062.4,6585.6,1478.4,6553.776,17503.008,Galați,55+,Male,602,1.671,0.199,0.224,4.433
CMP757,Seasonal Steals,Social Media,2022-07-31,2024-04-11,77702.4,39219.2,7404.8,569.312,1327.168,Galați,55+,Male,620,1.331,0.505,0.189,0.077
CMP758,Seasonal Steals,Email,2022-05-14,2024-01-30,4459.2,1304.0,558.4,7242.432,24307.824,Baia Mare,45-54,Female,626,2.356,0.292,0.428,12.97
CMP759,Seasonal Steals,Influencer Marketing,2022-08-08,2024-04-24,27494.4,10747.2,6796.8,7159.648,11606.48,Târgu Mureș,55+,Male,625,0.621,0.391,0.632,1.053
CMP760,Flash Sale Frenzy,Social Media,2022-10-22,2024-07-01,26604.8,15929.6,6086.4,6812.72,16504.848,Suceava,45-54,Male,618,1.423,0.599,0.382,1.119
CMP761,Cart to Couch,Paid Ads,2023-02-09,2024-10-16,19387.2,13275.2,2059.2,7784.08,26340.752,Târgu Mureș,55+,Female,615,2.384,0.685,0.155,3.78
CMP762,Flash Sale Frenzy,Influencer Marketing,2022-05-22,2024-02-07,74934.4,18833.6,17212.8,7182.384,10094.416,Suceava,45-54,Male,626,0.405,0.251,0.914,0.417
CMP763,Cart to Couch,Social Media,2023-02-10,2024-10-04,78713.6,54510.4,45865.6,2281.968,3903.12,Baia Mare,55+,Male,602,0.71,0.693,0.841,0.05
CMP764,Flash Sale Frenzy,Social Media,2022-07-11,2024-03-19,40393.6,15099.2,9185.6,3331.952,6275.12,Baia Mare,25-34,Female,617,0.883,0.374,0.608,0.363
CMP765,Shop & Share,Social Media,2022-06-11,2024-02-21,45585.6,8916.8,315.2,7627.152,14560.4,Suceava,35-44,Male,620,0.909,0.196,0.035,24.198
CMP766,Cart to Couch,Paid Ads,2022-10-17,2024-06-12,32033.6,1073.6,484.8,7633.68,22262.16,Bacău,45-54,Female,604,1.916,0.034,0.452,15.746
CMP767,Deal of the Day,Influencer Marketing,2022-06-14,2024-02-27,29814.4,18404.8,83.2,5304.704,12057.472,Târgu Mureș,35-44,Male,623,1.273,0.617,0.005,63.758
CMP768,Deal of the Day,Social Media,2022-09-02,2024-05-07,36104.0,3449.6,1569.6,7817.248,15435.872,Târgu Mureș,45-54,Male,613,0.975,0.096,0.455,4.98
CMP769,Cart to Couch,Influencer Marketing,2022-07-08,2024-03-27,12388.8,8729.6,4217.6,1055.76,2076.544,Târgu Mureș,45-54,Male,628,0.967,0.705,0.483,0.25
CMP770,Wishlist Wonders,Social Media,2022-06-20,2024-03-10,20443.2,11905.6,1024.0,1820.784,4006.72,Suceava,45-54,Male,629,1.201,0.582,0.086,1.778
CMP771,Cart to Couch,Email,2023-02-25,2024-11-10,69625.6,29470.4,27787.2,4444.56,9457.264,Bacău,18-24,Female,624,1.128,0.423,0.943,0.16
CMP772,Cart to Couch,Influencer Marketing,2022-12-05,2024-08-16,9160.0,2723.2,265.6,1300.144,4079.952,Târgu Mureș,55+,Female,620,2.138,0.297,0.098,4.895
CMP773,Deal of the Day,Influencer Marketing,2022-06-29,2024-03-12,38265.6,15352.0,7156.8,3292.384,6518.304,Galați,35-44,Male,622,0.98,0.401,0.466,0.46
CMP774,Deal of the Day,Social Media,2022-05-19,2024-01-27,76537.6,40769.6,21454.4,7712.944,15385.744,Suceava,45-54,Female,618,0.995,0.533,0.526,0.36
CMP775,Cart to Couch,Paid Ads,2022-05-24,2024-01-20,62812.8,33832.0,28640.0,5998.272,8060.864,Bacău,55+,Female,606,0.344,0.539,0.847,0.209
CMP776,Wishlist Wonders,Social Media,2022-08-27,2024-05-06,18152.0,8352.0,2353.6,5101.408,19792.48,Galați,45-54,Male,618,2.88,0.46,0.282,2.167
CMP777,Seasonal Steals,Social Media,2022-06-13,2024-02-25,27366.4,18342.4,17534.4,7120.256,21050.8,Suceava,45-54,Female,622,1.956,0.67,0.956,0.406
CMP778,Seasonal Steals,Email,2022-07-06,2024-03-20,54232.0,33707.2,29793.6,1456.672,3634.624,Galați,45-54,Female,623,1.495,0.622,0.884,0.049
CMP779,Seasonal Steals,Influencer Marketing,2022-07-12,2024-04-01,57664.0,47515.2,47408.0,7679.168,15735.616,Baia Mare,25-34,Male,629,1.049,0.824,0.998,0.162
CMP780,Shop & Share,Social Media,2022-07-24,2024-03-29,68550.4,22480.0,6676.8,1768.464,6623.504,Târgu Mureș,18-24,Male,614,2.745,0.328,0.297,0.265
CMP781,Shop & Share,Email,2022-10-18,2024-07-08,4017.6,611.2,600.0,2162.816,3938.704,Bacău,55+,Male,629,0.821,0.152,0.982,3.605
CMP782,Deal of the Day,Social Media,2022-10-29,2024-06-26,40769.6,4678.4,2457.6,1388.608,1815.104,Galați,25-34,Female,606,0.307,0.115,0.525,0.565
CMP783,Flash Sale Frenzy,Paid Ads,2022-07-08,2024-03-15,40521.6,30931.2,23302.4,2267.504,4672.992,Târgu Mureș,25-34,Male,616,1.061,0.763,0.753,0.097
CMP784,Cart to Couch,Influencer Marketing,2023-01-07,2024-09-24,7176.0,6595.2,1950.4,5111.28,7486.336,Târgu Mureș,35-44,Male,626,0.465,0.919,0.296,2.621
CMP785,Seasonal Steals,Social Media,2023-01-13,2024-09-14,2281.6,790.4,505.6,7838.448,18830.816,Târgu Mureș,55+,Male,610,1.402,0.346,0.64,15.503
CMP786,Wishlist Wonders,Paid Ads,2022-12-26,2024-08-30,40012.8,6720.0,664.0,6232.224,14050.992,Galați,45-54,Male,613,1.255,0.168,0.099,9.386
CMP787,Seasonal Steals,Paid Ads,2022-12-25,2024-09-03,29182.4,504.0,372.8,4867.84,11349.536,Baia Mare,45-54,Male,618,1.332,0.017,0.74,13.058
CMP788,Shop & Share,Social Media,2023-01-02,2024-09-06,12036.8,11430.4,4801.6,7838.784,24021.84,Târgu Mureș,45-54,Male,613,2.064,0.95,0.42,1.633
CMP789,Seasonal Steals,Social Media,2022-10-15,2024-06-13,72310.4,70876.8,40068.8,3616.0,4864.64,Suceava,35-44,Male,607,0.345,0.98,0.565,0.09
CMP790,Deal of the Day,Email,2022-05-23,2024-02-01,15377.6,10241.6,9502.4,2285.024,7491.184,Baia Mare,25-34,Male,619,2.278,0.666,0.928,0.24
CMP791,Wishlist Wonders,Email,2022-10-23,2024-07-04,68876.8,57577.6,3451.2,3789.776,5432.624,Bacău,35-44,Female,620,0.433,0.836,0.06,1.098
CMP792,Deal of the Day,Social Media,2022-06-21,2024-03-02,18083.2,1531.2,737.6,291.728,583.104,Baia Mare,55+,Female,620,0.999,0.085,0.482,0.396
CMP793,Seasonal Steals,Email,2022-09-30,2024-05-29,19230.4,2932.8,1316.8,3714.512,11088.4,Bacău,18-24,Male,607,1.985,0.153,0.449,2.821
CMP794,Cart to Couch,Email,2022-06-15,2024-02-27,70667.2,59484.8,40822.4,5932.512,17098.736,Bacău,45-54,Male,622,1.882,0.842,0.686,0.145
CMP795,Deal of the Day,Email,2022-08-07,2024-04-13,52204.8,3726.4,3304.0,3426.688,13127.216,Galați,45-54,Female,615,2.831,0.071,0.887,1.037
CMP796,Deal of the Day,Influencer Marketing,2022-10-13,2024-07-03,25401.6,14724.8,4044.8,1218.496,3897.296,Galați,45-54,Female,629,2.198,0.58,0.275,0.301
CMP797,Cart to Couch,Influencer Marketing,2022-09-21,2024-05-27,61952.0,36849.6,153.6,4822.512,8414.8,Galați,18-24,Male,614,0.745,0.595,0.004,31.397
CMP798,Shop & Share,Paid Ads,2022-10-28,2024-07-16,3398.4,865.6,467.2,3016.736,4440.272,Suceava,35-44,Male,627,0.472,0.255,0.54,6.457
CMP799,Wishlist Wonders,Influencer Marketing,2022-12-10,2024-08-07,46744.0,12020.8,5043.2,276.08,454.96,Târgu Mureș,55+,Male,606,0.648,0.257,0.42,0.055
CMP800,Deal of the Day,Email,2022-06-15,2024-03-03,35884.8,1836.8,1012.8,3212.768,5981.456,Baia Mare,25-34,Female,627,0.862,0.051,0.551,3.172
CMP801,Flash Sale Frenzy,Social Media,2022-07-22,2024-04-05,29980.8,27758.4,2563.2,3193.68,4146.112,Suceava,55+,Female,623,0.298,0.926,0.092,1.246
CMP802,Deal of the Day,Influencer Marketing,2022-06-27,2024-03-08,41924.8,22284.8,716.8,4810.192,10506.736,Baia Mare,35-44,Male,620,1.184,0.532,0.032,6.711
CMP803,Shop & Share,Email,2023-02-20,2024-10-30,57960.0,47531.2,17844.8,4840.464,8190.32,Suceava,45-54,Female,618,0.692,0.82,0.375,0.271
CMP804,Deal of the Day,Paid Ads,2022-11-26,2024-07-22,71390.4,34820.8,136.0,4412.128,17189.136,Suceava,35-44,Female,604,2.896,0.488,0.004,32.442
CMP805,Flash Sale Frenzy,Paid Ads,2022-11-21,2024-07-23,37070.4,10262.4,611.2,2936.912,7309.2,Galați,25-34,Female,610,1.489,0.277,0.06,4.805
CMP806,Seasonal Steals,Social Media,2022-11-19,2024-07-23,31902.4,12780.8,2254.4,7489.776,10210.176,Galați,45-54,Male,612,0.363,0.401,0.176,3.322
CMP807,Deal of the Day,Influencer Marketing,2022-06-30,2024-02-27,15635.2,1192.0,636.8,5956.48,9423.152,Bacău,45-54,Male,607,0.582,0.076,0.534,9.354
CMP808,Wishlist Wonders,Influencer Marketing,2022-05-23,2024-01-24,68316.8,39644.8,33323.2,2511.968,4654.992,Suceava,18-24,Male,611,0.853,0.58,0.841,0.075
CMP809,Cart to Couch,Paid Ads,2022-10-05,2024-06-14,55089.6,40065.6,2809.6,976.528,2831.728,Târgu Mureș,35-44,Male,618,1.9,0.727,0.07,0.348
CMP810,Cart to Couch,Influencer Marketing,2023-01-15,2024-09-27,48219.2,30609.6,11811.2,5745.008,15225.92,Baia Mare,35-44,Male,621,1.65,0.635,0.386,0.486
CMP811,Cart to Couch,Influencer Marketing,2022-06-05,2024-02-01,19932.8,11516.8,9078.4,2938.144,6449.168,Suceava,18-24,Female,606,1.195,0.578,0.788,0.324
CMP812,Cart to Couch,Influencer Marketing,2023-01-11,2024-09-03,65787.2,27601.6,25440.0,2224.704,5772.304,Baia Mare,25-34,Male,601,1.595,0.42,0.922,0.087
CMP813,Shop & Share,Influencer Marketing,2022-08-12,2024-04-24,60107.2,28500.8,10523.2,1000.336,1543.2,Târgu Mureș,35-44,Female,621,0.543,0.474,0.369,0.095
CMP814,Flash Sale Frenzy,Paid Ads,2022-11-03,2024-07-02,8454.4,5096.0,486.4,6871.248,9592.416,Bacău,55+,Male,607,0.396,0.603,0.095,14.127
CMP815,Seasonal Steals,Email,2022-05-23,2024-01-23,23619.2,8985.6,5715.2,3309.68,5187.232,Târgu Mureș,18-24,Male,610,0.567,0.38,0.636,0.579
CMP816,Deal of the Day,Email,2022-07-16,2024-03-31,69222.4,50801.6,10222.4,6855.44,23116.032,Suceava,35-44,Male,624,2.372,0.734,0.201,0.671
CMP817,Cart to Couch,Influencer Marketing,2022-06-14,2024-02-07,69852.8,62340.8,62064.0,6342.112,13597.312,Suceava,35-44,Female,603,1.144,0.892,0.996,0.102
CMP818,Flash Sale Frenzy,Influencer Marketing,2022-07-25,2024-04-01,64849.6,64811.2,11169.6,2509.968,5977.952,Bacău,55+,Female,616,1.382,0.999,0.172,0.225
CMP819,Seasonal Steals,Paid Ads,2022-08-11,2024-04-24,52958.4,41883.2,37916.8,1535.152,2840.368,Târgu Mureș,18-24,Male,622,0.85,0.791,0.905,0.04
CMP820,Cart to Couch,Social Media,2023-01-29,2024-10-03,48352.0,43364.8,40126.4,4466.592,7075.056,Baia Mare,35-44,Female,613,0.584,0.897,0.925,0.111
CMP821,Shop & Share,Paid Ads,2023-01-22,2024-10-02,38779.2,13376.0,8217.6,6265.568,22922.288,Baia Mare,35-44,Male,619,2.658,0.345,0.614,0.762
CMP822,Deal of the Day,Paid Ads,2022-06-14,2024-02-17,33435.2,12560.0,3124.8,2517.392,8250.128,Baia Mare,45-54,Male,613,2.277,0.376,0.249,0.806
CMP823,Flash Sale Frenzy,Social Media,2022-06-24,2024-03-10,36142.4,29339.2,17620.8,4664.224,11586.096,Galați,35-44,Male,625,1.484,0.812,0.601,0.265
CMP824,Seasonal Steals,Email,2023-02-26,2024-11-15,51742.4,13825.6,4144.0,6940.624,21143.472,Bacău,18-24,Male,628,2.046,0.267,0.3,1.675
CMP825,Flash Sale Frenzy,Social Media,2023-01-26,2024-09-19,9816.0,1937.6,1166.4,1475.568,5185.92,Baia Mare,35-44,Male,602,2.515,0.197,0.602,1.265
CMP826,Shop & Share,Social Media,2023-01-30,2024-09-28,49329.6,10414.4,862.4,4028.656,7578.16,Bacău,25-34,Male,607,0.881,0.211,0.083,4.671
CMP827,Shop & Share,Influencer Marketing,2022-09-13,2024-06-01,59564.8,53470.4,19892.8,1721.808,4897.792,Baia Mare,25-34,Male,627,1.845,0.898,0.372,0.087
CMP828,Seasonal Steals,Paid Ads,2023-02-28,2024-11-13,57934.4,43116.8,35584.0,3618.272,5776.528,Târgu Mureș,18-24,Male,624,0.596,0.744,0.825,0.102
CMP829,Shop & Share,Email,2022-08-03,2024-04-12,15259.2,5400.0,2238.4,3221.28,4740.24,Târgu Mureș,18-24,Male,618,0.472,0.354,0.415,1.439
CMP830,Shop & Share,Influencer Marketing,2022-07-14,2024-03-15,79547.2,41008.0,23940.8,7726.848,26044.704,Galați,18-24,Female,610,2.371,0.516,0.584,0.323
CMP831,Deal of the Day,Influencer Marketing,2022-11-11,2024-07-20,69576.0,2329.6,2308.8,5317.792,12666.544,Suceava,55+,Male,617,1.382,0.033,0.991,2.303
CMP832,Shop & Share,Social Media,2022-08-11,2024-04-20,37260.8,1747.2,843.2,7045.344,25314.032,Baia Mare,18-24,Male,618,2.593,0.047,0.483,8.355
CMP833,Shop & Share,Email,2022-06-16,2024-03-06,77289.6,51428.8,31556.8,2435.36,3449.6,Bacău,18-24,Female,629,0.416,0.665,0.614,0.077
CMP834,Deal of the Day,Email,2022-06-15,2024-02-25,57457.6,49086.4,45684.8,3368.848,5298.784,Bacău,25-34,Male,620,0.573,0.854,0.931,0.074
CMP835,Cart to Couch,Influencer Marketing,2022-11-10,2024-07-29,24784.0,10576.0,5427.2,657.968,1485.872,Suceava,45-54,Male,627,1.258,0.427,0.513,0.121
CMP836,Shop & Share,Paid Ads,2023-01-24,2024-10-06,26374.4,5380.8,3840.0,4946.256,7507.872,Bacău,55+,Male,621,0.518,0.204,0.714,1.288
CMP837,Shop & Share,Influencer Marketing,2022-09-09,2024-05-04,47936.0,27852.8,3894.4,3304.912,12242.032,Galați,35-44,Female,603,2.704,0.581,0.14,0.849
CMP838,Wishlist Wonders,Email,2022-06-13,2024-02-08,30928.0,16974.4,2456.0,707.376,1315.088,Baia Mare,18-24,Female,605,0.859,0.549,0.145,0.288
CMP839,Deal of the Day,Social Media,2022-06-23,2024-03-09,76873.6,29540.8,5769.6,3014.272,6954.784,Galați,18-24,Female,625,1.307,0.384,0.195,0.522
CMP840,Seasonal Steals,Social Media,2022-05-12,2024-01-29,7204.8,1355.2,403.2,5632.96,10993.008,Târgu Mureș,45-54,Male,627,0.952,0.188,0.298,13.971
CMP841,Cart to Couch,Social Media,2023-02-21,2024-10-16,46788.8,30422.4,4280.0,260.576,555.776,Târgu Mureș,35-44,Male,603,1.133,0.65,0.141,0.061
CMP842,Deal of the Day,Influencer Marketing,2022-11-09,2024-07-05,47657.6,22732.8,15324.8,5931.312,7324.576,Galați,35-44,Male,604,0.235,0.477,0.674,0.387
CMP843,Flash Sale Frenzy,Paid Ads,2023-01-24,2024-10-08,51848.0,19328.0,3945.6,4632.368,7432.512,Târgu Mureș,55+,Male,623,0.604,0.373,0.204,1.174
CMP844,Deal of the Day,Influencer Marketing,2022-10-22,2024-06-18,18419.2,10809.6,792.0,2720.944,9389.552,Târgu Mureș,35-44,Male,605,2.451,0.587,0.073,3.436
CMP845,Wishlist Wonders,Influencer Marketing,2022-07-24,2024-03-21,56867.2,52812.8,7715.2,232.832,743.664,Baia Mare,35-44,Male,606,2.194,0.929,0.146,0.03
CMP846,Deal of the Day,Influencer Marketing,2022-11-20,2024-07-25,33780.8,5326.4,4320.0,6299.056,16787.504,Târgu Mureș,35-44,Male,613,1.665,0.158,0.811,1.458
CMP847,Flash Sale Frenzy,Influencer Marketing,2022-11-05,2024-07-18,39164.8,8056.0,5361.6,537.6,1744.704,Bacău,55+,Male,621,2.245,0.206,0.666,0.1
CMP848,Deal of the Day,Influencer Marketing,2022-11-01,2024-07-06,15819.2,9755.2,4961.6,3540.24,10748.416,Bacău,35-44,Male,613,2.036,0.617,0.509,0.714
CMP849,Seasonal Steals,Influencer Marketing,2023-01-18,2024-09-13,8528.0,8249.6,2976.0,6164.48,15199.728,Suceava,55+,Male,604,1.466,0.967,0.361,2.071
CMP850,Seasonal Steals,Paid Ads,2022-10-08,2024-06-08,64244.8,31208.0,9633.6,4346.528,11950.688,Baia Mare,45-54,Male,609,1.749,0.486,0.309,0.451
CMP851,Cart to Couch,Social Media,2022-07-01,2024-03-08,2955.2,915.2,574.4,1349.984,2160.096,Târgu Mureș,55+,Male,616,0.6,0.31,0.628,2.35
CMP852,Deal of the Day,Social Media,2023-01-29,2024-09-25,26934.4,21772.8,19625.6,3544.368,8307.104,Suceava,45-54,Male,605,1.344,0.808,0.901,0.181
CMP853,Deal of the Day,Influencer Marketing,2022-09-09,2024-05-17,70646.4,30521.6,681.6,3513.616,9632.128,Bacău,25-34,Male,616,1.741,0.432,0.022,5.155
CMP854,Wishlist Wonders,Email,2022-07-05,2024-03-14,33587.2,25576.0,14324.8,5498.0,14459.712,Galați,45-54,Male,618,1.63,0.761,0.56,0.384
CMP855,Seasonal Steals,Paid Ads,2022-05-21,2024-01-14,66057.6,23148.8,363.2,3514.688,12246.8,Suceava,25-34,Female,603,2.484,0.35,0.016,9.677
CMP856,Wishlist Wonders,Email,2022-09-09,2024-05-24,32196.8,23459.2,1731.2,5680.64,10940.592,Galați,55+,Male,623,0.926,0.729,0.074,3.281
CMP857,Cart to Couch,Influencer Marketing,2022-07-09,2024-03-27,22403.2,19076.8,9539.2,3977.968,11821.968,Târgu Mureș,35-44,Female,627,1.972,0.852,0.5,0.417
CMP858,Deal of the Day,Social Media,2022-12-22,2024-09-07,44163.2,18724.8,13960.0,5607.28,8013.088,Galați,18-24,Male,625,0.429,0.424,0.746,0.402
CMP859,Seasonal Steals,Paid Ads,2022-06-13,2024-02-09,23601.6,5580.8,561.6,2549.392,9526.864,Bacău,55+,Female,606,2.737,0.236,0.101,4.54
CMP860,Wishlist Wonders,Influencer Marketing,2022-11-11,2024-07-12,67172.8,24398.4,24049.6,4478.928,8558.848,Galați,18-24,Male,609,0.911,0.363,0.986,0.186
CMP861,Shop & Share,Influencer Marketing,2022-08-01,2024-03-31,67419.2,4100.8,3265.6,173.968,341.472,Galați,55+,Male,608,0.963,0.061,0.796,0.053
CMP862,Flash Sale Frenzy,Email,2022-08-26,2024-05-15,26985.6,11988.8,3806.4,4667.104,13096.192,Suceava,45-54,Female,628,1.806,0.444,0.317,1.226
CMP863,Shop & Share,Paid Ads,2023-01-31,2024-09-28,63638.4,28224.0,23030.4,994.48,1255.008,Târgu Mureș,35-44,Male,606,0.262,0.444,0.816,0.043
CMP864,Cart to Couch,Social Media,2022-10-08,2024-06-21,46916.8,32843.2,25726.4,3221.52,9983.328,Târgu Mureș,25-34,Male,622,2.099,0.7,0.783,0.125
CMP865,Wishlist Wonders,Email,2022-12-02,2024-08-05,70089.6,8836.8,6555.2,6999.168,25960.512,Baia Mare,45-54,Male,612,2.709,0.126,0.742,1.068
CMP866,Wishlist Wonders,Email,2022-05-13,2024-01-07,18710.4,9992.0,1923.2,2604.272,4350.864,Târgu Mureș,45-54,Male,604,0.671,0.534,0.192,1.354
CMP867,Flash Sale Frenzy,Influencer Marketing,2022-09-06,2024-05-13,10030.4,5332.8,3089.6,7894.768,27576.528,Suceava,35-44,Male,615,2.493,0.532,0.579,2.555
CMP868,Seasonal Steals,Paid Ads,2022-10-19,2024-06-17,70022.4,47553.6,42571.2,1766.368,4557.648,Galați,25-34,Male,607,1.58,0.679,0.895,0.041
CMP869,Seasonal Steals,Social Media,2022-10-25,2024-07-04,50760.0,35459.2,26379.2,972.88,3752.416,Galați,18-24,Female,618,2.857,0.699,0.744,0.037
CMP870,Shop & Share,Paid Ads,2023-02-23,2024-10-19,61355.2,8329.6,6166.4,5349.76,13890.896,Baia Mare,18-24,Male,604,1.597,0.136,0.74,0.868
CMP871,Shop & Share,Influencer Marketing,2022-07-04,2024-02-29,60865.6,44700.8,30028.8,7514.096,17948.016,Baia Mare,18-24,Female,605,1.389,0.734,0.672,0.25
CMP872,Seasonal Steals,Influencer Marketing,2022-09-06,2024-05-25,32723.2,19692.8,9171.2,206.864,290.592,Târgu Mureș,25-34,Male,627,0.405,0.602,0.466,0.023
CMP873,Seasonal Steals,Email,2023-01-01,2024-08-25,20475.2,1641.6,1504.0,2546.944,3954.992,Galați,35-44,Male,602,0.553,0.08,0.916,1.693
CMP874,Cart to Couch,Influencer Marketing,2022-08-08,2024-04-07,31060.8,1756.8,1064.0,4573.584,16095.856,Târgu Mureș,45-54,Male,608,2.519,0.057,0.606,4.298
CMP875,Cart to Couch,Paid Ads,2022-09-21,2024-05-19,28120.0,2006.4,897.6,5209.504,17725.12,Galați,55+,Female,606,2.402,0.071,0.447,5.804
CMP876,Cart to Couch,Influencer Marketing,2023-02-19,2024-10-22,77278.4,63281.6,57947.2,7869.184,15696.464,Suceava,35-44,Female,611,0.995,0.819,0.916,0.136
CMP877,Wishlist Wonders,Social Media,2022-09-09,2024-05-14,44064.0,25227.2,5648.0,6861.552,18501.04,Târgu Mureș,55+,Male,613,1.696,0.573,0.224,1.215
CMP878,Seasonal Steals,Email,2022-10-21,2024-07-03,24744.0,20105.6,11134.4,5649.568,10042.768,Baia Mare,18-24,Male,621,0.778,0.813,0.554,0.507
CMP879,Deal of the Day,Email,2022-11-25,2024-07-23,55148.8,21950.4,15988.8,856.992,1526.272,Baia Mare,25-34,Female,606,0.781,0.398,0.728,0.054
CMP880,Deal of the Day,Paid Ads,2022-07-10,2024-03-31,23462.4,4643.2,2168.0,7434.384,16383.456,Galați,55+,Male,630,1.204,0.198,0.467,3.429
CMP881,Wishlist Wonders,Influencer Marketing,2022-12-04,2024-08-06,55092.8,40027.2,20627.2,3874.528,5021.392,Bacău,35-44,Female,611,0.296,0.727,0.515,0.188
CMP882,Deal of the Day,Email,2022-09-22,2024-06-02,49619.2,38940.8,18172.8,7399.872,16451.648,Baia Mare,18-24,Male,619,1.223,0.785,0.467,0.407
CMP883,Seasonal Steals,Social Media,2022-08-17,2024-04-15,64926.4,31467.2,25214.4,1152.56,3314.368,Bacău,55+,Male,607,1.876,0.485,0.801,0.046
CMP884,Cart to Couch,Social Media,2022-12-05,2024-08-12,41723.2,30560.0,1193.6,6652.896,9341.664,Baia Mare,35-44,Male,616,0.404,0.732,0.039,5.574
CMP885,Seasonal Steals,Influencer Marketing,2022-11-25,2024-08-11,48907.2,29627.2,29609.6,6494.32,22744.944,Suceava,45-54,Male,625,2.502,0.606,0.999,0.219
CMP886,Shop & Share,Influencer Marketing,2022-07-03,2024-03-12,46889.6,43622.4,31443.2,2031.536,7220.848,Suceava,35-44,Male,618,2.554,0.93,0.721,0.065
CMP887,Wishlist Wonders,Paid Ads,2022-11-03,2024-07-11,4443.2,1012.8,280.0,3290.0,5614.976,Suceava,45-54,Male,616,0.707,0.228,0.276,11.75
CMP888,Wishlist Wonders,Influencer Marketing,2023-02-13,2024-10-29,30724.8,9656.0,8366.4,5502.0,14684.368,Târgu Mureș,55+,Male,624,1.669,0.314,0.866,0.658
CMP889,Wishlist Wonders,Social Media,2022-09-23,2024-06-10,64235.2,23489.6,4536.0,961.168,1790.688,Baia Mare,35-44,Male,626,0.863,0.366,0.193,0.212
CMP890,Seasonal Steals,Email,2023-02-01,2024-10-01,9206.4,9132.8,6996.8,7851.024,17795.6,Târgu Mureș,55+,Male,608,1.267,0.992,0.766,1.122
CMP891,Deal of the Day,Email,2023-01-12,2024-09-08,12806.4,10742.4,3.2,7395.088,25683.728,Bacău,45-54,Female,605,2.473,0.839,0.0,2310.965
CMP892,Deal of the Day,Paid Ads,2022-12-22,2024-08-16,39728.0,12387.2,9355.2,2443.04,8753.952,Baia Mare,45-54,Male,603,2.583,0.312,0.755,0.261
CMP893,Deal of the Day,Email,2022-07-27,2024-03-20,8964.8,1182.4,228.8,6042.768,17824.24,Galați,25-34,Male,602,1.95,0.132,0.194,26.411
CMP894,Deal of the Day,Influencer Marketing,2022-10-24,2024-06-20,75297.6,25339.2,6724.8,1528.224,2930.0,Baia Mare,25-34,Female,605,0.917,0.337,0.265,0.227
CMP895,Seasonal Steals,Paid Ads,2022-11-21,2024-08-04,8905.6,5633.6,4094.4,6020.032,15268.752,Bacău,45-54,Female,622,1.536,0.633,0.727,1.47
CMP896,Shop & Share,Social Media,2023-01-14,2024-10-04,17748.8,13156.8,11166.4,7110.224,19861.584,Baia Mare,25-34,Male,629,1.793,0.741,0.849,0.637
CMP897,Wishlist Wonders,Social Media,2023-01-25,2024-10-03,61040.0,59059.2,33902.4,2774.352,6283.04,Baia Mare,45-54,Male,617,1.265,0.968,0.574,0.082
CMP898,Flash Sale Frenzy,Social Media,2022-05-17,2024-01-31,66475.2,36988.8,33891.2,1967.904,4724.048,Galați,25-34,Female,624,1.401,0.556,0.916,0.058
CMP899,Deal of the Day,Social Media,2022-12-18,2024-08-22,42156.8,26540.8,18339.2,4489.056,7028.64,Galați,45-54,Male,613,0.566,0.63,0.691,0.245
CMP900,Cart to Couch,Social Media,2022-08-29,2024-05-06,34304.0,6184.0,2590.4,5371.28,15394.608,Galați,55+,Female,616,1.866,0.18,0.419,2.074
CMP901,Flash Sale Frenzy,Social Media,2022-12-05,2024-08-14,32788.8,1889.6,1489.6,7360.384,13560.528,Târgu Mureș,35-44,Male,618,0.842,0.058,0.788,4.941
CMP902,Cart to Couch,Social Media,2022-10-24,2024-07-12,18913.6,16531.2,10545.6,6293.792,24550.592,Galați,55+,Female,627,2.901,0.874,0.638,0.597
CMP903,Deal of the Day,Influencer Marketing,2022-09-26,2024-05-20,32836.8,11364.8,11105.6,4135.504,11805.488,Bacău,55+,Male,602,1.855,0.346,0.977,0.372
CMP904,Wishlist Wonders,Email,2022-07-12,2024-03-30,55921.6,18728.0,17979.2,4954.048,17157.648,Târgu Mureș,45-54,Male,627,2.463,0.335,0.96,0.276
CMP905,Wishlist Wonders,Influencer Marketing,2022-08-26,2024-04-18,48190.4,44473.6,11492.8,6447.2,24470.256,Baia Mare,35-44,Female,601,2.795,0.923,0.258,0.561
CMP906,Flash Sale Frenzy,Email,2023-01-06,2024-09-18,46107.2,14272.0,7928.0,2358.48,5746.656,Baia Mare,55+,Male,621,1.437,0.31,0.555,0.297
CMP907,Flash Sale Frenzy,Paid Ads,2022-10-16,2024-06-27,8787.2,652.8,96.0,7470.16,26921.2,Bacău,55+,Male,620,2.604,0.074,0.147,77.814
CMP908,Flash Sale Frenzy,Influencer Marketing,2023-01-19,2024-10-03,2105.6,1628.8,494.4,2265.76,7626.112,Baia Mare,25-34,Male,623,2.366,0.774,0.304,4.583
CMP909,Cart to Couch,Social Media,2022-05-21,2024-01-20,27656.0,26580.8,2956.8,6949.28,14696.992,Târgu Mureș,55+,Male,609,1.115,0.961,0.111,2.35
CMP910,Deal of the Day,Influencer Marketing,2023-02-27,2024-11-12,79398.4,29177.6,3763.2,5860.896,21806.496,Baia Mare,18-24,Male,624,2.721,0.367,0.129,1.557
CMP911,Shop & Share,Influencer Marketing,2022-12-25,2024-09-02,20660.8,10627.2,7520.0,840.528,1043.632,Bacău,25-34,Male,617,0.242,0.514,0.708,0.112
CMP912,Wishlist Wonders,Influencer Marketing,2022-12-30,2024-09-05,35908.8,15724.8,9868.8,4545.824,17812.64,Baia Mare,45-54,Female,615,2.918,0.438,0.628,0.461
CMP913,Seasonal Steals,Email,2022-11-25,2024-07-30,7270.4,1520.0,457.6,6883.808,15454.032,Suceava,25-34,Female,613,1.245,0.209,0.301,15.043
CMP914,Seasonal Steals,Email,2022-07-01,2024-03-15,64009.6,54659.2,14366.4,693.888,2257.392,Baia Mare,18-24,Female,623,2.253,0.854,0.263,0.048
CMP915,Cart to Couch,Influencer Marketing,2022-07-16,2024-03-15,50228.8,22785.6,14857.6,3313.872,9247.04,Bacău,35-44,Female,608,1.79,0.454,0.652,0.223
CMP916,Wishlist Wonders,Email,2022-12-22,2024-09-04,41465.6,39689.6,9656.0,190.848,401.616,Târgu Mureș,55+,Female,622,1.104,0.957,0.243,0.02
CMP917,Wishlist Wonders,Email,2023-01-21,2024-10-07,45382.4,12152.0,8660.8,6139.296,22700.336,Galați,18-24,Male,625,2.698,0.268,0.713,0.709
CMP918,Shop & Share,Influencer Marketing,2022-07-23,2024-04-05,30440.0,12084.8,972.8,7789.408,26287.488,Suceava,55+,Male,622,2.375,0.397,0.08,8.007
CMP919,Shop & Share,Email,2022-05-20,2024-01-20,48129.6,32099.2,6107.2,2759.984,5471.52,Târgu Mureș,18-24,Female,610,0.982,0.667,0.19,0.452
CMP920,Seasonal Steals,Influencer Marketing,2023-01-15,2024-09-29,72051.2,18084.8,14664.0,5535.216,13295.168,Bacău,25-34,Female,623,1.402,0.251,0.811,0.377
CMP921,Seasonal Steals,Email,2023-01-10,2024-09-27,58889.6,21403.2,5526.4,6258.432,16335.424,Baia Mare,35-44,Female,626,1.61,0.363,0.258,1.132
CMP922,Flash Sale Frenzy,Social Media,2023-01-04,2024-09-11,71729.6,48076.8,33088.0,1804.992,2675.808,Baia Mare,25-34,Female,616,0.482,0.67,0.688,0.055
CMP923,Flash Sale Frenzy,Paid Ads,2022-07-18,2024-03-12,78761.6,25196.8,24704.0,5202.464,16080.48,Suceava,25-34,Female,603,2.091,0.32,0.98,0.211
CMP924,Deal of the Day,Paid Ads,2022-11-03,2024-06-26,23664.0,2217.6,1528.0,4392.384,16523.44,Baia Mare,35-44,Female,601,2.762,0.094,0.689,2.875
CMP925,Flash Sale Frenzy,Email,2022-10-30,2024-07-05,34518.4,27416.0,18328.0,5107.632,20375.12,Târgu Mureș,18-24,Male,614,2.989,0.794,0.669,0.279
CMP926,Flash Sale Frenzy,Paid Ads,2022-08-03,2024-04-16,77675.2,41776.0,32977.6,4730.576,13328.016,Baia Mare,35-44,Female,622,1.817,0.538,0.789,0.143
CMP927,Seasonal Steals,Social Media,2022-06-20,2024-03-06,65611.2,18484.8,11489.6,490.608,1619.568,Galați,35-44,Male,625,2.301,0.282,0.622,0.043
CMP928,Cart to Couch,Influencer Marketing,2022-08-27,2024-05-02,4972.8,2632.0,675.2,2933.664,10916.656,Suceava,18-24,Female,614,2.721,0.529,0.257,4.345
CMP929,Flash Sale Frenzy,Social Media,2022-08-20,2024-04-16,69555.2,46289.6,34592.0,417.6,983.296,Baia Mare,25-34,Female,605,1.355,0.666,0.747,0.012
CMP930,Wishlist Wonders,Paid Ads,2022-09-08,2024-05-18,32984.0,20812.8,5003.2,387.52,1536.096,Bacău,35-44,Male,618,2.964,0.631,0.24,0.077
CMP931,Flash Sale Frenzy,Influencer Marketing,2022-08-18,2024-04-28,9654.4,6916.8,3273.6,6539.568,26033.632,Baia Mare,45-54,Male,619,2.981,0.716,0.473,1.998
CMP932,Wishlist Wonders,Social Media,2022-12-21,2024-09-08,27624.0,17672.0,6840.0,4544.432,14630.624,Târgu Mureș,25-34,Female,627,2.219,0.64,0.387,0.664
CMP933,Cart to Couch,Email,2022-10-31,2024-06-23,25560.0,12142.4,11436.8,1554.576,2724.32,Târgu Mureș,45-54,Male,601,0.752,0.475,0.942,0.136
CMP934,Wishlist Wonders,Email,2022-09-08,2024-05-17,41176.0,33681.6,14948.8,417.952,546.064,Bacău,55+,Female,617,0.307,0.818,0.444,0.028
CMP935,Deal of the Day,Paid Ads,2022-05-26,2024-02-13,21172.8,15384.0,7676.8,5491.152,16631.536,Suceava,18-24,Male,628,2.029,0.727,0.499,0.715
CMP936,Deal of the Day,Paid Ads,2022-06-18,2024-03-03,16329.6,9174.4,9020.8,6950.032,12366.208,Baia Mare,55+,Male,624,0.779,0.562,0.983,0.77
CMP937,Wishlist Wonders,Influencer Marketing,2022-09-28,2024-05-22,73246.4,56176.0,40761.6,4049.28,15115.184,Târgu Mureș,35-44,Female,602,2.733,0.767,0.726,0.099
CMP938,Cart to Couch,Influencer Marketing,2022-12-28,2024-09-13,12364.8,2112.0,966.4,3444.736,9590.368,Târgu Mureș,35-44,Male,625,1.784,0.171,0.458,3.565
CMP939,Flash Sale Frenzy,Email,2022-05-12,2024-01-14,48596.8,45974.4,33622.4,7855.728,18487.552,Galați,45-54,Female,612,1.353,0.946,0.731,0.234
CMP940,Deal of the Day,Paid Ads,2022-07-06,2024-03-10,61166.4,22512.0,19131.2,3037.312,11149.984,Galați,18-24,Male,613,2.671,0.368,0.85,0.159
CMP941,Seasonal Steals,Social Media,2023-02-18,2024-10-24,56752.0,2185.6,1705.6,1749.184,4055.904,Suceava,45-54,Male,614,1.319,0.039,0.78,1.026
CMP942,Shop & Share,Paid Ads,2022-12-07,2024-08-12,71390.4,609.6,230.4,1031.872,2729.088,Suceava,45-54,Male,614,1.645,0.009,0.378,4.479
CMP943,Seasonal Steals,Paid Ads,2022-07-11,2024-03-22,51348.8,1075.2,934.4,1549.536,2052.512,Suceava,55+,Male,620,0.325,0.021,0.869,1.658
CMP944,Cart to Couch,Influencer Marketing,2022-12-26,2024-09-04,16649.6,2190.4,608.0,512.832,716.384,Suceava,45-54,Male,618,0.397,0.132,0.278,0.843
CMP945,Flash Sale Frenzy,Email,2022-12-22,2024-08-24,77718.4,11955.2,5833.6,5577.712,12643.456,Suceava,55+,Male,611,1.267,0.154,0.488,0.956
CMP946,Seasonal Steals,Email,2022-10-24,2024-06-22,56795.2,23476.8,19497.6,4906.384,9639.376,Galați,18-24,Male,607,0.965,0.413,0.831,0.252
CMP947,Shop & Share,Email,2023-01-06,2024-09-05,75592.0,26748.8,13617.6,2049.376,7990.352,Bacău,45-54,Male,608,2.899,0.354,0.509,0.15
CMP948,Flash Sale Frenzy,Email,2022-08-01,2024-03-29,15025.6,4067.2,862.4,4473.312,8671.12,Bacău,55+,Female,606,0.938,0.271,0.212,5.187
CMP949,Flash Sale Frenzy,Influencer Marketing,2023-02-28,2024-10-30,29240.0,5772.8,5430.4,4662.736,12544.816,Târgu Mureș,18-24,Male,610,1.69,0.197,0.941,0.859
CMP950,Seasonal Steals,Social Media,2022-06-27,2024-02-25,66588.8,20788.8,5908.8,3265.344,8635.248,Baia Mare,45-54,Male,608,1.645,0.312,0.284,0.553
CMP951,Deal of the Day,Influencer Marketing,2022-11-10,2024-07-28,47513.6,31219.2,19379.2,6537.456,14534.88,Galați,45-54,Female,626,1.223,0.657,0.621,0.337
CMP952,Flash Sale Frenzy,Influencer Marketing,2023-01-29,2024-09-26,5982.4,5084.8,1620.8,631.824,1263.856,Galați,25-34,Female,606,1.0,0.85,0.319,0.39
CMP953,Cart to Couch,Paid Ads,2022-12-05,2024-08-16,79004.8,47764.8,36078.4,7402.512,23855.296,Suceava,25-34,Male,620,2.223,0.605,0.755,0.205
CMP954,Cart to Couch,Paid Ads,2022-07-30,2024-03-25,68718.4,27768.0,1041.6,3810.752,7172.992,Suceava,18-24,Male,604,0.882,0.404,0.038,3.659
CMP955,Deal of the Day,Social Media,2022-06-13,2024-03-03,59396.8,1393.6,256.0,2631.248,9269.12,Târgu Mureș,25-34,Male,629,2.523,0.023,0.184,10.278
CMP956,Cart to Couch,Social Media,2023-01-01,2024-09-20,63716.8,61574.4,54054.4,5082.288,20187.456,Târgu Mureș,35-44,Male,628,2.972,0.966,0.878,0.094
CMP957,Cart to Couch,Influencer Marketing,2022-08-14,2024-04-16,64265.6,44209.6,27672.0,7652.416,13624.976,Baia Mare,25-34,Male,611,0.78,0.688,0.626,0.277
CMP958,Flash Sale Frenzy,Paid Ads,2022-07-24,2024-04-09,65680.0,12952.0,11299.2,3819.184,7774.016,Baia Mare,25-34,Female,625,1.036,0.197,0.872,0.338
CMP959,Seasonal Steals,Social Media,2022-06-09,2024-02-13,62872.0,18400.0,9955.2,343.056,1204.208,Baia Mare,35-44,Female,614,2.51,0.293,0.541,0.034
CMP960,Seasonal Steals,Influencer Marketing,2023-01-03,2024-09-07,64720.0,62073.6,20440.0,4091.248,7822.608,Baia Mare,25-34,Male,613,0.912,0.959,0.329,0.2
CMP961,Shop & Share,Influencer Marketing,2022-06-06,2024-02-24,50878.4,48564.8,30019.2,6306.384,15927.024,Baia Mare,45-54,Male,628,1.526,0.955,0.618,0.21
CMP962,Flash Sale Frenzy,Influencer Marketing,2022-07-24,2024-04-06,66852.8,1969.6,406.4,623.68,2009.28,Târgu Mureș,55+,Female,622,2.222,0.029,0.206,1.535
CMP963,Deal of the Day,Paid Ads,2022-12-10,2024-08-07,77171.2,58131.2,36521.6,7131.792,24179.44,Bacău,55+,Female,606,2.39,0.753,0.628,0.195
CMP964,Flash Sale Frenzy,Paid Ads,2022-05-12,2024-01-12,43588.8,27297.6,12003.2,3432.672,4364.112,Baia Mare,35-44,Male,610,0.271,0.626,0.44,0.286
CMP965,Seasonal Steals,Social Media,2023-02-11,2024-10-22,4080.0,2640.0,1848.0,1876.096,2817.568,Târgu Mureș,25-34,Male,619,0.502,0.647,0.7,1.015
CMP966,Seasonal Steals,Social Media,2022-08-05,2024-04-17,68049.6,42416.0,21067.2,6682.304,22678.048,Bacău,55+,Male,621,2.394,0.623,0.497,0.317
CMP967,Flash Sale Frenzy,Paid Ads,2022-11-27,2024-08-14,76928.0,20099.2,3897.6,5313.952,7781.76,Bacău,18-24,Female,626,0.464,0.261,0.194,1.363
CMP968,Deal of the Day,Influencer Marketing,2022-08-28,2024-04-28,45643.2,37369.6,23243.2,2472.512,7432.432,Târgu Mureș,45-54,Male,609,2.006,0.819,0.622,0.106
CMP969,Shop & Share,Social Media,2022-11-13,2024-07-14,36467.2,12724.8,11395.2,6042.752,20963.68,Baia Mare,45-54,Male,609,2.469,0.349,0.896,0.53
CMP970,Deal of the Day,Social Media,2023-02-23,2024-11-03,56728.0,47633.6,18164.8,5907.408,15555.568,Galați,18-24,Male,619,1.633,0.84,0.381,0.325
CMP971,Flash Sale Frenzy,Social Media,2022-08-26,2024-05-10,38577.6,3238.4,996.8,1111.68,2183.456,Bacău,45-54,Male,623,0.964,0.084,0.308,1.115
CMP972,Wishlist Wonders,Email,2023-01-23,2024-09-23,41798.4,38152.0,7230.4,2197.008,3283.344,Târgu Mureș,55+,Female,609,0.494,0.913,0.19,0.304
CMP973,Wishlist Wonders,Influencer Marketing,2022-07-11,2024-04-01,78662.4,28644.8,25883.2,4870.16,14415.072,Târgu Mureș,25-34,Male,630,1.96,0.364,0.904,0.188
CMP974,Seasonal Steals,Social Media,2022-05-19,2024-01-17,40995.2,36528.0,27236.8,2787.28,4683.392,Baia Mare,18-24,Male,608,0.68,0.891,0.746,0.102
CMP975,Deal of the Day,Social Media,2022-07-05,2024-03-26,35206.4,6704.0,3918.4,305.52,531.776,Suceava,18-24,Male,630,0.741,0.19,0.584,0.078
CMP976,Deal of the Day,Email,2023-01-21,2024-10-02,17201.6,9659.2,8150.4,6093.424,20586.064,Bacău,25-34,Male,620,2.378,0.562,0.844,0.748
CMP977,Wishlist Wonders,Paid Ads,2022-11-20,2024-07-13,57865.6,46460.8,25561.6,983.12,2064.144,Galați,25-34,Male,601,1.1,0.803,0.55,0.038
CMP978,Shop & Share,Social Media,2022-10-24,2024-07-15,67422.4,24214.4,18657.6,4900.32,11642.464,Bacău,25-34,Female,630,1.376,0.359,0.771,0.263
CMP979,Cart to Couch,Social Media,2022-08-16,2024-04-16,16915.2,16036.8,2601.6,2466.688,5767.92,Baia Mare,18-24,Male,609,1.338,0.948,0.162,0.948
CMP980,Wishlist Wonders,Social Media,2022-08-21,2024-04-22,47982.4,47209.6,7193.6,3607.648,11327.136,Bacău,25-34,Male,610,2.14,0.984,0.152,0.502
CMP981,Wishlist Wonders,Email,2022-08-06,2024-04-27,16705.6,1779.2,144.0,3053.792,9074.4,Galați,25-34,Male,630,1.972,0.107,0.081,21.207
CMP982,Shop & Share,Email,2022-10-05,2024-06-09,12772.8,5086.4,4408.0,1629.984,3532.4,Baia Mare,18-24,Male,613,1.167,0.398,0.867,0.37
CMP983,Flash Sale Frenzy,Social Media,2022-11-20,2024-08-03,61187.2,52648.0,51252.8,2427.104,4672.144,Târgu Mureș,25-34,Female,622,0.925,0.86,0.973,0.047
CMP984,Shop & Share,Influencer Marketing,2022-07-29,2024-04-12,24211.2,10649.6,1163.2,3126.288,7473.552,Baia Mare,45-54,Female,623,1.391,0.44,0.109,2.688
CMP985,Wishlist Wonders,Social Media,2022-05-27,2024-01-23,60700.8,54923.2,21844.8,7472.672,27816.336,Suceava,25-34,Male,606,2.722,0.905,0.398,0.342
CMP986,Shop & Share,Influencer Marketing,2022-08-14,2024-05-01,39945.6,20953.6,7904.0,3043.104,11485.664,Baia Mare,45-54,Male,626,2.774,0.525,0.377,0.385
CMP987,Cart to Couch,Social Media,2022-07-23,2024-03-19,33809.6,24587.2,8318.4,1401.776,1973.808,Suceava,45-54,Male,605,0.408,0.727,0.338,0.169
CMP988,Shop & Share,Paid Ads,2022-12-06,2024-08-07,45096.0,31545.6,26513.6,3713.328,14692.672,Suceava,55+,Female,610,2.957,0.7,0.84,0.14
CMP989,Wishlist Wonders,Paid Ads,2022-11-22,2024-07-21,72124.8,58737.6,31792.0,4623.68,13659.712,Baia Mare,35-44,Male,607,1.954,0.814,0.541,0.145
CMP990,Flash Sale Frenzy,Paid Ads,2022-08-06,2024-04-21,39561.6,7616.0,3804.8,1395.28,2515.12,Baia Mare,18-24,Male,624,0.803,0.193,0.5,0.367
CMP991,Flash Sale Frenzy,Influencer Marketing,2022-05-22,2024-01-29,35641.6,34942.4,28425.6,2861.888,9734.464,Galați,18-24,Male,617,2.401,0.98,0.813,0.101
CMP992,Flash Sale Frenzy,Email,2023-01-10,2024-09-26,34953.6,22059.2,1777.6,2991.008,9339.856,Târgu Mureș,45-54,Female,625,2.123,0.631,0.081,1.683
CMP993,Flash Sale Frenzy,Paid Ads,2022-06-08,2024-02-02,63240.0,24950.4,8353.6,7672.352,24524.848,Galați,35-44,Female,604,2.197,0.395,0.335,0.918
CMP994,Cart to Couch,Email,2022-08-10,2024-04-21,11158.4,7892.8,5251.2,2976.992,7296.304,Târgu Mureș,35-44,Female,620,1.451,0.707,0.665,0.567
CMP995,Seasonal Steals,Email,2022-06-30,2024-02-28,63576.0,28724.8,947.2,2849.664,9186.016,Târgu Mureș,55+,Male,608,2.224,0.452,0.033,3.009
CMP996,Cart to Couch,Social Media,2022-11-14,2024-07-18,12412.8,8326.4,7569.6,3751.52,6125.264,Bacău,25-34,Male,612,0.633,0.671,0.909,0.496
CMP997,Shop & Share,Paid Ads,2022-12-23,2024-08-17,8524.8,531.2,384.0,7536.592,13921.68,Suceava,25-34,Male,603,0.847,0.062,0.723,19.627
CMP998,Deal of the Day,Influencer Marketing,2023-02-05,2024-10-16,41552.0,40816.0,16340.8,2519.904,4979.936,Târgu Mureș,55+,Female,619,0.976,0.982,0.4,0.154
CMP999,Flash Sale Frenzy,Paid Ads,2022-09-09,2024-05-24,54254.4,3395.2,972.8,4183.616,7469.392,Baia Mare,45-54,Male,623,0.785,0.063,0.287,4.301
CMP1000,Seasonal Steals,Paid Ads,2022-12-06,2024-08-09,50904.0,5796.8,633.6,1667.712,2299.92,Târgu Mureș,55+,Male,612,0.379,0.114,0.109,2.632
CMP1001,Shop & Share,Email,2022-10-13,2024-06-09,5635.2,1334.4,1137.6,775.68,3059.872,Bacău,45-54,Male,605,2.945,0.237,0.853,0.682
CMP1002,Cart to Couch,Paid Ads,2022-11-03,2024-07-08,53360.0,13934.4,6169.6,4807.328,18430.976,Bacău,35-44,Male,613,2.834,0.261,0.443,0.779
CMP1003,Flash Sale Frenzy,Paid Ads,2023-01-16,2024-09-24,20716.8,15374.4,4035.2,1688.288,4524.448,Baia Mare,25-34,Female,617,1.68,0.742,0.262,0.418
CMP1004,Cart to Couch,Influencer Marketing,2022-06-01,2024-01-23,55547.2,51289.6,24812.8,4545.2,13659.408,Bacău,18-24,Male,601,2.005,0.923,0.484,0.183
CMP1005,Shop & Share,Email,2022-12-01,2024-08-14,14873.6,4480.0,3529.6,4864.8,16498.352,Bacău,45-54,Male,622,2.391,0.301,0.788,1.378
CMP1006,Wishlist Wonders,Paid Ads,2023-01-13,2024-09-15,36112.0,23009.6,13638.4,2936.4,8987.776,Târgu Mureș,45-54,Male,611,2.061,0.637,0.593,0.215
CMP1007,Cart to Couch,Social Media,2022-12-01,2024-08-10,58308.8,1267.2,1144.0,1473.776,5871.616,Bacău,25-34,Male,618,2.984,0.022,0.903,1.288
CMP1008,Shop & Share,Influencer Marketing,2022-11-30,2024-08-09,71401.6,30844.8,5289.6,2170.4,4623.728,Suceava,25-34,Male,618,1.13,0.432,0.171,0.41
CMP1009,Cart to Couch,Paid Ads,2023-01-04,2024-09-11,10844.8,4739.2,4318.4,7129.104,14789.328,Galați,55+,Male,616,1.075,0.437,0.911,1.651
CMP1010,Cart to Couch,Paid Ads,2022-12-01,2024-08-17,7854.4,1491.2,6.4,1884.352,3162.112,Galați,45-54,Female,625,0.678,0.19,0.004,294.43
CMP1011,Cart to Couch,Paid Ads,2022-07-15,2024-04-04,64689.6,61350.4,20267.2,419.44,892.528,Târgu Mureș,35-44,Male,629,1.128,0.948,0.33,0.021
CMP1012,Cart to Couch,Paid Ads,2023-03-05,2024-11-11,36945.6,14752.0,2774.4,2876.032,9063.744,Târgu Mureș,45-54,Male,617,2.151,0.399,0.188,1.037
CMP1013,Wishlist Wonders,Email,2023-02-05,2024-10-05,49683.2,10979.2,8180.8,616.784,2432.496,Bacău,55+,Male,608,2.944,0.221,0.745,0.075
CMP1014,Shop & Share,Social Media,2022-11-01,2024-07-13,13428.8,1497.6,550.4,4523.552,13765.472,Baia Mare,55+,Male,620,2.043,0.112,0.368,8.219
CMP1015,Seasonal Steals,Influencer Marketing,2022-08-26,2024-05-06,15278.4,10254.4,6812.8,1819.664,7032.176,Bacău,55+,Male,619,2.865,0.671,0.664,0.267
CMP1016,Shop & Share,Paid Ads,2022-10-12,2024-06-15,25171.2,16889.6,2944.0,6382.32,8403.968,Suceava,35-44,Female,612,0.317,0.671,0.174,2.168
CMP1017,Deal of the Day,Email,2023-03-02,2024-11-01,58496.0,52862.4,8070.4,1263.328,3433.072,Galați,55+,Male,610,1.717,0.904,0.153,0.157
CMP1018,Shop & Share,Email,2022-07-28,2024-03-24,6022.4,2726.4,1073.6,6272.08,14560.048,Târgu Mureș,18-24,Female,605,1.321,0.453,0.394,5.842
CMP1019,Cart to Couch,Email,2022-12-08,2024-08-14,14985.6,9966.4,681.6,5093.984,10823.696,Galați,18-24,Male,615,1.125,0.665,0.068,7.474
CMP1020,Shop & Share,Influencer Marketing,2022-10-23,2024-07-10,2163.2,619.2,284.8,1669.856,6674.624,Suceava,25-34,Female,626,2.997,0.286,0.46,5.863
CMP1021,Cart to Couch,Paid Ads,2022-12-22,2024-08-30,16355.2,3748.8,1332.8,6507.408,23523.328,Galați,55+,Female,617,2.615,0.229,0.356,4.883
CMP1022,Flash Sale Frenzy,Influencer Marketing,2022-09-09,2024-05-17,10910.4,8755.2,1425.6,5247.792,11830.72,Baia Mare,25-34,Female,616,1.254,0.802,0.163,3.681
CMP1023,Wishlist Wonders,Email,2022-09-07,2024-05-16,71686.4,3321.6,2188.8,2997.184,4761.072,Târgu Mureș,45-54,Male,617,0.589,0.046,0.659,1.369
CMP1024,Seasonal Steals,Paid Ads,2022-09-05,2024-05-15,35864.0,35796.8,26936.0,6669.728,8805.52,Bacău,35-44,Male,618,0.32,0.998,0.752,0.248
CMP1025,Shop & Share,Paid Ads,2022-11-29,2024-08-19,23627.2,14953.6,5136.0,2625.68,3321.232,Suceava,45-54,Female,629,0.265,0.633,0.343,0.511
CMP1026,Wishlist Wonders,Influencer Marketing,2023-01-21,2024-10-02,48430.4,33712.0,5516.8,4611.664,16278.768,Baia Mare,25-34,Female,620,2.53,0.696,0.164,0.836
CMP1027,Cart to Couch,Paid Ads,2023-02-14,2024-10-17,76963.2,64147.2,21828.8,5695.28,12624.736,Suceava,18-24,Male,611,1.217,0.833,0.34,0.261
CMP1028,Deal of the Day,Influencer Marketing,2022-08-04,2024-03-28,53105.6,42360.0,38012.8,5501.84,17608.544,Galați,45-54,Female,602,2.2,0.798,0.897,0.145
CMP1029,Shop & Share,Email,2023-01-27,2024-10-04,31614.4,18313.6,10409.6,630.208,2143.488,Baia Mare,18-24,Male,616,2.401,0.579,0.568,0.061
CMP1030,Seasonal Steals,Influencer Marketing,2022-11-27,2024-08-03,42400.0,18737.6,16139.2,1836.8,2712.8,Suceava,45-54,Male,615,0.477,0.442,0.861,0.114
CMP1031,Seasonal Steals,Social Media,2022-07-19,2024-03-14,43772.8,29051.2,1364.8,1744.32,5052.256,Galați,18-24,Male,604,1.896,0.664,0.047,1.278
CMP1032,Shop & Share,Paid Ads,2022-09-02,2024-05-18,70460.8,25934.4,21633.6,1474.624,5615.696,Suceava,55+,Female,624,2.808,0.368,0.834,0.068
CMP1033,Deal of the Day,Email,2022-10-27,2024-06-26,28619.2,21419.2,7937.6,1046.096,2276.24,Târgu Mureș,35-44,Female,608,1.176,0.748,0.371,0.132
CMP1034,Deal of the Day,Social Media,2022-12-29,2024-09-08,27515.2,27086.4,356.8,4890.576,15314.896,Galați,25-34,Male,619,2.132,0.984,0.013,13.707
CMP1035,Seasonal Steals,Email,2022-05-11,2024-01-29,66118.4,46544.0,35721.6,7695.024,14986.352,Suceava,35-44,Male,628,0.948,0.704,0.767,0.215
CMP1036,Deal of the Day,Social Media,2022-12-14,2024-08-11,73212.8,32147.2,5452.8,6795.312,10637.024,Baia Mare,55+,Male,606,0.565,0.439,0.17,1.246
CMP1037,Wishlist Wonders,Paid Ads,2022-06-25,2024-02-26,54872.0,14075.2,1092.8,6094.048,16701.52,Suceava,45-54,Female,611,1.741,0.257,0.078,5.577
CMP1038,Wishlist Wonders,Influencer Marketing,2022-08-17,2024-04-24,40881.6,4609.6,3284.8,4409.312,12939.328,Suceava,45-54,Female,616,1.935,0.113,0.713,1.342
CMP1039,Cart to Couch,Influencer Marketing,2022-10-06,2024-05-30,29440.0,18460.8,7224.0,1808.24,2714.048,Baia Mare,45-54,Male,602,0.501,0.627,0.391,0.25
CMP1040,Wishlist Wonders,Email,2022-12-28,2024-09-17,19190.4,14910.4,10158.4,3619.472,12565.552,Târgu Mureș,45-54,Male,629,2.472,0.777,0.681,0.356
CMP1041,Deal of the Day,Email,2022-10-26,2024-07-08,72441.6,36862.4,15816.0,1569.312,5346.08,Bacău,18-24,Male,621,2.407,0.509,0.429,0.099
CMP1042,Wishlist Wonders,Influencer Marketing,2022-10-07,2024-06-04,68022.4,12633.6,4168.0,1677.968,3927.712,Suceava,18-24,Male,606,1.341,0.186,0.33,0.403
CMP1043,Cart to Couch,Email,2022-11-10,2024-07-17,33374.4,23208.0,8262.4,3326.384,8537.248,Baia Mare,35-44,Male,615,1.567,0.695,0.356,0.403
CMP1044,Flash Sale Frenzy,Email,2022-11-13,2024-07-13,26587.2,21438.4,3478.4,2883.264,3976.432,Baia Mare,55+,Female,608,0.379,0.806,0.162,0.829
CMP1045,Seasonal Steals,Influencer Marketing,2022-11-06,2024-07-21,72876.8,53488.0,39390.4,6600.88,14403.248,Baia Mare,18-24,Male,623,1.182,0.734,0.736,0.168
CMP1046,Wishlist Wonders,Email,2022-06-07,2024-01-29,7006.4,3158.4,2534.4,4399.6,8514.224,Baia Mare,25-34,Male,601,0.935,0.451,0.802,1.736
CMP1047,Seasonal Steals,Social Media,2022-08-30,2024-05-15,76286.4,50638.4,39886.4,217.04,764.032,Baia Mare,55+,Female,624,2.52,0.664,0.788,0.005
CMP1048,Deal of the Day,Social Media,2022-12-02,2024-07-28,60579.2,44712.0,30123.2,6987.392,11356.24,Galați,45-54,Female,604,0.625,0.738,0.674,0.232
CMP1049,Wishlist Wonders,Paid Ads,2022-07-06,2024-03-14,9377.6,1916.8,432.0,6154.016,16907.936,Suceava,25-34,Male,617,1.747,0.204,0.225,14.245
CMP1050,Wishlist Wonders,Influencer Marketing,2023-02-17,2024-10-10,20131.2,18416.0,5390.4,1388.368,4514.224,Bacău,18-24,Male,601,2.251,0.915,0.293,0.258
CMP1051,Cart to Couch,Email,2023-01-16,2024-09-11,79641.6,49016.0,23929.6,379.312,573.584,Baia Mare,25-34,Male,604,0.512,0.615,0.488,0.016
CMP1052,Deal of the Day,Email,2023-01-21,2024-09-16,67230.4,44344.0,17006.4,5705.04,9124.4,Bacău,18-24,Female,604,0.599,0.66,0.384,0.335
CMP1053,Cart to Couch,Email,2022-10-21,2024-07-11,68542.4,60745.6,30692.8,5175.184,20458.784,Galați,45-54,Male,629,2.953,0.886,0.505,0.169
CMP1054,Seasonal Steals,Social Media,2022-12-23,2024-09-06,31054.4,4054.4,3700.8,1055.584,3805.6,Suceava,55+,Male,623,2.605,0.131,0.913,0.285
CMP1055,Cart to Couch,Paid Ads,2022-05-14,2024-01-25,45561.6,16216.0,3328.0,4759.776,6799.312,Bacău,45-54,Male,621,0.428,0.356,0.205,1.43
CMP1056,Wishlist Wonders,Influencer Marketing,2022-07-26,2024-04-06,11081.6,3952.0,257.6,1161.344,3772.16,Galați,45-54,Male,620,2.248,0.357,0.065,4.508
CMP1057,Seasonal Steals,Social Media,2023-01-24,2024-09-30,66374.4,29100.8,304.0,2514.368,5917.68,Galați,18-24,Male,615,1.354,0.438,0.01,8.271
CMP1058,Cart to Couch,Email,2022-10-21,2024-07-02,47729.6,46825.6,12374.4,3709.472,5300.32,Baia Mare,18-24,Male,620,0.429,0.981,0.264,0.3
CMP1059,Wishlist Wonders,Email,2023-02-21,2024-10-27,17152.0,13699.2,2664.0,2244.656,4644.432,Galați,35-44,Male,614,1.069,0.799,0.194,0.843
CMP1060,Flash Sale Frenzy,Email,2022-12-22,2024-08-25,76014.4,32417.6,28806.4,4115.824,6067.232,Baia Mare,35-44,Male,612,0.474,0.426,0.889,0.143
CMP1061,Flash Sale Frenzy,Email,2022-11-06,2024-07-20,53878.4,24083.2,10963.2,1202.752,3123.456,Târgu Mureș,55+,Male,622,1.597,0.447,0.455,0.11
CMP1062,Shop & Share,Influencer Marketing,2022-11-13,2024-07-22,2924.8,2208.0,24.0,7345.952,12941.056,Baia Mare,25-34,Male,617,0.762,0.755,0.011,306.081
CMP1063,Flash Sale Frenzy,Social Media,2022-06-03,2024-02-10,2635.2,2580.8,2286.4,4163.44,15581.84,Baia Mare,35-44,Male,617,2.743,0.979,0.886,1.821
CMP1064,Deal of the Day,Influencer Marketing,2022-08-12,2024-04-24,24302.4,1256.0,745.6,3027.584,8897.408,Târgu Mureș,35-44,Female,621,1.939,0.052,0.594,4.061
CMP1065,Deal of the Day,Influencer Marketing,2023-01-11,2024-09-07,3932.8,2824.0,92.8,7153.264,22454.384,Bacău,35-44,Male,605,2.139,0.718,0.033,77.083
CMP1066,Flash Sale Frenzy,Email,2022-11-27,2024-08-06,78347.2,25238.4,18932.8,3149.968,6778.336,Galați,25-34,Female,618,1.152,0.322,0.75,0.166
CMP1067,Cart to Couch,Social Media,2022-12-17,2024-09-04,37534.4,32056.0,20273.6,5085.36,9127.104,Suceava,55+,Male,627,0.795,0.854,0.632,0.251
CMP1068,Wishlist Wonders,Influencer Marketing,2022-07-04,2024-03-05,70755.2,34366.4,3923.2,627.12,1145.024,Baia Mare,25-34,Female,610,0.826,0.486,0.114,0.16
CMP1069,Seasonal Steals,Paid Ads,2022-11-28,2024-08-17,18464.0,15083.2,9116.8,575.856,2141.584,Suceava,35-44,Male,628,2.719,0.817,0.604,0.063
CMP1070,Deal of the Day,Social Media,2022-09-03,2024-05-03,15617.6,7710.4,7081.6,3675.136,6854.608,Baia Mare,18-24,Male,608,0.865,0.494,0.918,0.519
CMP1071,Cart to Couch,Email,2023-01-01,2024-09-19,60580.8,19980.8,6395.2,5312.384,17893.04,Baia Mare,55+,Male,627,2.368,0.33,0.32,0.831
CMP1072,Cart to Couch,Social Media,2023-02-23,2024-10-19,51867.2,21608.0,3891.2,6942.72,18143.36,Baia Mare,45-54,Male,604,1.613,0.417,0.18,1.784
CMP1073,Shop & Share,Social Media,2022-09-01,2024-05-22,47652.8,11334.4,6867.2,6700.832,19421.168,Bacău,25-34,Female,629,1.898,0.238,0.606,0.976
CMP1074,Flash Sale Frenzy,Email,2022-10-05,2024-06-21,15153.6,2992.0,795.2,480.096,1328.512,Baia Mare,25-34,Female,625,1.767,0.197,0.266,0.604
CMP1075,Cart to Couch,Social Media,2023-03-02,2024-11-20,57073.6,18272.0,3148.8,5120.016,12012.832,Galați,25-34,Male,629,1.346,0.32,0.172,1.626
CMP1076,Cart to Couch,Social Media,2022-07-19,2024-03-27,9750.4,4729.6,3224.0,3645.072,13489.888,Baia Mare,55+,Female,617,2.701,0.485,0.682,1.131
CMP1077,Wishlist Wonders,Influencer Marketing,2022-07-04,2024-02-27,19123.2,15089.6,11083.2,6122.848,15679.616,Bacău,18-24,Female,603,1.561,0.789,0.734,0.552
CMP1078,Cart to Couch,Social Media,2023-02-05,2024-10-26,59030.4,32483.2,13068.8,3028.576,11599.152,Galați,18-24,Male,629,2.83,0.55,0.402,0.232
CMP1079,Deal of the Day,Email,2023-03-05,2024-10-28,46224.0,8225.6,2187.2,7958.224,19829.712,Galați,45-54,Female,603,1.492,0.178,0.266,3.639
CMP1080,Shop & Share,Social Media,2022-07-15,2024-03-12,3164.8,3089.6,2187.2,2737.952,3696.624,Suceava,35-44,Male,606,0.35,0.976,0.708,1.252
CMP1081,Cart to Couch,Email,2023-01-14,2024-09-29,13292.8,11876.8,2008.0,448.0,1771.024,Baia Mare,18-24,Female,624,2.953,0.893,0.169,0.223
CMP1082,Seasonal Steals,Email,2023-01-10,2024-09-12,44499.2,4952.0,504.0,1344.624,3800.864,Baia Mare,35-44,Female,611,1.827,0.111,0.102,2.668
CMP1083,Shop & Share,Email,2023-01-20,2024-09-27,13028.8,6673.6,884.8,6124.976,20333.456,Baia Mare,25-34,Male,616,2.32,0.512,0.133,6.922
CMP1084,Shop & Share,Paid Ads,2022-12-09,2024-08-07,67456.0,32796.8,11963.2,2563.744,6111.296,Baia Mare,18-24,Male,607,1.384,0.486,0.365,0.214
CMP1085,Deal of the Day,Social Media,2022-12-15,2024-09-05,62404.8,41939.2,41648.0,7721.712,12783.488,Baia Mare,25-34,Male,630,0.656,0.672,0.993,0.185
CMP1086,Cart to Couch,Influencer Marketing,2023-02-21,2024-10-22,57316.8,49825.6,7155.2,5952.752,7959.968,Baia Mare,25-34,Female,609,0.337,0.869,0.144,0.832
CMP1087,Seasonal Steals,Influencer Marketing,2022-11-01,2024-07-01,37374.4,25963.2,19364.8,949.104,2249.584,Suceava,45-54,Female,608,1.37,0.695,0.746,0.049
CMP1088,Flash Sale Frenzy,Email,2023-02-11,2024-10-24,42593.6,35921.6,7334.4,615.344,1936.416,Baia Mare,18-24,Male,621,2.147,0.843,0.204,0.084
CMP1089,Flash Sale Frenzy,Social Media,2023-02-16,2024-10-25,20004.8,17036.8,4443.2,3919.888,12787.408,Târgu Mureș,55+,Male,617,2.262,0.852,0.261,0.882
CMP1090,Cart to Couch,Paid Ads,2023-02-18,2024-10-24,42561.6,41548.8,29774.4,3757.632,10839.152,Bacău,35-44,Male,614,1.885,0.976,0.717,0.126
CMP1091,Seasonal Steals,Email,2022-11-30,2024-08-06,20891.2,18043.2,9612.8,537.952,1482.064,Bacău,35-44,Female,615,1.755,0.864,0.533,0.056
CMP1092,Deal of the Day,Influencer Marketing,2022-09-08,2024-05-19,22073.6,18561.6,2860.8,7826.72,9640.208,Suceava,18-24,Male,619,0.232,0.841,0.154,2.736
CMP1093,Flash Sale Frenzy,Paid Ads,2022-06-16,2024-02-23,43376.0,427.2,12.8,916.896,2511.872,Baia Mare,35-44,Female,617,1.74,0.01,0.03,71.632
CMP1094,Seasonal Steals,Social Media,2022-10-07,2024-06-04,13300.8,12614.4,6144.0,815.056,1755.52,Târgu Mureș,55+,Female,606,1.154,0.948,0.487,0.133
CMP1095,Cart to Couch,Email,2022-09-25,2024-06-07,11936.0,4676.8,2841.6,6560.352,18211.936,Galați,45-54,Female,621,1.776,0.392,0.608,2.309
CMP1096,Cart to Couch,Influencer Marketing,2022-07-07,2024-03-15,74964.8,40460.8,21012.8,4649.424,17986.224,Baia Mare,35-44,Female,617,2.868,0.54,0.519,0.221
CMP1097,Cart to Couch,Social Media,2022-08-15,2024-04-15,74500.8,55768.0,22699.2,5764.56,9440.112,Suceava,25-34,Female,609,0.638,0.749,0.407,0.254
CMP1098,Shop & Share,Social Media,2022-08-19,2024-05-10,33840.0,26552.0,17494.4,6288.048,24471.872,Târgu Mureș,25-34,Female,630,2.892,0.785,0.659,0.359
CMP1099,Deal of the Day,Influencer Marketing,2022-09-02,2024-05-14,43438.4,42588.8,4032.0,910.816,1743.488,Galați,55+,Female,620,0.914,0.98,0.095,0.226
CMP1100,Seasonal Steals,Email,2022-10-11,2024-06-10,46112.0,3200.0,1139.2,4415.76,16234.4,Suceava,25-34,Female,608,2.676,0.069,0.356,3.876
CMP1101,Deal of the Day,Email,2022-06-14,2024-02-06,27752.0,17224.0,4193.6,6056.288,10785.296,Târgu Mureș,55+,Female,602,0.781,0.621,0.243,1.444
CMP1102,Wishlist Wonders,Email,2022-09-13,2024-05-29,12435.2,1659.2,1392.0,4913.44,10386.912,Bacău,18-24,Female,624,1.114,0.133,0.839,3.53
CMP1103,Seasonal Steals,Paid Ads,2022-07-22,2024-04-12,39310.4,11857.6,7116.8,4833.936,17180.16,Târgu Mureș,45-54,Female,630,2.554,0.302,0.6,0.679
CMP1104,Deal of the Day,Paid Ads,2022-05-11,2024-01-14,45225.6,43222.4,9048.0,5580.096,12900.144,Suceava,18-24,Female,613,1.312,0.956,0.209,0.617
CMP1105,Shop & Share,Influencer Marketing,2023-02-27,2024-10-31,47128.0,37840.0,23852.8,3392.064,12316.576,Bacău,45-54,Male,612,2.631,0.803,0.63,0.142
CMP1106,Flash Sale Frenzy,Paid Ads,2022-07-18,2024-04-03,76937.6,30947.2,24328.0,6798.576,19398.768,Suceava,25-34,Female,625,1.853,0.402,0.786,0.279
CMP1107,Cart to Couch,Social Media,2022-06-24,2024-03-01,28782.4,2011.2,884.8,1724.32,6304.176,Bacău,25-34,Male,616,2.656,0.07,0.44,1.949
CMP1108,Shop & Share,Email,2022-07-21,2024-03-16,9897.6,8092.8,3449.6,4809.2,18186.72,Galați,18-24,Male,604,2.782,0.818,0.426,1.394
CMP1109,Deal of the Day,Email,2022-12-24,2024-08-19,12235.2,10756.8,5481.6,5531.344,20998.544,Galați,55+,Female,604,2.796,0.879,0.51,1.009
CMP1110,Deal of the Day,Paid Ads,2022-10-25,2024-06-19,30195.2,22448.0,1188.8,1928.224,5181.952,Târgu Mureș,55+,Male,603,1.687,0.743,0.053,1.622
CMP1111,Flash Sale Frenzy,Influencer Marketing,2022-08-14,2024-05-01,39702.4,27963.2,19150.4,1992.72,5747.664,Galați,35-44,Female,626,1.884,0.704,0.685,0.104
CMP1112,Shop & Share,Paid Ads,2022-08-15,2024-04-26,4270.4,2278.4,1139.2,2614.624,10365.744,Galați,25-34,Female,620,2.965,0.534,0.5,2.295
CMP1113,Wishlist Wonders,Email,2022-09-07,2024-05-11,11233.6,620.8,601.6,6850.944,25547.088,Galați,55+,Female,612,2.729,0.055,0.969,11.388
CMP1114,Flash Sale Frenzy,Email,2023-02-16,2024-10-25,71260.8,5640.0,3518.4,4022.352,12134.8,Suceava,35-44,Female,617,2.017,0.079,0.624,1.143
CMP1115,Wishlist Wonders,Paid Ads,2022-11-19,2024-08-10,29060.8,5259.2,793.6,2724.512,9580.432,Bacău,35-44,Female,630,2.516,0.181,0.151,3.433
CMP1116,Cart to Couch,Social Media,2023-01-30,2024-09-28,76793.6,20875.2,14270.4,4051.376,15380.448,Târgu Mureș,18-24,Female,607,2.796,0.272,0.684,0.284
CMP1117,Cart to Couch,Email,2022-07-05,2024-03-23,58700.8,32440.0,14907.2,4762.944,9170.064,Târgu Mureș,45-54,Male,627,0.925,0.553,0.46,0.32
CMP1118,Wishlist Wonders,Social Media,2022-06-27,2024-03-05,33665.6,25153.6,24222.4,7376.432,24800.704,Suceava,18-24,Female,617,2.362,0.747,0.963,0.305
CMP1119,Cart to Couch,Email,2022-09-21,2024-06-03,22292.8,7953.6,710.4,6609.456,14385.904,Bacău,45-54,Female,621,1.177,0.357,0.089,9.304
CMP1120,Flash Sale Frenzy,Paid Ads,2022-08-13,2024-04-10,1872.0,720.0,312.0,7413.232,8975.632,Baia Mare,35-44,Female,606,0.211,0.385,0.433,23.76
CMP1121,Shop & Share,Social Media,2022-07-28,2024-04-06,58529.6,32809.6,13632.0,6754.192,21173.728,Bacău,45-54,Female,618,2.135,0.561,0.415,0.495
CMP1122,Wishlist Wonders,Paid Ads,2022-10-01,2024-05-28,30795.2,10710.4,2865.6,1466.832,3075.648,Târgu Mureș,55+,Male,605,1.097,0.348,0.268,0.512
CMP1123,Shop & Share,Email,2022-11-07,2024-06-30,24851.2,9049.6,2803.2,3226.096,4313.936,Baia Mare,18-24,Female,601,0.337,0.364,0.31,1.151
CMP1124,Deal of the Day,Influencer Marketing,2022-10-03,2024-06-01,71929.6,40915.2,21105.6,3896.208,5435.456,Târgu Mureș,18-24,Male,607,0.395,0.569,0.516,0.185
CMP1125,Wishlist Wonders,Paid Ads,2022-07-28,2024-03-23,31388.8,30726.4,29468.8,3549.696,5398.336,Târgu Mureș,35-44,Male,604,0.521,0.979,0.959,0.12
CMP1126,Cart to Couch,Influencer Marketing,2022-12-08,2024-08-20,2516.8,2512.0,816.0,5078.336,9717.616,Suceava,45-54,Female,621,0.914,0.998,0.325,6.223
CMP1127,Cart to Couch,Paid Ads,2022-05-22,2024-01-30,18609.6,14702.4,1332.8,614.064,912.368,Târgu Mureș,35-44,Female,618,0.486,0.79,0.091,0.461
CMP1128,Deal of the Day,Influencer Marketing,2022-05-20,2024-01-22,76385.6,3795.2,756.8,4155.76,4987.568,Suceava,35-44,Female,612,0.2,0.05,0.199,5.491
CMP1129,Seasonal Steals,Email,2022-08-06,2024-04-22,11185.6,2662.4,2198.4,2826.816,5732.24,Galați,25-34,Male,625,1.028,0.238,0.826,1.286
CMP1130,Cart to Couch,Social Media,2022-12-31,2024-09-04,11217.6,5590.4,4900.8,5336.736,17139.92,Târgu Mureș,18-24,Female,613,2.212,0.498,0.877,1.089
CMP1131,Flash Sale Frenzy,Email,2022-05-27,2024-01-20,70985.6,36587.2,14828.8,6979.568,8500.24,Târgu Mureș,18-24,Male,603,0.218,0.515,0.405,0.471
CMP1132,Deal of the Day,Email,2023-02-27,2024-10-31,38448.0,7963.2,7056.0,320.208,640.24,Târgu Mureș,25-34,Female,612,0.999,0.207,0.886,0.045
CMP1133,Deal of the Day,Social Media,2022-07-12,2024-03-19,66500.8,48235.2,13905.6,5179.36,15055.824,Baia Mare,25-34,Female,616,1.907,0.725,0.288,0.372
CMP1134,Seasonal Steals,Influencer Marketing,2023-01-08,2024-09-21,60590.4,11220.8,2585.6,1175.792,4456.368,Bacău,18-24,Female,622,2.79,0.185,0.23,0.455
CMP1135,Flash Sale Frenzy,Email,2023-01-11,2024-09-14,35097.6,24424.0,2304.0,3796.688,6193.44,Galați,55+,Female,612,0.631,0.696,0.094,1.648
CMP1136,Shop & Share,Social Media,2022-06-30,2024-03-12,12363.2,5864.0,3662.4,3698.768,8255.328,Bacău,45-54,Male,621,1.232,0.474,0.625,1.01
CMP1137,Deal of the Day,Influencer Marketing,2023-02-24,2024-11-11,73436.8,29355.2,15539.2,1471.392,4743.584,Galați,35-44,Female,626,2.224,0.4,0.529,0.095
CMP1138,Cart to Couch,Influencer Marketing,2023-02-11,2024-10-23,75825.6,9809.6,5478.4,4073.616,15881.936,Suceava,18-24,Male,620,2.899,0.129,0.558,0.744
CMP1139,Deal of the Day,Social Media,2022-10-25,2024-06-24,25014.4,1403.2,462.4,5725.104,20173.808,Bacău,35-44,Male,608,2.524,0.056,0.33,12.381
CMP1140,Wishlist Wonders,Influencer Marketing,2022-10-28,2024-07-18,7345.6,6537.6,5457.6,5527.84,8957.024,Târgu Mureș,18-24,Female,629,0.62,0.89,0.835,1.013
CMP1141,Deal of the Day,Social Media,2022-09-20,2024-05-16,6134.4,3001.6,1737.6,1602.224,4026.16,Galați,18-24,Female,604,1.513,0.489,0.579,0.922
CMP1142,Deal of the Day,Email,2022-10-15,2024-06-28,60172.8,50553.6,21224.0,6091.408,17870.512,Suceava,18-24,Male,622,1.934,0.84,0.42,0.287
CMP1143,Cart to Couch,Paid Ads,2022-06-12,2024-02-16,76046.4,42115.2,39124.8,5523.712,11384.672,Bacău,35-44,Male,614,1.061,0.554,0.929,0.141
CMP1144,Flash Sale Frenzy,Social Media,2022-12-18,2024-08-29,39164.8,17302.4,14324.8,5307.488,11731.984,Suceava,25-34,Male,620,1.21,0.442,0.828,0.371
CMP1145,Deal of the Day,Social Media,2023-02-28,2024-11-04,57598.4,32275.2,28168.0,1084.544,1557.344,Baia Mare,35-44,Female,615,0.436,0.56,0.873,0.039
CMP1146,Seasonal Steals,Social Media,2023-01-22,2024-09-26,41091.2,22860.8,11779.2,2836.544,6530.592,Suceava,25-34,Female,613,1.302,0.556,0.515,0.241
CMP1147,Seasonal Steals,Email,2022-10-06,2024-06-13,27193.6,20020.8,1971.2,3121.456,11005.28,Târgu Mureș,25-34,Female,616,2.526,0.736,0.098,1.584
CMP1148,Seasonal Steals,Social Media,2022-08-13,2024-04-21,33672.0,3944.0,438.4,5863.056,21305.6,Târgu Mureș,18-24,Male,617,2.634,0.117,0.111,13.374
CMP1149,Wishlist Wonders,Email,2022-07-16,2024-03-25,16555.2,16081.6,14668.8,630.72,1008.608,Galați,35-44,Female,618,0.599,0.971,0.912,0.043
CMP1150,Shop & Share,Paid Ads,2022-10-10,2024-06-29,30737.6,27819.2,22347.2,2898.4,9933.344,Baia Mare,35-44,Female,628,2.427,0.905,0.803,0.13
CMP1151,Seasonal Steals,Paid Ads,2022-07-31,2024-04-11,31220.8,23148.8,16798.4,4806.592,14088.24,Galați,45-54,Male,620,1.931,0.741,0.726,0.286
CMP1152,Flash Sale Frenzy,Email,2022-10-11,2024-06-28,11336.0,7753.6,411.2,1171.904,1775.312,Suceava,35-44,Female,626,0.515,0.684,0.053,2.85
CMP1153,Deal of the Day,Social Media,2022-07-25,2024-04-11,16673.6,5816.0,3680.0,3717.168,10960.304,Bacău,45-54,Female,626,1.949,0.349,0.633,1.01
CMP1154,Flash Sale Frenzy,Influencer Marketing,2022-05-20,2024-01-11,14070.4,12710.4,1899.2,6175.344,18200.496,Târgu Mureș,55+,Male,601,1.947,0.903,0.149,3.252
CMP1155,Shop & Share,Social Media,2023-02-01,2024-10-05,3288.0,1011.2,492.8,7543.728,24731.36,Târgu Mureș,35-44,Male,612,2.278,0.308,0.487,15.308
CMP1156,Shop & Share,Paid Ads,2023-01-22,2024-09-16,19875.2,451.2,65.6,2360.592,6217.264,Târgu Mureș,35-44,Female,603,1.634,0.023,0.145,35.985
CMP1157,Shop & Share,Influencer Marketing,2022-08-29,2024-05-02,31112.0,3214.4,1539.2,353.392,1031.152,Galați,55+,Male,612,1.918,0.103,0.479,0.23
CMP1158,Cart to Couch,Influencer Marketing,2022-07-12,2024-03-15,22331.2,10779.2,9691.2,2304.8,5486.432,Galați,55+,Female,612,1.38,0.483,0.899,0.238
CMP1159,Cart to Couch,Paid Ads,2023-02-04,2024-10-24,67388.8,56660.8,34529.6,4439.568,8072.544,Baia Mare,55+,Female,628,0.818,0.841,0.609,0.129
CMP1160,Cart to Couch,Social Media,2022-10-30,2024-06-26,70043.2,6438.4,4388.8,7773.824,28224.464,Suceava,35-44,Female,605,2.631,0.092,0.682,1.771
CMP1161,Cart to Couch,Social Media,2022-11-06,2024-07-03,39288.0,29123.2,8252.8,2518.0,7513.28,Bacău,18-24,Female,605,1.984,0.741,0.283,0.305
CMP1162,Seasonal Steals,Email,2023-02-10,2024-10-17,34177.6,24496.0,12494.4,6932.096,26416.208,Bacău,35-44,Female,615,2.811,0.717,0.51,0.555
CMP1163,Deal of the Day,Paid Ads,2022-06-03,2024-02-01,31246.4,2731.2,232.0,1276.688,1649.728,Târgu Mureș,45-54,Female,608,0.292,0.087,0.085,5.503
CMP1164,Shop & Share,Email,2022-08-03,2024-04-23,65606.4,26116.8,11049.6,1281.952,5066.064,Suceava,55+,Female,629,2.952,0.398,0.423,0.116
CMP1165,Deal of the Day,Social Media,2023-02-08,2024-10-04,57283.2,52171.2,42622.4,5973.584,18097.712,Suceava,18-24,Male,604,2.03,0.911,0.817,0.14
CMP1166,Deal of the Day,Email,2022-06-09,2024-02-09,8419.2,7750.4,7747.2,1419.824,4953.28,Galați,25-34,Female,610,2.489,0.921,1.0,0.183
CMP1167,Seasonal Steals,Email,2022-08-21,2024-04-30,40174.4,25624.0,7179.2,2752.624,8542.496,Suceava,55+,Female,618,2.103,0.638,0.28,0.383
CMP1168,Cart to Couch,Email,2022-08-04,2024-03-27,73624.0,71123.2,70790.4,5922.864,19062.352,Galați,55+,Male,601,2.218,0.966,0.995,0.084
CMP1169,Cart to Couch,Social Media,2022-10-04,2024-06-02,39963.2,29494.4,22232.0,5877.2,12689.792,Baia Mare,35-44,Male,607,1.159,0.738,0.754,0.264
CMP1170,Wishlist Wonders,Influencer Marketing,2022-12-03,2024-07-31,55241.6,10592.0,4216.0,3931.696,5619.584,Baia Mare,55+,Female,606,0.429,0.192,0.398,0.933
CMP1171,Seasonal Steals,Paid Ads,2022-11-20,2024-07-16,77036.8,5598.4,5001.6,2959.136,10048.72,Suceava,25-34,Female,604,2.396,0.073,0.893,0.592
CMP1172,Cart to Couch,Paid Ads,2022-10-27,2024-07-18,28568.0,1331.2,768.0,7298.608,27256.912,Galați,55+,Female,630,2.735,0.047,0.577,9.503
CMP1173,Shop & Share,Influencer Marketing,2023-01-25,2024-09-19,22843.2,7971.2,2185.6,7155.232,22904.144,Galați,18-24,Female,603,2.201,0.349,0.274,3.274
CMP1174,Cart to Couch,Paid Ads,2022-12-31,2024-09-19,54798.4,3385.6,355.2,2230.512,3547.152,Baia Mare,35-44,Female,628,0.59,0.062,0.105,6.28
CMP1175,Deal of the Day,Influencer Marketing,2022-05-21,2024-01-12,13603.2,478.4,425.6,7742.416,18849.28,Baia Mare,18-24,Female,601,1.435,0.035,0.89,18.192
CMP1176,Cart to Couch,Paid Ads,2022-11-16,2024-07-26,21348.8,13462.4,1084.8,3185.28,11227.824,Târgu Mureș,18-24,Male,618,2.525,0.631,0.081,2.936
CMP1177,Shop & Share,Paid Ads,2022-08-11,2024-04-14,8777.6,4568.0,304.0,5791.376,7431.6,Suceava,45-54,Male,612,0.283,0.52,0.067,19.051
CMP1178,Wishlist Wonders,Paid Ads,2022-12-17,2024-08-14,50068.8,19827.2,16240.0,6380.768,18446.336,Galați,25-34,Female,606,1.891,0.396,0.819,0.393
CMP1179,Seasonal Steals,Paid Ads,2022-11-11,2024-07-22,71827.2,38798.4,8913.6,4991.568,19011.712,Bacău,18-24,Female,619,2.809,0.54,0.23,0.56
CMP1180,Cart to Couch,Email,2023-01-29,2024-10-19,40867.2,26428.8,8779.2,4076.208,16283.136,Baia Mare,18-24,Female,629,2.995,0.647,0.332,0.464
CMP1181,Shop & Share,Social Media,2023-02-16,2024-10-18,58280.0,21998.4,8950.4,1483.92,4386.672,Bacău,45-54,Male,610,1.956,0.377,0.407,0.166
CMP1182,Flash Sale Frenzy,Influencer Marketing,2022-12-09,2024-08-29,9075.2,1054.4,902.4,3907.024,4916.688,Suceava,45-54,Female,629,0.258,0.116,0.856,4.33
CMP1183,Flash Sale Frenzy,Email,2022-09-25,2024-05-19,7003.2,3296.0,1590.4,5324.816,12777.648,Baia Mare,25-34,Male,602,1.4,0.471,0.483,3.348
CMP1184,Seasonal Steals,Paid Ads,2022-07-20,2024-03-12,78008.0,43716.8,6964.8,1175.856,1522.4,Suceava,18-24,Female,601,0.295,0.56,0.159,0.169
CMP1185,Cart to Couch,Social Media,2022-11-15,2024-07-12,14568.0,2913.6,337.6,6056.448,16709.856,Suceava,45-54,Female,605,1.759,0.2,0.116,17.94
CMP1186,Wishlist Wonders,Paid Ads,2022-05-28,2024-02-12,60380.8,49368.0,8268.8,4667.76,15615.232,Suceava,45-54,Male,625,2.345,0.818,0.167,0.565
CMP1187,Seasonal Steals,Email,2023-03-02,2024-10-30,37182.4,12806.4,12004.8,2566.944,6739.44,Suceava,35-44,Female,608,1.625,0.344,0.937,0.214
CMP1188,Wishlist Wonders,Influencer Marketing,2022-12-20,2024-09-06,21214.4,21046.4,14136.0,3029.888,10979.456,Bacău,25-34,Male,626,2.624,0.992,0.672,0.214
CMP1189,Seasonal Steals,Email,2022-10-05,2024-06-11,76465.6,9638.4,6073.6,2930.352,7746.224,Târgu Mureș,18-24,Female,615,1.643,0.126,0.63,0.482
CMP1190,Seasonal Steals,Influencer Marketing,2022-08-25,2024-05-04,7132.8,1670.4,1145.6,3620.16,11463.92,Bacău,18-24,Female,618,2.167,0.234,0.686,3.16
CMP1191,Flash Sale Frenzy,Influencer Marketing,2022-12-22,2024-09-09,73539.2,26227.2,12195.2,2540.608,4500.976,Târgu Mureș,45-54,Male,627,0.772,0.357,0.465,0.208
CMP1192,Flash Sale Frenzy,Paid Ads,2022-11-01,2024-07-03,57403.2,46052.8,14360.0,2939.008,10755.52,Galați,25-34,Female,610,2.66,0.802,0.312,0.205
CMP1193,Cart to Couch,Influencer Marketing,2023-01-15,2024-09-13,3974.4,3225.6,187.2,6213.408,20195.024,Baia Mare,18-24,Male,607,2.25,0.812,0.058,33.191
CMP1194,Flash Sale Frenzy,Email,2022-08-15,2024-04-21,51041.6,31156.8,25262.4,2509.232,5540.24,Bacău,25-34,Female,615,1.208,0.61,0.811,0.099
CMP1195,Wishlist Wonders,Social Media,2022-09-30,2024-06-10,43833.6,23643.2,8880.0,7703.328,30796.96,Târgu Mureș,25-34,Male,619,2.998,0.539,0.376,0.867
CMP1196,Flash Sale Frenzy,Email,2022-09-07,2024-05-15,23995.2,13513.6,8227.2,734.608,1625.152,Baia Mare,25-34,Female,616,1.212,0.563,0.609,0.089
CMP1197,Wishlist Wonders,Social Media,2022-09-19,2024-06-04,76849.6,20929.6,7590.4,4496.4,12526.256,Bacău,18-24,Female,624,1.786,0.272,0.363,0.592
CMP1198,Deal of the Day,Influencer Marketing,2022-07-30,2024-04-04,22832.0,14569.6,14476.8,5936.496,8826.976,Baia Mare,25-34,Male,614,0.487,0.638,0.994,0.41
CMP1199,Wishlist Wonders,Email,2022-08-24,2024-05-05,14182.4,8476.8,5787.2,5321.488,20335.824,Bacău,35-44,Male,620,2.821,0.598,0.683,0.92
CMP1200,Cart to Couch,Social Media,2023-01-05,2024-09-13,17068.8,3624.0,1128.0,4377.792,10296.528,Baia Mare,55+,Female,617,1.352,0.212,0.311,3.881
CMP1201,Seasonal Steals,Social Media,2022-12-02,2024-08-21,78028.8,47611.2,37684.8,1264.608,1520.832,Baia Mare,55+,Female,628,0.203,0.61,0.792,0.034
CMP1202,Shop & Share,Paid Ads,2022-12-22,2024-09-08,74553.6,68934.4,38964.8,1743.696,4121.904,Bacău,18-24,Female,626,1.364,0.925,0.565,0.045
CMP1203,Deal of the Day,Paid Ads,2023-02-17,2024-10-28,41193.6,30371.2,4392.0,964.496,3605.024,Bacău,45-54,Female,619,2.738,0.737,0.145,0.22
CMP1204,Deal of the Day,Influencer Marketing,2022-05-11,2024-01-15,11787.2,896.0,153.6,219.136,604.448,Suceava,35-44,Female,614,1.758,0.076,0.171,1.427
CMP1205,Seasonal Steals,Email,2022-09-05,2024-05-02,65638.4,54545.6,11798.4,4637.856,14020.016,Galați,55+,Female,605,2.023,0.831,0.216,0.393
CMP1206,Cart to Couch,Influencer Marketing,2022-11-23,2024-07-22,26540.8,9971.2,1449.6,7308.4,28673.824,Târgu Mureș,35-44,Female,607,2.923,0.376,0.145,5.042
CMP1207,Flash Sale Frenzy,Influencer Marketing,2022-11-06,2024-07-12,60076.8,1467.2,1392.0,3275.248,4156.112,Baia Mare,55+,Female,614,0.269,0.024,0.949,2.353
CMP1208,Deal of the Day,Social Media,2023-03-04,2024-11-07,79894.4,5011.2,1427.2,7582.576,21790.72,Suceava,18-24,Female,614,1.874,0.063,0.285,5.313
CMP1209,Flash Sale Frenzy,Influencer Marketing,2023-02-25,2024-10-22,50105.6,21641.6,2841.6,617.856,2221.776,Galați,55+,Male,605,2.596,0.432,0.131,0.217
CMP1210,Seasonal Steals,Social Media,2022-08-13,2024-04-08,51785.6,34358.4,18782.4,7547.04,29269.904,Galați,18-24,Female,604,2.878,0.663,0.547,0.402
CMP1211,Wishlist Wonders,Social Media,2022-12-08,2024-08-06,73689.6,32889.6,14358.4,1562.288,4663.712,Baia Mare,45-54,Male,607,1.985,0.446,0.437,0.109
CMP1212,Deal of the Day,Social Media,2022-08-04,2024-04-10,40329.6,10675.2,4019.2,7905.568,20803.088,Bacău,18-24,Female,615,1.631,0.265,0.376,1.967
CMP1213,Deal of the Day,Email,2022-05-27,2024-01-25,75288.0,14665.6,9540.8,979.824,2979.488,Baia Mare,18-24,Male,608,2.041,0.195,0.651,0.103
CMP1214,Deal of the Day,Social Media,2022-10-01,2024-06-21,12633.6,7337.6,3510.4,6627.2,10272.944,Târgu Mureș,55+,Female,629,0.55,0.581,0.478,1.888
CMP1215,Wishlist Wonders,Influencer Marketing,2023-02-21,2024-11-09,54500.8,19662.4,4846.4,2242.24,7961.888,Baia Mare,25-34,Female,627,2.551,0.361,0.246,0.463
CMP1216,Flash Sale Frenzy,Email,2022-11-04,2024-06-28,17003.2,8606.4,8590.4,4395.056,15656.32,Baia Mare,18-24,Female,602,2.562,0.506,0.998,0.512
CMP1217,Seasonal Steals,Influencer Marketing,2022-05-18,2024-01-11,59563.2,40259.2,33028.8,4037.376,6745.504,Baia Mare,35-44,Male,603,0.671,0.676,0.82,0.122
CMP1218,Seasonal Steals,Influencer Marketing,2023-02-17,2024-11-04,56854.4,13195.2,2763.2,4361.28,7635.648,Târgu Mureș,35-44,Male,626,0.751,0.232,0.209,1.578
CMP1219,Flash Sale Frenzy,Paid Ads,2023-02-04,2024-10-16,28918.4,1843.2,596.8,4587.472,7690.08,Galați,55+,Female,620,0.676,0.064,0.324,7.687
CMP1220,Cart to Couch,Paid Ads,2023-01-15,2024-09-16,11776.0,8985.6,7168.0,3605.824,13791.968,Bacău,25-34,Male,610,2.825,0.763,0.798,0.503
CMP1221,Cart to Couch,Social Media,2022-09-05,2024-05-07,4124.8,4022.4,1384.0,6125.376,22392.16,Galați,35-44,Female,610,2.656,0.975,0.344,4.426
CMP1222,Wishlist Wonders,Email,2022-07-27,2024-03-30,31364.8,6955.2,4984.0,2013.744,7987.744,Târgu Mureș,18-24,Female,612,2.967,0.222,0.717,0.404
CMP1223,Wishlist Wonders,Influencer Marketing,2023-01-21,2024-10-09,76889.6,39931.2,8185.6,7242.48,28456.016,Târgu Mureș,25-34,Male,627,2.929,0.519,0.205,0.885
CMP1224,Deal of the Day,Paid Ads,2022-06-07,2024-02-23,28059.2,3966.4,3523.2,1046.752,2010.08,Târgu Mureș,45-54,Female,626,0.92,0.141,0.888,0.297
CMP1225,Seasonal Steals,Email,2022-11-19,2024-07-31,65958.4,38100.8,33868.8,6290.56,23144.992,Suceava,35-44,Female,620,2.679,0.578,0.889,0.186
CMP1226,Deal of the Day,Paid Ads,2022-07-17,2024-03-10,19377.6,3209.6,1964.8,5591.104,21308.352,Târgu Mureș,45-54,Female,602,2.811,0.166,0.612,2.846
CMP1227,Deal of the Day,Social Media,2022-12-24,2024-09-05,73048.0,5804.8,1646.4,7705.248,13017.952,Galați,18-24,Female,621,0.689,0.079,0.284,4.68
CMP1228,Seasonal Steals,Social Media,2022-07-20,2024-03-20,26499.2,13499.2,1353.6,2022.592,2714.448,Baia Mare,18-24,Female,609,0.342,0.509,0.1,1.494
CMP1229,Cart to Couch,Paid Ads,2022-10-14,2024-06-11,66107.2,49337.6,5137.6,5880.288,14764.304,Bacău,35-44,Male,606,1.511,0.746,0.104,1.145
CMP1230,Cart to Couch,Influencer Marketing,2023-02-22,2024-10-26,6044.8,5704.0,689.6,760.176,1281.776,Suceava,25-34,Female,612,0.686,0.944,0.121,1.102
CMP1231,Wishlist Wonders,Email,2022-07-03,2024-03-01,32955.2,22520.0,2945.6,5410.368,19160.128,Suceava,45-54,Female,607,2.541,0.683,0.131,1.837
CMP1232,Shop & Share,Email,2023-01-06,2024-09-18,58649.6,41043.2,4464.0,893.472,1262.928,Târgu Mureș,35-44,Male,621,0.414,0.7,0.109,0.2
CMP1233,Wishlist Wonders,Influencer Marketing,2022-10-27,2024-06-23,17476.8,11403.2,5500.8,1514.944,2544.448,Bacău,25-34,Female,605,0.68,0.652,0.482,0.275
CMP1234,Shop & Share,Social Media,2022-11-26,2024-07-24,24302.4,24120.0,18156.8,3777.024,12164.64,Galați,55+,Female,606,2.221,0.992,0.753,0.208
CMP1235,Flash Sale Frenzy,Email,2022-08-27,2024-05-11,73161.6,56755.2,54144.0,5785.936,7596.928,Suceava,45-54,Female,623,0.313,0.776,0.954,0.107
CMP1236,Seasonal Steals,Email,2023-01-08,2024-09-22,58974.4,4608.0,4576.0,2626.096,8646.816,Galați,55+,Female,623,2.293,0.078,0.993,0.574
CMP1237,Cart to Couch,Influencer Marketing,2023-01-02,2024-08-31,71766.4,18617.6,6086.4,4942.128,14688.272,Târgu Mureș,45-54,Female,607,1.972,0.259,0.327,0.812
CMP1238,Seasonal Steals,Influencer Marketing,2023-01-08,2024-09-10,29904.0,15937.6,9939.2,6387.168,16653.2,Suceava,55+,Female,611,1.607,0.533,0.624,0.643
CMP1239,Shop & Share,Email,2022-05-28,2024-01-29,6968.0,3300.8,174.4,3221.28,11462.848,Bacău,45-54,Male,611,2.558,0.474,0.053,18.471
CMP1240,Wishlist Wonders,Paid Ads,2022-06-02,2024-02-10,1619.2,185.6,174.4,6882.496,13646.128,Bacău,18-24,Male,618,0.983,0.115,0.94,39.464
CMP1241,Seasonal Steals,Email,2022-09-21,2024-06-09,25987.2,16782.4,1048.0,3196.832,5725.248,Târgu Mureș,55+,Male,627,0.791,0.646,0.062,3.05
CMP1242,Flash Sale Frenzy,Email,2022-07-03,2024-02-29,29184.0,4097.6,3096.0,1067.392,3419.296,Galați,35-44,Male,606,2.203,0.14,0.756,0.345
CMP1243,Seasonal Steals,Influencer Marketing,2022-11-05,2024-07-01,10168.0,7140.8,3827.2,3006.96,7689.28,Galați,45-54,Male,604,1.557,0.702,0.536,0.786
CMP1244,Deal of the Day,Social Media,2023-03-03,2024-10-27,7102.4,5036.8,1240.0,5119.856,6331.104,Galați,35-44,Female,604,0.237,0.709,0.246,4.129
CMP1245,Flash Sale Frenzy,Social Media,2023-01-29,2024-10-09,47963.2,36896.0,31787.2,4249.792,7759.888,Galați,35-44,Female,619,0.826,0.769,0.862,0.134
CMP1246,Flash Sale Frenzy,Social Media,2022-12-02,2024-08-23,55075.2,36916.8,2166.4,617.664,2188.128,Bacău,25-34,Female,630,2.543,0.67,0.059,0.285
CMP1247,Deal of the Day,Email,2022-10-31,2024-07-20,7376.0,6936.0,4006.4,1080.656,4093.648,Baia Mare,18-24,Male,628,2.788,0.94,0.578,0.27
CMP1248,Seasonal Steals,Influencer Marketing,2022-11-09,2024-07-10,20457.6,9993.6,3003.2,5030.736,7838.72,Suceava,45-54,Male,609,0.558,0.489,0.301,1.675
CMP1249,Wishlist Wonders,Social Media,2022-12-16,2024-08-08,18012.8,6230.4,5932.8,3452.176,10848.88,Galați,18-24,Female,601,2.143,0.346,0.952,0.582
CMP1250,Flash Sale Frenzy,Paid Ads,2022-08-26,2024-04-18,18830.4,7905.6,7163.2,3924.464,10919.872,Târgu Mureș,35-44,Male,601,1.783,0.42,0.906,0.548
CMP1251,Cart to Couch,Email,2022-12-17,2024-09-04,17808.0,17356.8,6262.4,7808.88,22471.296,Suceava,18-24,Female,627,1.878,0.975,0.361,1.247
CMP1252,Shop & Share,Paid Ads,2023-02-22,2024-11-08,15401.6,9491.2,8190.4,3371.712,7858.816,Suceava,35-44,Male,625,1.331,0.616,0.863,0.412
CMP1253,Shop & Share,Email,2022-12-23,2024-09-11,39272.0,1411.2,683.2,486.896,681.872,Suceava,35-44,Female,628,0.4,0.036,0.484,0.713
CMP1254,Wishlist Wonders,Paid Ads,2022-12-19,2024-08-24,37310.4,9798.4,7878.4,2958.672,3751.104,Galați,35-44,Male,614,0.268,0.263,0.804,0.376
CMP1255,Flash Sale Frenzy,Influencer Marketing,2023-01-22,2024-09-26,8867.2,233.6,73.6,1016.112,3115.44,Galați,45-54,Female,613,2.066,0.026,0.315,13.806
CMP1256,Cart to Couch,Paid Ads,2022-07-09,2024-03-07,33243.2,13433.6,10619.2,7951.344,14658.304,Bacău,55+,Male,607,0.844,0.404,0.79,0.749
CMP1257,Shop & Share,Influencer Marketing,2022-10-01,2024-06-17,17660.8,7156.8,6182.4,979.136,2450.944,Suceava,45-54,Female,625,1.503,0.405,0.864,0.158
CMP1258,Flash Sale Frenzy,Social Media,2023-01-22,2024-09-20,51680.0,1345.6,1339.2,1226.592,3300.32,Galați,25-34,Female,607,1.691,0.026,0.995,0.916
CMP1259,Deal of the Day,Influencer Marketing,2022-11-02,2024-07-13,21913.6,13963.2,13865.6,4863.2,9410.416,Suceava,55+,Female,619,0.935,0.637,0.993,0.351
CMP1260,Wishlist Wonders,Paid Ads,2022-11-15,2024-07-12,56748.8,43427.2,10465.6,5986.608,10993.488,Galați,45-54,Male,605,0.836,0.765,0.241,0.572
CMP1261,Deal of the Day,Social Media,2022-11-30,2024-08-05,47672.0,1326.4,752.0,5100.272,14317.856,Suceava,18-24,Female,614,1.807,0.028,0.567,6.782
CMP1262,Seasonal Steals,Influencer Marketing,2022-07-18,2024-03-19,77136.0,41736.0,5958.4,6530.176,16445.008,Târgu Mureș,18-24,Male,610,1.518,0.541,0.143,1.096
CMP1263,Shop & Share,Paid Ads,2022-10-30,2024-06-27,44550.4,18123.2,3844.8,2616.768,9178.656,Galați,45-54,Female,606,2.508,0.407,0.212,0.681
CMP1264,Shop & Share,Paid Ads,2023-01-27,2024-09-22,31356.8,2393.6,1321.6,3280.544,6178.864,Suceava,18-24,Female,604,0.883,0.076,0.552,2.482
CMP1265,Wishlist Wonders,Paid Ads,2022-08-29,2024-05-02,49875.2,23464.0,16566.4,1497.472,4378.592,Suceava,25-34,Female,612,1.924,0.47,0.706,0.09
CMP1266,Flash Sale Frenzy,Social Media,2022-10-09,2024-06-11,3974.4,3444.8,2756.8,3025.312,11876.016,Baia Mare,18-24,Male,611,2.926,0.867,0.8,1.097
CMP1267,Shop & Share,Social Media,2022-09-12,2024-05-30,48480.0,5483.2,3097.6,5012.432,6969.968,Galați,25-34,Female,626,0.391,0.113,0.565,1.618
CMP1268,Deal of the Day,Paid Ads,2022-12-16,2024-08-21,75987.2,67044.8,42441.6,1136.88,4415.024,Târgu Mureș,18-24,Female,614,2.883,0.882,0.633,0.027
CMP1269,Cart to Couch,Influencer Marketing,2022-09-21,2024-06-02,77616.0,8542.4,2748.8,283.024,619.232,Galați,55+,Female,620,1.188,0.11,0.322,0.103
CMP1270,Wishlist Wonders,Social Media,2022-09-25,2024-05-24,58856.0,58716.8,39958.4,4501.6,16839.648,Suceava,18-24,Female,607,2.741,0.998,0.681,0.113
CMP1271,Deal of the Day,Social Media,2023-01-30,2024-10-02,18870.4,2017.6,70.4,1675.744,2670.208,Bacău,18-24,Male,611,0.593,0.107,0.035,23.803
CMP1272,Flash Sale Frenzy,Email,2022-08-23,2024-05-04,21707.2,14716.8,7329.6,404.016,1247.312,Galați,35-44,Female,620,2.087,0.678,0.498,0.055
CMP1273,Wishlist Wonders,Email,2022-11-18,2024-07-23,71417.6,69568.0,20632.0,7164.56,26261.408,Baia Mare,25-34,Male,613,2.665,0.974,0.297,0.347
CMP1274,Seasonal Steals,Influencer Marketing,2022-08-11,2024-04-21,52755.2,5561.6,2747.2,233.712,714.448,Suceava,25-34,Female,619,2.057,0.105,0.494,0.085
CMP1275,Cart to Couch,Email,2022-06-23,2024-02-26,61902.4,56484.8,21568.0,5123.04,16119.536,Baia Mare,25-34,Male,613,2.146,0.912,0.382,0.238
CMP1276,Cart to Couch,Email,2022-08-19,2024-05-04,59134.4,4430.4,2456.0,3478.992,8278.736,Galați,18-24,Female,624,1.38,0.075,0.554,1.417
CMP1277,Deal of the Day,Social Media,2022-10-24,2024-07-10,19537.6,9662.4,4608.0,6122.352,16110.112,Târgu Mureș,25-34,Female,625,1.631,0.495,0.477,1.329
CMP1278,Deal of the Day,Paid Ads,2022-08-20,2024-04-14,69896.0,7737.6,1576.0,972.352,2571.168,Târgu Mureș,18-24,Female,603,1.644,0.111,0.204,0.617
CMP1279,Deal of the Day,Influencer Marketing,2022-05-30,2024-02-11,42121.6,23636.8,4108.8,1402.528,5529.872,Târgu Mureș,45-54,Female,622,2.943,0.561,0.174,0.341
CMP1280,Seasonal Steals,Paid Ads,2022-08-25,2024-04-18,66132.8,45132.8,8331.2,4134.4,12256.208,Baia Mare,35-44,Female,602,1.964,0.682,0.185,0.496
CMP1281,Shop & Share,Social Media,2022-08-18,2024-04-19,79116.8,48694.4,27932.8,1814.336,3214.704,Galați,55+,Female,610,0.772,0.615,0.574,0.065
CMP1282,Shop & Share,Social Media,2023-02-15,2024-10-09,15377.6,3417.6,606.4,7726.992,19248.608,Suceava,55+,Female,602,1.491,0.222,0.177,12.742
CMP1283,Deal of the Day,Influencer Marketing,2023-02-28,2024-11-11,19731.2,7838.4,4123.2,2587.264,8772.608,Suceava,45-54,Female,622,2.391,0.397,0.526,0.627
CMP1284,Deal of the Day,Paid Ads,2022-07-29,2024-04-11,71265.6,66587.2,49627.2,2907.168,5016.608,Galați,18-24,Male,622,0.726,0.934,0.745,0.059
CMP1285,Flash Sale Frenzy,Influencer Marketing,2023-02-06,2024-10-02,45392.0,21422.4,10740.8,965.104,2132.048,Bacău,35-44,Male,604,1.209,0.472,0.501,0.09
CMP1286,Flash Sale Frenzy,Influencer Marketing,2022-08-23,2024-04-18,11937.6,10377.6,4220.8,1147.904,1916.688,Târgu Mureș,55+,Female,604,0.67,0.869,0.407,0.272
CMP1287,Wishlist Wonders,Paid Ads,2022-08-02,2024-04-12,79692.8,32083.2,3819.2,577.536,2133.024,Suceava,45-54,Female,619,2.693,0.403,0.119,0.151
CMP1288,Wishlist Wonders,Influencer Marketing,2022-07-07,2024-03-24,33368.0,8588.8,4817.6,682.352,1013.984,Suceava,55+,Female,626,0.486,0.257,0.561,0.142
CMP1289,Wishlist Wonders,Social Media,2022-05-28,2024-01-24,6784.0,6328.0,3742.4,4487.632,8554.048,Suceava,18-24,Male,606,0.906,0.933,0.591,1.199
CMP1290,Deal of the Day,Influencer Marketing,2022-07-05,2024-03-05,40254.4,32091.2,7544.0,4875.664,13243.248,Baia Mare,45-54,Female,609,1.716,0.797,0.235,0.646
CMP1291,Cart to Couch,Email,2022-11-30,2024-07-25,27558.4,17969.6,16608.0,7307.936,21365.184,Baia Mare,45-54,Female,603,1.924,0.652,0.924,0.44
CMP1292,Shop & Share,Social Media,2022-08-05,2024-04-01,42635.2,184.0,161.6,2346.8,4854.032,Baia Mare,45-54,Female,605,1.068,0.004,0.878,14.522
CMP1293,Flash Sale Frenzy,Social Media,2022-09-10,2024-05-06,24772.8,21977.6,20736.0,2110.448,5947.232,Baia Mare,45-54,Male,604,1.818,0.887,0.944,0.102
CMP1294,Deal of the Day,Influencer Marketing,2022-07-19,2024-03-31,23656.0,19507.2,14459.2,3774.944,7297.568,Târgu Mureș,25-34,Female,621,0.933,0.825,0.741,0.261
CMP1295,Flash Sale Frenzy,Paid Ads,2022-10-11,2024-06-29,28489.6,9096.0,3526.4,7556.784,24702.0,Baia Mare,45-54,Male,627,2.269,0.319,0.388,2.143
CMP1296,Wishlist Wonders,Paid Ads,2022-06-12,2024-02-20,34884.8,11976.0,1571.2,6162.096,17375.472,Târgu Mureș,45-54,Male,618,1.82,0.343,0.131,3.922
CMP1297,Cart to Couch,Email,2022-09-17,2024-05-11,27105.6,5040.0,1628.8,6099.808,20005.968,Galați,55+,Female,602,2.28,0.186,0.323,3.745
CMP1298,Shop & Share,Email,2022-09-22,2024-05-30,12124.8,2291.2,512.0,3744.816,14945.92,Târgu Mureș,35-44,Male,616,2.991,0.189,0.223,7.314
CMP1299,Cart to Couch,Social Media,2023-01-04,2024-09-15,34060.8,883.2,220.8,4069.216,8268.32,Bacău,35-44,Male,620,1.032,0.026,0.25,18.429
CMP1300,Wishlist Wonders,Paid Ads,2022-10-15,2024-06-12,12921.6,10025.6,6755.2,7344.416,27672.384,Târgu Mureș,45-54,Female,606,2.768,0.776,0.674,1.087
CMP1301,Shop & Share,Email,2022-06-11,2024-02-26,48260.8,15979.2,11302.4,1957.536,3655.552,Suceava,55+,Female,625,0.867,0.331,0.707,0.173
CMP1302,Seasonal Steals,Social Media,2023-01-14,2024-09-25,74641.6,30710.4,3993.6,3845.776,12840.784,Bacău,45-54,Female,620,2.339,0.411,0.13,0.963
CMP1303,Wishlist Wonders,Social Media,2022-09-21,2024-05-22,37724.8,16793.6,4564.8,7568.224,14152.448,Baia Mare,45-54,Female,609,0.87,0.445,0.272,1.658
CMP1304,Cart to Couch,Paid Ads,2022-06-27,2024-02-22,48360.0,19756.8,4560.0,5262.4,9379.024,Bacău,18-24,Female,605,0.782,0.409,0.231,1.154
CMP1305,Flash Sale Frenzy,Email,2023-01-11,2024-09-03,14371.2,13608.0,10646.4,1810.288,4903.456,Galați,35-44,Male,601,1.709,0.947,0.782,0.17
CMP1306,Seasonal Steals,Influencer Marketing,2023-01-12,2024-09-13,40716.8,3859.2,1856.0,1006.512,2121.216,Baia Mare,45-54,Female,610,1.107,0.095,0.481,0.542
CMP1307,Wishlist Wonders,Social Media,2022-07-13,2024-03-08,36379.2,32046.4,18272.0,1860.448,5077.04,Bacău,18-24,Male,604,1.729,0.881,0.57,0.102
CMP1308,Wishlist Wonders,Social Media,2022-09-04,2024-05-26,50536.0,43801.6,26472.0,6551.728,9230.24,Târgu Mureș,35-44,Female,630,0.409,0.867,0.604,0.247
CMP1309,Wishlist Wonders,Email,2022-08-21,2024-05-10,65294.4,8268.8,4630.4,7710.08,17319.52,Galați,18-24,Female,628,1.246,0.127,0.56,1.665
CMP1310,Seasonal Steals,Email,2022-09-07,2024-05-23,11062.4,1480.0,62.4,1786.352,4226.672,Suceava,55+,Female,624,1.366,0.134,0.042,28.627
CMP1311,Wishlist Wonders,Paid Ads,2022-06-06,2024-02-22,52867.2,46468.8,44256.0,5123.888,17229.952,Baia Mare,55+,Male,626,2.363,0.879,0.952,0.116
CMP1312,Shop & Share,Influencer Marketing,2023-01-31,2024-10-03,75012.8,72355.2,15092.8,7168.928,27165.328,Târgu Mureș,25-34,Female,611,2.789,0.965,0.209,0.475
CMP1313,Cart to Couch,Influencer Marketing,2023-02-25,2024-11-07,30710.4,15364.8,8712.0,6306.288,18669.504,Galați,18-24,Male,621,1.96,0.5,0.567,0.724
CMP1314,Deal of the Day,Social Media,2022-08-04,2024-04-06,16612.8,8320.0,6862.4,3968.048,13729.456,Suceava,45-54,Male,611,2.46,0.501,0.825,0.578
CMP1315,Shop & Share,Email,2022-08-17,2024-04-11,67004.8,38742.4,25851.2,6493.648,14229.136,Baia Mare,35-44,Female,603,1.191,0.578,0.667,0.251
CMP1316,Wishlist Wonders,Email,2023-01-29,2024-10-09,27320.0,13544.0,467.2,7718.64,30133.344,Bacău,45-54,Male,619,2.904,0.496,0.034,16.521
CMP1317,Cart to Couch,Influencer Marketing,2022-12-10,2024-08-28,11152.0,822.4,240.0,1848.304,4944.736,Bacău,18-24,Female,627,1.675,0.074,0.292,7.701
CMP1318,Deal of the Day,Paid Ads,2023-01-14,2024-09-29,37753.6,26579.2,11641.6,4808.528,18027.408,Suceava,25-34,Female,624,2.749,0.704,0.438,0.413
CMP1319,Flash Sale Frenzy,Influencer Marketing,2022-06-17,2024-03-01,33092.8,7585.6,230.4,3743.36,6866.512,Bacău,55+,Female,623,0.834,0.229,0.03,16.247
CMP1320,Flash Sale Frenzy,Social Media,2022-08-22,2024-04-17,15014.4,9545.6,9102.4,4457.552,11626.224,Galați,45-54,Female,604,1.608,0.636,0.954,0.49
CMP1321,Shop & Share,Paid Ads,2023-02-25,2024-11-11,41340.8,7382.4,1792.0,6263.552,13437.744,Suceava,55+,Female,625,1.145,0.179,0.243,3.495
CMP1322,Wishlist Wonders,Paid Ads,2022-10-06,2024-06-21,57888.0,52896.0,27195.2,6774.128,11425.488,Suceava,35-44,Female,624,0.687,0.914,0.514,0.249
CMP1323,Deal of the Day,Email,2022-12-07,2024-08-06,77998.4,19094.4,3062.4,4892.464,12374.384,Galați,25-34,Male,608,1.529,0.245,0.16,1.598
CMP1324,Flash Sale Frenzy,Paid Ads,2022-10-12,2024-06-10,54811.2,18209.6,9620.8,7801.392,23711.232,Târgu Mureș,55+,Male,607,2.039,0.332,0.528,0.811
CMP1325,Cart to Couch,Social Media,2022-09-10,2024-05-21,61161.6,4209.6,2470.4,5684.432,12914.896,Galați,18-24,Male,619,1.272,0.069,0.587,2.301
CMP1326,Cart to Couch,Social Media,2022-08-12,2024-04-24,17502.4,1918.4,584.0,3961.488,6702.224,Târgu Mureș,35-44,Female,621,0.692,0.11,0.304,6.783
CMP1327,Cart to Couch,Paid Ads,2022-10-05,2024-06-18,19030.4,11659.2,4412.8,7431.84,14491.792,Târgu Mureș,55+,Female,622,0.95,0.613,0.378,1.684
CMP1328,Flash Sale Frenzy,Email,2022-10-08,2024-06-18,10158.4,1072.0,660.8,327.36,1147.36,Baia Mare,45-54,Female,619,2.505,0.106,0.616,0.495
CMP1329,Deal of the Day,Influencer Marketing,2023-02-14,2024-10-23,30712.0,25017.6,23004.8,6592.752,12214.352,Baia Mare,18-24,Female,617,0.853,0.815,0.92,0.287
CMP1330,Seasonal Steals,Influencer Marketing,2022-10-04,2024-06-18,14896.0,11609.6,2276.8,5751.632,10596.848,Baia Mare,35-44,Male,623,0.842,0.779,0.196,2.526
CMP1331,Flash Sale Frenzy,Influencer Marketing,2022-09-22,2024-06-08,42680.0,17604.8,616.0,3145.728,10320.032,Bacău,25-34,Female,625,2.281,0.412,0.035,5.107
CMP1332,Wishlist Wonders,Paid Ads,2022-05-23,2024-01-23,16376.0,15484.8,11913.6,6290.448,8322.256,Târgu Mureș,18-24,Female,610,0.323,0.946,0.769,0.528
CMP1333,Shop & Share,Paid Ads,2022-09-17,2024-05-15,63859.2,47977.6,25812.8,2539.68,8354.128,Suceava,45-54,Female,606,2.289,0.751,0.538,0.098
CMP1334,Shop & Share,Influencer Marketing,2022-10-16,2024-06-24,30720.0,14571.2,11584.0,4535.024,8777.76,Târgu Mureș,25-34,Female,617,0.936,0.474,0.795,0.391
CMP1335,Wishlist Wonders,Influencer Marketing,2022-08-07,2024-04-24,23800.0,11062.4,4347.2,3408.864,5635.872,Târgu Mureș,55+,Female,626,0.653,0.465,0.393,0.784
CMP1336,Seasonal Steals,Influencer Marketing,2022-09-10,2024-05-06,56948.8,24816.0,16196.8,7356.96,24748.816,Galați,25-34,Female,604,2.364,0.436,0.653,0.454
CMP1337,Flash Sale Frenzy,Email,2022-12-01,2024-07-28,7939.2,315.2,17.6,2213.504,3729.904,Suceava,45-54,Male,605,0.685,0.04,0.056,125.767
CMP1338,Flash Sale Frenzy,Influencer Marketing,2022-08-15,2024-04-07,9710.4,2296.0,1148.8,351.472,953.856,Galați,35-44,Male,601,1.714,0.236,0.5,0.306
CMP1339,Deal of the Day,Social Media,2022-10-02,2024-06-23,59880.0,40828.8,33681.6,7522.208,22323.632,Galați,18-24,Female,630,1.968,0.682,0.825,0.223
CMP1340,Shop & Share,Email,2022-06-15,2024-02-28,52675.2,28529.6,18694.4,3681.008,5019.696,Târgu Mureș,18-24,Male,623,0.364,0.542,0.655,0.197
CMP1341,Seasonal Steals,Influencer Marketing,2022-06-05,2024-02-05,18195.2,9115.2,4499.2,5412.928,11548.368,Bacău,18-24,Male,610,1.133,0.501,0.494,1.203
CMP1342,Shop & Share,Email,2022-08-09,2024-04-28,59129.6,36744.0,33401.6,5186.384,8215.76,Târgu Mureș,25-34,Female,628,0.584,0.621,0.909,0.155
CMP1343,Flash Sale Frenzy,Email,2022-09-02,2024-05-24,5097.6,1249.6,182.4,1258.112,3429.408,Baia Mare,25-34,Female,630,1.726,0.245,0.146,6.898
CMP1344,Flash Sale Frenzy,Influencer Marketing,2022-06-11,2024-02-11,57452.8,23689.6,19748.8,1137.408,3610.992,Târgu Mureș,45-54,Female,610,2.175,0.412,0.834,0.058
CMP1345,Cart to Couch,Influencer Marketing,2022-07-10,2024-03-19,9856.0,1689.6,1371.2,6783.904,13410.896,Bacău,55+,Female,618,0.977,0.171,0.812,4.947
CMP1346,Wishlist Wonders,Social Media,2023-01-01,2024-08-26,43664.0,41075.2,7100.8,5889.856,9719.52,Bacău,25-34,Male,603,0.65,0.941,0.173,0.829
CMP1347,Seasonal Steals,Email,2022-12-18,2024-08-19,66582.4,14318.4,7220.8,6809.936,21588.4,Galați,35-44,Female,610,2.17,0.215,0.504,0.943
CMP1348,Flash Sale Frenzy,Paid Ads,2022-11-03,2024-07-20,74520.0,71966.4,47318.4,7900.384,30179.248,Târgu Mureș,55+,Male,625,2.82,0.966,0.658,0.167
CMP1349,Deal of the Day,Influencer Marketing,2022-10-21,2024-06-18,10763.2,1553.6,216.0,1925.344,2820.08,Târgu Mureș,45-54,Female,606,0.465,0.144,0.139,8.914
CMP1350,Wishlist Wonders,Email,2022-07-23,2024-04-12,65345.6,56944.0,20228.8,3526.4,13926.08,Galați,35-44,Female,629,2.949,0.871,0.355,0.174
CMP1351,Flash Sale Frenzy,Influencer Marketing,2022-06-07,2024-02-14,67729.6,14113.6,2992.0,7287.44,27028.768,Bacău,55+,Female,617,2.709,0.208,0.212,2.436
CMP1352,Cart to Couch,Paid Ads,2022-09-29,2024-06-05,33372.8,28868.8,15051.2,1151.328,3984.464,Baia Mare,45-54,Male,615,2.461,0.865,0.521,0.076
CMP1353,Shop & Share,Influencer Marketing,2022-11-12,2024-07-27,77150.4,69019.2,56304.0,4909.056,18890.64,Baia Mare,35-44,Female,623,2.848,0.895,0.816,0.087
CMP1354,Cart to Couch,Paid Ads,2022-12-02,2024-08-20,76529.6,36033.6,9201.6,1356.48,4550.64,Galați,25-34,Female,627,2.355,0.471,0.255,0.147
CMP1355,Wishlist Wonders,Email,2023-01-03,2024-09-09,14993.6,6260.8,1433.6,7238.736,21683.648,Galați,55+,Female,615,1.996,0.418,0.229,5.049
CMP1356,Flash Sale Frenzy,Email,2022-06-18,2024-03-07,52081.6,50691.2,40448.0,2848.48,3511.568,Bacău,55+,Female,628,0.233,0.973,0.798,0.07
CMP1357,Cart to Couch,Email,2022-07-09,2024-03-13,77056.0,16592.0,5430.4,1336.112,4344.0,Baia Mare,25-34,Female,613,2.251,0.215,0.327,0.246
CMP1358,Wishlist Wonders,Paid Ads,2023-01-12,2024-09-24,64891.2,6529.6,945.6,4669.376,17108.112,Suceava,18-24,Male,621,2.664,0.101,0.145,4.938
CMP1359,Flash Sale Frenzy,Paid Ads,2022-07-02,2024-03-15,2171.2,347.2,236.8,7755.536,22905.088,Târgu Mureș,35-44,Female,622,1.953,0.16,0.682,32.751
CMP1360,Seasonal Steals,Paid Ads,2023-01-22,2024-09-17,43382.4,27476.8,6678.4,1126.144,4287.2,Baia Mare,25-34,Female,604,2.807,0.633,0.243,0.169
CMP1361,Flash Sale Frenzy,Email,2023-01-28,2024-10-05,26968.0,4219.2,1960.0,654.88,1629.888,Târgu Mureș,35-44,Male,616,1.489,0.156,0.465,0.334
CMP1362,Seasonal Steals,Paid Ads,2023-02-19,2024-10-17,7651.2,716.8,222.4,4948.64,14280.272,Galați,55+,Female,606,1.886,0.094,0.31,22.251
CMP1363,Seasonal Steals,Paid Ads,2022-07-24,2024-03-24,19688.0,12793.6,9833.6,7737.424,16833.712,Suceava,18-24,Male,609,1.176,0.65,0.769,0.787
CMP1364,Cart to Couch,Influencer Marketing,2022-11-20,2024-08-06,33713.6,11772.8,1382.4,1813.536,3862.896,Suceava,18-24,Female,625,1.13,0.349,0.117,1.312
CMP1365,Shop & Share,Email,2022-07-05,2024-03-11,74907.2,43456.0,15606.4,5487.568,19042.784,Baia Mare,45-54,Female,615,2.47,0.58,0.359,0.352
CMP1366,Seasonal Steals,Paid Ads,2022-10-05,2024-06-03,24470.4,10801.6,10248.0,3958.016,7905.536,Baia Mare,18-24,Female,607,0.997,0.441,0.949,0.386
CMP1367,Seasonal Steals,Paid Ads,2023-02-13,2024-10-09,73718.4,16784.0,4352.0,6532.272,15040.976,Târgu Mureș,18-24,Male,604,1.303,0.228,0.259,1.501
CMP1368,Deal of the Day,Paid Ads,2022-09-13,2024-05-24,40833.6,28204.8,13068.8,387.872,1273.088,Galați,35-44,Female,619,2.282,0.691,0.463,0.03
CMP1369,Shop & Share,Paid Ads,2022-06-09,2024-02-14,11558.4,448.0,176.0,652.896,1692.512,Bacău,55+,Female,615,1.592,0.039,0.393,3.71
CMP1370,Wishlist Wonders,Influencer Marketing,2022-07-02,2024-03-11,55401.6,12969.6,12598.4,3355.472,11472.112,Baia Mare,35-44,Male,618,2.419,0.234,0.971,0.266
CMP1371,Cart to Couch,Paid Ads,2023-02-15,2024-10-13,60132.8,30747.2,3438.4,1873.664,6192.992,Suceava,18-24,Male,606,2.305,0.511,0.112,0.545
CMP1372,Wishlist Wonders,Influencer Marketing,2022-05-22,2024-02-10,59014.4,56057.6,15510.4,4527.872,13292.832,Târgu Mureș,55+,Female,629,1.936,0.95,0.277,0.292
CMP1373,Wishlist Wonders,Influencer Marketing,2022-05-16,2024-01-13,14761.6,10020.8,2486.4,1304.768,5166.16,Suceava,18-24,Female,607,2.959,0.679,0.248,0.525
CMP1374,Flash Sale Frenzy,Email,2022-11-27,2024-07-23,45928.0,13681.6,675.2,665.2,1101.584,Târgu Mureș,45-54,Female,604,0.656,0.298,0.049,0.985
CMP1375,Wishlist Wonders,Paid Ads,2022-12-07,2024-07-30,20900.8,4796.8,2985.6,6360.08,15467.184,Târgu Mureș,35-44,Female,601,1.432,0.23,0.622,2.13
CMP1376,Seasonal Steals,Paid Ads,2022-11-01,2024-06-27,36185.6,20883.2,6584.0,827.936,3026.976,Bacău,35-44,Female,604,2.656,0.577,0.315,0.126
CMP1377,Cart to Couch,Paid Ads,2022-12-07,2024-08-17,16763.2,4920.0,4307.2,1266.272,3074.656,Târgu Mureș,45-54,Male,619,1.428,0.294,0.875,0.294
CMP1378,Shop & Share,Influencer Marketing,2022-12-14,2024-08-11,46841.6,18835.2,15960.0,3335.12,11191.52,Bacău,55+,Female,606,2.356,0.402,0.847,0.209
CMP1379,Deal of the Day,Social Media,2022-09-03,2024-05-17,72811.2,31665.6,5057.6,7782.608,27812.256,Galați,35-44,Male,622,2.574,0.435,0.16,1.539
CMP1380,Deal of the Day,Social Media,2022-06-01,2024-02-05,63577.6,45974.4,31947.2,1129.136,2686.224,Galați,18-24,Female,614,1.379,0.723,0.695,0.035
CMP1381,Wishlist Wonders,Paid Ads,2023-01-12,2024-09-11,46452.8,44832.0,11825.6,1331.424,2746.064,Baia Mare,25-34,Female,608,1.063,0.965,0.264,0.113
CMP1382,Seasonal Steals,Paid Ads,2022-06-12,2024-02-04,58017.6,9913.6,876.8,7812.016,16300.96,Târgu Mureș,55+,Female,602,1.087,0.171,0.088,8.91
CMP1383,Deal of the Day,Influencer Marketing,2022-12-15,2024-08-31,47728.0,2892.8,812.8,877.536,1562.848,Baia Mare,55+,Female,625,0.781,0.061,0.281,1.08
CMP1384,Deal of the Day,Paid Ads,2022-06-02,2024-01-30,54793.6,17696.0,521.6,6088.48,19578.72,Baia Mare,45-54,Female,607,2.216,0.323,0.029,11.673
CMP1385,Flash Sale Frenzy,Email,2022-05-16,2024-01-08,68334.4,12899.2,9849.6,2579.664,6179.36,Baia Mare,18-24,Female,602,1.395,0.189,0.764,0.262
CMP1386,Seasonal Steals,Influencer Marketing,2022-08-09,2024-04-02,28892.8,25203.2,13521.6,3058.768,9789.632,Târgu Mureș,45-54,Female,602,2.201,0.872,0.537,0.226
CMP1387,Deal of the Day,Paid Ads,2022-11-20,2024-08-02,47393.6,24086.4,17899.2,2054.864,3219.6,Suceava,45-54,Male,621,0.567,0.508,0.743,0.115
CMP1388,Wishlist Wonders,Social Media,2022-10-01,2024-06-03,38424.0,27043.2,1030.4,2574.592,3255.504,Baia Mare,45-54,Male,611,0.264,0.704,0.038,2.499
CMP1389,Deal of the Day,Influencer Marketing,2022-10-24,2024-06-30,67764.8,3912.0,3107.2,5561.76,8589.296,Bacău,25-34,Male,615,0.544,0.058,0.794,1.79
CMP1390,Wishlist Wonders,Influencer Marketing,2022-05-14,2024-01-20,77028.8,43857.6,12155.2,5007.072,13988.864,Galați,18-24,Female,616,1.794,0.569,0.277,0.412
CMP1391,Cart to Couch,Email,2022-08-23,2024-05-11,76734.4,22595.2,5694.4,3038.944,6571.248,Târgu Mureș,55+,Male,627,1.162,0.294,0.252,0.534
CMP1392,Wishlist Wonders,Social Media,2023-01-10,2024-09-19,45400.0,40339.2,23963.2,4141.392,6255.36,Suceava,35-44,Female,618,0.51,0.889,0.594,0.173
CMP1393,Deal of the Day,Email,2022-07-01,2024-03-20,76708.8,56822.4,20892.8,446.496,1480.704,Târgu Mureș,45-54,Male,628,2.316,0.741,0.368,0.021
CMP1394,Shop & Share,Paid Ads,2022-08-19,2024-05-03,27548.8,5611.2,5516.8,306.224,565.024,Suceava,18-24,Female,623,0.845,0.204,0.983,0.056
CMP1395,Deal of the Day,Email,2022-09-22,2024-06-13,55094.4,33321.6,31729.6,6815.632,12344.8,Bacău,55+,Female,630,0.811,0.605,0.952,0.215
CMP1396,Wishlist Wonders,Influencer Marketing,2022-08-29,2024-05-18,79515.2,23324.8,5603.2,7847.856,9651.424,Bacău,45-54,Male,628,0.23,0.293,0.24,1.401
CMP1397,Wishlist Wonders,Email,2022-08-18,2024-04-23,68536.0,62372.8,1566.4,768.56,2287.2,Târgu Mureș,55+,Male,614,1.976,0.91,0.025,0.491
CMP1398,Flash Sale Frenzy,Email,2022-10-20,2024-06-30,24668.8,8598.4,1716.8,5072.816,13476.176,Galați,35-44,Female,619,1.657,0.349,0.2,2.955
CMP1399,Flash Sale Frenzy,Paid Ads,2022-10-18,2024-06-15,60430.4,37401.6,3876.8,885.12,1620.768,Suceava,45-54,Male,606,0.831,0.619,0.104,0.228
CMP1400,Wishlist Wonders,Paid Ads,2023-01-13,2024-09-11,26187.2,15964.8,9115.2,5234.32,18648.32,Suceava,18-24,Male,607,2.563,0.61,0.571,0.574
CMP1401,Cart to Couch,Influencer Marketing,2023-03-01,2024-11-01,3137.6,1038.4,158.4,6531.76,18793.392,Baia Mare,45-54,Male,611,1.877,0.331,0.153,41.236
CMP1402,Shop & Share,Social Media,2023-01-03,2024-09-20,68449.6,23216.0,17062.4,1616.176,5481.296,Târgu Mureș,25-34,Female,626,2.392,0.339,0.735,0.095
CMP1403,Cart to Couch,Social Media,2022-07-15,2024-03-23,23388.8,5697.6,2360.0,6114.768,14295.264,Suceava,25-34,Female,617,1.338,0.244,0.414,2.591
CMP1404,Wishlist Wonders,Paid Ads,2022-05-18,2024-01-28,10105.6,544.0,380.8,3248.608,11434.032,Suceava,25-34,Female,620,2.52,0.054,0.7,8.531
CMP1405,Flash Sale Frenzy,Social Media,2022-05-24,2024-01-28,70475.2,51452.8,12766.4,4171.44,13345.12,Baia Mare,35-44,Male,614,2.199,0.73,0.248,0.327
CMP1406,Flash Sale Frenzy,Influencer Marketing,2022-11-06,2024-07-06,27430.4,3931.2,3238.4,309.68,1114.512,Târgu Mureș,55+,Female,608,2.599,0.143,0.824,0.096
CMP1407,Shop & Share,Social Media,2022-06-25,2024-02-25,2332.8,444.8,252.8,4961.12,12189.792,Târgu Mureș,18-24,Male,610,1.457,0.191,0.568,19.625
CMP1408,Cart to Couch,Paid Ads,2023-02-07,2024-10-01,63017.6,5667.2,3352.0,2136.224,5994.448,Galați,25-34,Female,602,1.806,0.09,0.591,0.637
CMP1409,Wishlist Wonders,Influencer Marketing,2022-09-25,2024-05-22,59452.8,1534.4,1312.0,6201.712,8395.456,Baia Mare,45-54,Female,605,0.354,0.026,0.855,4.727
CMP1410,Shop & Share,Social Media,2022-09-04,2024-05-17,48843.2,36976.0,21481.6,1530.144,5243.856,Galați,55+,Female,621,2.427,0.757,0.581,0.071
CMP1411,Seasonal Steals,Social Media,2022-11-23,2024-08-14,11177.6,1464.0,1160.0,7999.664,31609.728,Suceava,55+,Female,630,2.951,0.131,0.792,6.896
CMP1412,Seasonal Steals,Email,2022-07-14,2024-03-25,25713.6,16419.2,7081.6,6741.808,24631.568,Baia Mare,35-44,Female,620,2.654,0.639,0.431,0.952
CMP1413,Shop & Share,Social Media,2023-01-23,2024-09-22,72753.6,4017.6,2796.8,1868.8,5779.664,Galați,45-54,Female,608,2.093,0.055,0.696,0.668
CMP1414,Wishlist Wonders,Paid Ads,2022-05-21,2024-01-16,76643.2,9353.6,6016.0,6080.8,19984.48,Suceava,35-44,Female,605,2.286,0.122,0.643,1.011
CMP1415,Seasonal Steals,Influencer Marketing,2022-11-14,2024-07-24,68534.4,50358.4,21720.0,6452.016,12629.472,Târgu Mureș,45-54,Male,618,0.957,0.735,0.431,0.297
CMP1416,Cart to Couch,Paid Ads,2023-01-26,2024-09-26,40214.4,20121.6,15280.0,3322.032,8608.512,Târgu Mureș,25-34,Male,609,1.591,0.5,0.759,0.217
CMP1417,Wishlist Wonders,Email,2022-11-17,2024-07-28,30540.8,19996.8,12788.8,4251.92,9879.856,Suceava,45-54,Male,619,1.324,0.655,0.64,0.332
CMP1418,Deal of the Day,Email,2023-02-20,2024-10-31,45107.2,11953.6,10790.4,897.776,2046.496,Baia Mare,35-44,Female,619,1.28,0.265,0.903,0.083
CMP1419,Wishlist Wonders,Influencer Marketing,2022-10-14,2024-06-23,60022.4,43868.8,36580.8,2782.48,10291.664,Bacău,45-54,Female,618,2.699,0.731,0.834,0.076
CMP1420,Deal of the Day,Influencer Marketing,2023-01-09,2024-09-30,25246.4,24924.8,19982.4,497.872,1518.432,Bacău,18-24,Female,630,2.05,0.987,0.802,0.025
CMP1421,Deal of the Day,Email,2022-06-20,2024-02-22,35716.8,18203.2,17979.2,5118.304,17727.664,Târgu Mureș,35-44,Female,612,2.464,0.51,0.988,0.285
CMP1422,Flash Sale Frenzy,Email,2022-07-24,2024-03-19,68550.4,59884.8,46432.0,3778.192,7504.768,Bacău,55+,Female,604,0.986,0.874,0.775,0.081
CMP1423,Cart to Couch,Email,2023-01-10,2024-09-17,35672.0,10979.2,4099.2,2940.32,9984.448,Bacău,35-44,Female,616,2.396,0.308,0.373,0.717
CMP1424,Shop & Share,Influencer Marketing,2022-07-01,2024-03-10,45950.4,29403.2,4497.6,4969.968,19816.128,Târgu Mureș,55+,Male,618,2.987,0.64,0.153,1.105
CMP1425,Shop & Share,Email,2022-05-13,2024-01-16,74648.0,67025.6,63571.2,6887.024,12615.28,Baia Mare,18-24,Male,613,0.832,0.898,0.948,0.108
CMP1426,Seasonal Steals,Paid Ads,2022-12-17,2024-08-10,69980.8,58568.0,15224.0,3949.168,5673.552,Baia Mare,55+,Male,602,0.437,0.837,0.26,0.259
CMP1427,Deal of the Day,Paid Ads,2022-11-22,2024-08-13,2609.6,1747.2,1715.2,696.816,1074.512,Târgu Mureș,25-34,Female,630,0.542,0.67,0.982,0.406
CMP1428,Shop & Share,Social Media,2022-12-08,2024-08-02,46603.2,33563.2,12081.6,4070.0,6697.856,Târgu Mureș,45-54,Female,603,0.646,0.72,0.36,0.337
CMP1429,Wishlist Wonders,Influencer Marketing,2022-11-05,2024-07-27,5200.0,2009.6,251.2,989.2,3609.568,Suceava,55+,Female,630,2.649,0.386,0.125,3.938
CMP1430,Seasonal Steals,Social Media,2022-11-15,2024-08-01,61899.2,42504.0,3374.4,6208.88,19346.912,Bacău,35-44,Male,625,2.116,0.687,0.079,1.84
CMP1431,Seasonal Steals,Influencer Marketing,2022-11-06,2024-07-06,61846.4,3152.0,3097.6,1653.12,3794.576,Galați,55+,Female,608,1.295,0.051,0.983,0.534
CMP1432,Seasonal Steals,Email,2022-09-27,2024-06-14,51499.2,11542.4,200.0,7763.888,19212.56,Galați,35-44,Female,626,1.475,0.224,0.017,38.819
CMP1433,Cart to Couch,Paid Ads,2022-09-08,2024-05-17,49836.8,8424.0,6361.6,5976.928,10040.544,Târgu Mureș,55+,Female,617,0.68,0.169,0.755,0.94
CMP1434,Flash Sale Frenzy,Social Media,2022-09-02,2024-05-02,44115.2,41406.4,37118.4,1721.696,6115.856,Târgu Mureș,25-34,Male,608,2.552,0.939,0.896,0.046
CMP1435,Seasonal Steals,Paid Ads,2022-07-29,2024-04-11,44091.2,41353.6,36214.4,4885.408,14340.864,Bacău,18-24,Female,622,1.935,0.938,0.876,0.135
CMP1436,Shop & Share,Paid Ads,2022-12-09,2024-08-27,29961.6,22027.2,14155.2,416.048,1127.824,Galați,18-24,Male,627,1.711,0.735,0.643,0.029
CMP1437,Shop & Share,Paid Ads,2022-05-25,2024-02-13,13686.4,7993.6,7956.8,7321.136,9793.536,Galați,35-44,Female,629,0.338,0.584,0.995,0.92
CMP1438,Flash Sale Frenzy,Email,2022-06-22,2024-03-13,2651.2,1555.2,409.6,6562.784,10826.032,Târgu Mureș,18-24,Female,630,0.65,0.587,0.263,16.022
CMP1439,Shop & Share,Email,2022-12-10,2024-08-09,72889.6,31016.0,24628.8,1397.088,5116.976,Baia Mare,35-44,Male,608,2.663,0.426,0.794,0.057
CMP1440,Seasonal Steals,Influencer Marketing,2022-07-04,2024-03-06,71910.4,40806.4,20009.6,6279.6,24628.864,Galați,55+,Male,611,2.922,0.567,0.49,0.314
CMP1441,Shop & Share,Paid Ads,2022-05-24,2024-02-09,66547.2,8792.0,580.8,5801.312,8606.0,Baia Mare,25-34,Female,626,0.483,0.132,0.066,9.988
CMP1442,Seasonal Steals,Social Media,2022-12-05,2024-08-15,72684.8,23833.6,2113.6,626.224,2023.872,Târgu Mureș,35-44,Female,619,2.232,0.328,0.089,0.296
CMP1443,Cart to Couch,Paid Ads,2022-07-20,2024-03-19,2688.0,628.8,500.8,1499.568,3110.832,Suceava,55+,Female,608,1.074,0.234,0.796,2.994
CMP1444,Cart to Couch,Paid Ads,2023-01-13,2024-09-07,34704.0,31571.2,30976.0,2430.8,7722.96,Suceava,25-34,Male,603,2.177,0.91,0.981,0.078
CMP1445,Wishlist Wonders,Influencer Marketing,2022-09-02,2024-05-19,29571.2,25280.0,14368.0,1660.112,3922.752,Bacău,18-24,Female,625,1.363,0.855,0.568,0.116
CMP1446,Shop & Share,Influencer Marketing,2022-09-06,2024-05-15,44412.8,2030.4,1643.2,6793.328,20166.24,Baia Mare,25-34,Male,617,1.969,0.046,0.809,4.134
CMP1447,Deal of the Day,Social Media,2022-08-13,2024-04-26,47608.0,36616.0,34996.8,443.392,659.12,Târgu Mureș,25-34,Female,622,0.487,0.769,0.956,0.013
CMP1448,Cart to Couch,Email,2022-10-31,2024-06-29,72676.8,25252.8,20856.0,4467.776,14466.992,Galați,18-24,Male,607,2.238,0.347,0.826,0.214
CMP1449,Cart to Couch,Influencer Marketing,2022-05-11,2024-01-26,13123.2,10008.0,5294.4,5906.032,13613.28,Galați,45-54,Female,625,1.305,0.763,0.529,1.116
CMP1450,Wishlist Wonders,Paid Ads,2022-07-22,2024-04-04,75817.6,3291.2,2872.0,2408.912,7185.856,Târgu Mureș,45-54,Male,622,1.983,0.043,0.873,0.839
CMP1451,Wishlist Wonders,Social Media,2022-12-22,2024-08-19,64696.0,5011.2,3886.4,7225.152,9936.304,Târgu Mureș,18-24,Female,606,0.375,0.077,0.776,1.859
CMP1452,Wishlist Wonders,Social Media,2022-10-19,2024-07-06,11945.6,4660.8,3272.0,5325.536,11581.664,Târgu Mureș,35-44,Male,626,1.175,0.39,0.702,1.628
CMP1453,Wishlist Wonders,Influencer Marketing,2022-11-21,2024-07-29,45068.8,30827.2,3142.4,5386.592,9401.968,Târgu Mureș,45-54,Male,616,0.745,0.684,0.102,1.714
CMP1454,Cart to Couch,Paid Ads,2022-12-28,2024-08-22,8136.0,6340.8,1528.0,3198.656,10904.72,Bacău,18-24,Female,603,2.409,0.779,0.241,2.093
CMP1455,Cart to Couch,Email,2022-12-27,2024-08-28,67745.6,18166.4,15416.0,1297.888,3447.696,Bacău,55+,Female,610,1.656,0.268,0.849,0.084
CMP1456,Shop & Share,Paid Ads,2023-02-03,2024-09-30,10593.6,5792.0,2708.8,6375.264,24729.04,Bacău,45-54,Female,605,2.879,0.547,0.468,2.354
CMP1457,Shop & Share,Social Media,2022-12-15,2024-08-23,3118.4,1932.8,1411.2,5514.48,8374.32,Galați,35-44,Female,617,0.519,0.62,0.73,3.908
CMP1458,Deal of the Day,Email,2022-12-17,2024-08-19,64430.4,13488.0,5440.0,1949.408,4367.92,Galați,35-44,Male,611,1.241,0.209,0.403,0.358
CMP1459,Flash Sale Frenzy,Influencer Marketing,2022-08-12,2024-04-21,33540.8,24609.6,19868.8,3941.248,5066.048,Galați,55+,Female,618,0.285,0.734,0.807,0.198
CMP1460,Wishlist Wonders,Email,2022-11-15,2024-07-15,27734.4,2208.0,1708.8,7604.928,15386.576,Târgu Mureș,45-54,Male,608,1.023,0.08,0.774,4.45
CMP1461,Deal of the Day,Email,2022-06-25,2024-03-01,68619.2,52198.4,18694.4,4522.48,15102.08,Galați,55+,Male,615,2.339,0.761,0.358,0.242
CMP1462,Flash Sale Frenzy,Influencer Marketing,2022-08-25,2024-05-13,26480.0,23928.0,2332.8,5419.552,21016.128,Bacău,55+,Male,627,2.878,0.904,0.097,2.323
CMP1463,Deal of the Day,Social Media,2022-09-17,2024-06-02,32252.8,28080.0,27808.0,1897.008,7372.288,Galați,25-34,Male,624,2.886,0.871,0.99,0.068
CMP1464,Wishlist Wonders,Email,2022-11-10,2024-07-15,50060.8,29204.8,13764.8,3901.136,14990.336,Galați,55+,Female,613,2.843,0.583,0.471,0.283
CMP1465,Flash Sale Frenzy,Paid Ads,2022-06-30,2024-03-09,54227.2,5603.2,2915.2,5450.992,11467.952,Suceava,45-54,Female,618,1.104,0.103,0.52,1.87
CMP1466,Shop & Share,Paid Ads,2022-10-06,2024-06-05,69848.0,2876.8,329.6,5536.64,21875.168,Galați,35-44,Male,608,2.951,0.041,0.115,16.798
CMP1467,Shop & Share,Social Media,2022-11-11,2024-07-13,17817.6,1217.6,684.8,2482.304,3644.176,Galați,35-44,Male,610,0.468,0.068,0.562,3.625
CMP1468,Deal of the Day,Social Media,2022-08-10,2024-04-15,48425.6,10702.4,2972.8,4077.68,15118.048,Galați,45-54,Male,614,2.708,0.221,0.278,1.372
CMP1469,Flash Sale Frenzy,Paid Ads,2022-06-03,2024-02-22,43779.2,33862.4,32396.8,5168.976,15688.784,Baia Mare,18-24,Female,629,2.035,0.773,0.957,0.16
CMP1470,Shop & Share,Paid Ads,2022-05-27,2024-01-30,2977.6,2187.2,843.2,3099.52,12240.432,Bacău,45-54,Female,613,2.949,0.735,0.386,3.676
CMP1471,Seasonal Steals,Social Media,2022-06-26,2024-03-12,55876.8,40484.8,36091.2,7171.072,18650.224,Suceava,18-24,Female,625,1.601,0.725,0.891,0.199
CMP1472,Cart to Couch,Paid Ads,2022-10-18,2024-06-26,74672.0,13990.4,7008.0,6383.984,10062.896,Suceava,45-54,Female,617,0.576,0.187,0.501,0.911
CMP1473,Seasonal Steals,Influencer Marketing,2022-06-06,2024-02-04,5774.4,582.4,508.8,2100.048,3477.776,Baia Mare,55+,Female,608,0.656,0.101,0.874,4.127
CMP1474,Deal of the Day,Paid Ads,2022-06-23,2024-02-27,72566.4,66899.2,38816.0,5010.96,12418.032,Târgu Mureș,25-34,Female,614,1.478,0.922,0.58,0.129
CMP1475,Flash Sale Frenzy,Influencer Marketing,2022-09-29,2024-06-20,21086.4,6531.2,1766.4,6813.04,22248.576,Suceava,18-24,Male,630,2.266,0.31,0.27,3.857
CMP1476,Deal of the Day,Influencer Marketing,2022-10-31,2024-07-14,11292.8,10137.6,3936.0,4024.848,8445.84,Galați,35-44,Female,622,1.098,0.898,0.388,1.023
CMP1477,Shop & Share,Paid Ads,2022-08-26,2024-04-26,25200.0,4921.6,2931.2,3370.448,8488.736,Galați,55+,Female,609,1.519,0.195,0.596,1.15
CMP1478,Deal of the Day,Paid Ads,2023-02-03,2024-10-23,55419.2,43776.0,7174.4,7052.72,18684.608,Bacău,55+,Male,628,1.649,0.79,0.164,0.983
CMP1479,Shop & Share,Influencer Marketing,2023-02-05,2024-10-16,26675.2,598.4,369.6,3324.464,9670.608,Bacău,35-44,Female,619,1.909,0.022,0.618,8.995
CMP1480,Deal of the Day,Email,2022-09-10,2024-05-16,12700.8,7859.2,1964.8,4412.224,14705.104,Bacău,35-44,Male,614,2.333,0.619,0.25,2.246
CMP1481,Flash Sale Frenzy,Email,2022-08-15,2024-04-15,42696.0,628.8,222.4,2514.08,8159.648,Suceava,45-54,Female,609,2.246,0.015,0.354,11.304
CMP1482,Shop & Share,Influencer Marketing,2023-01-27,2024-10-14,26702.4,25656.0,11544.0,3944.336,9184.784,Suceava,35-44,Female,626,1.329,0.961,0.45,0.342
CMP1483,Wishlist Wonders,Paid Ads,2022-12-08,2024-08-16,26987.2,18841.6,6524.8,4889.04,11476.832,Galați,45-54,Male,617,1.347,0.698,0.346,0.749
CMP1484,Shop & Share,Email,2022-10-15,2024-06-14,44974.4,20808.0,4086.4,6120.352,19510.0,Târgu Mureș,55+,Female,608,2.188,0.463,0.196,1.498
CMP1485,Seasonal Steals,Social Media,2022-05-18,2024-02-04,28659.2,24414.4,10116.8,7058.544,22003.408,Suceava,55+,Male,627,2.117,0.852,0.414,0.698
CMP1486,Flash Sale Frenzy,Email,2022-07-25,2024-03-27,41409.6,21585.6,19788.8,4284.56,10462.592,Bacău,55+,Female,611,1.442,0.521,0.917,0.217
CMP1487,Flash Sale Frenzy,Social Media,2023-02-21,2024-10-18,11864.0,1537.6,992.0,3731.504,8919.84,Bacău,25-34,Female,605,1.39,0.13,0.645,3.762
CMP1488,Flash Sale Frenzy,Influencer Marketing,2022-09-11,2024-05-28,14958.4,2932.8,137.6,4990.896,19440.288,Suceava,55+,Male,625,2.895,0.196,0.047,36.271
CMP1489,Cart to Couch,Influencer Marketing,2023-01-11,2024-09-12,46148.8,23526.4,12862.4,4633.056,16736.48,Galați,45-54,Female,610,2.612,0.51,0.547,0.36
CMP1490,Flash Sale Frenzy,Paid Ads,2022-11-27,2024-08-17,79118.4,62288.0,15715.2,4034.784,5837.392,Bacău,55+,Female,629,0.447,0.787,0.252,0.257
CMP1491,Wishlist Wonders,Influencer Marketing,2022-05-20,2024-01-26,55550.4,45075.2,33972.8,7030.88,20039.856,Bacău,35-44,Male,616,1.85,0.811,0.754,0.207
CMP1492,Cart to Couch,Paid Ads,2022-05-24,2024-01-22,4347.2,1180.8,73.6,7390.576,15706.88,Bacău,25-34,Female,608,1.125,0.272,0.062,100.415
CMP1493,Flash Sale Frenzy,Social Media,2022-08-25,2024-05-07,70232.0,14787.2,1598.4,4616.208,14076.144,Bacău,55+,Female,621,2.049,0.211,0.108,2.888
CMP1494,Flash Sale Frenzy,Email,2022-07-12,2024-03-25,44331.2,32656.0,4816.0,7749.152,13245.792,Galați,18-24,Male,622,0.709,0.737,0.147,1.609
CMP1495,Shop & Share,Influencer Marketing,2023-01-08,2024-09-10,74048.0,58864.0,52942.4,1921.376,2625.808,Baia Mare,55+,Female,611,0.367,0.795,0.899,0.036
CMP1496,Shop & Share,Email,2022-09-18,2024-05-15,3326.4,1745.6,219.2,3891.04,14738.544,Galați,55+,Female,605,2.788,0.525,0.126,17.751
CMP1497,Wishlist Wonders,Influencer Marketing,2022-06-16,2024-03-07,38398.4,10856.0,1945.6,2673.696,7989.76,Baia Mare,45-54,Female,630,1.988,0.283,0.179,1.374
CMP1498,Deal of the Day,Influencer Marketing,2022-05-25,2024-02-09,36876.8,9467.2,8360.0,7416.512,11721.152,Baia Mare,45-54,Female,625,0.58,0.257,0.883,0.887
CMP1499,Shop & Share,Email,2022-05-30,2024-02-19,6600.0,3003.2,1556.8,1206.576,3548.304,Bacău,35-44,Female,630,1.941,0.455,0.518,0.775
CMP1500,Wishlist Wonders,Social Media,2022-05-18,2024-02-03,19334.4,13012.8,12377.6,1738.368,3633.392,Baia Mare,55+,Female,626,1.09,0.673,0.951,0.14
CMP1501,Deal of the Day,Influencer Marketing,2023-03-02,2024-11-05,41996.8,22476.8,14369.6,816.16,2459.024,Galați,25-34,Female,614,2.013,0.535,0.639,0.057
CMP1502,Cart to Couch,Paid Ads,2022-08-26,2024-05-12,38865.6,35179.2,5436.8,5389.808,16734.496,Galați,18-24,Female,625,2.105,0.905,0.155,0.991
CMP1503,Wishlist Wonders,Paid Ads,2022-12-25,2024-08-27,12024.0,3289.6,1339.2,276.912,1031.392,Baia Mare,35-44,Female,611,2.725,0.274,0.407,0.207
CMP1504,Shop & Share,Paid Ads,2023-02-18,2024-11-04,12980.8,9025.6,606.4,2926.016,9035.744,Suceava,18-24,Female,625,2.088,0.695,0.067,4.825
CMP1505,Deal of the Day,Social Media,2023-01-15,2024-09-20,12721.6,7417.6,5033.6,7534.72,9974.48,Suceava,18-24,Female,614,0.324,0.583,0.679,1.497
CMP1506,Seasonal Steals,Influencer Marketing,2022-05-20,2024-02-05,75574.4,58856.0,33312.0,3092.08,10902.224,Suceava,55+,Female,626,2.526,0.779,0.566,0.093
CMP1507,Shop & Share,Paid Ads,2022-12-29,2024-08-23,37284.8,15443.2,9590.4,7972.864,26594.16,Galați,18-24,Male,603,2.336,0.414,0.621,0.831
CMP1508,Deal of the Day,Email,2022-08-04,2024-04-10,50489.6,39390.4,38492.8,3060.368,8048.064,Târgu Mureș,35-44,Male,615,1.63,0.78,0.977,0.08
CMP1509,Deal of the Day,Influencer Marketing,2022-06-02,2024-02-13,13574.4,8262.4,5606.4,1170.16,4356.496,Bacău,35-44,Male,621,2.723,0.609,0.679,0.209
CMP1510,Shop & Share,Social Media,2022-11-19,2024-08-05,35008.0,14491.2,13913.6,1313.04,4011.136,Suceava,45-54,Female,625,2.055,0.414,0.96,0.094
CMP1511,Seasonal Steals,Email,2022-07-03,2024-02-26,47171.2,5390.4,1454.4,4932.384,9418.048,Târgu Mureș,35-44,Female,603,0.909,0.114,0.27,3.391
CMP1512,Flash Sale Frenzy,Social Media,2022-10-12,2024-06-16,59625.6,10000.0,1024.0,4593.424,12761.424,Bacău,55+,Female,613,1.778,0.168,0.102,4.486
CMP1513,Cart to Couch,Paid Ads,2023-02-22,2024-11-13,33243.2,4585.6,4361.6,7128.512,17977.6,Bacău,35-44,Female,630,1.522,0.138,0.951,1.634
CMP1514,Flash Sale Frenzy,Email,2022-05-31,2024-02-20,5766.4,929.6,798.4,1391.568,2184.032,Baia Mare,35-44,Female,630,0.569,0.161,0.859,1.743
CMP1515,Deal of the Day,Email,2023-01-23,2024-09-21,44961.6,27715.2,17459.2,6442.928,18619.744,Baia Mare,55+,Female,607,1.89,0.616,0.63,0.369
CMP1516,Flash Sale Frenzy,Social Media,2022-12-25,2024-08-29,65163.2,36620.8,19024.0,6745.504,22769.456,Suceava,25-34,Female,613,2.376,0.562,0.519,0.355
CMP1517,Flash Sale Frenzy,Influencer Marketing,2022-05-27,2024-02-04,40192.0,32472.0,18761.6,5521.904,19384.336,Galați,55+,Male,618,2.51,0.808,0.578,0.294
CMP1518,Cart to Couch,Social Media,2022-07-19,2024-03-18,31875.2,17574.4,7473.6,2851.408,9856.624,Galați,45-54,Female,608,2.457,0.551,0.425,0.382
CMP1519,Flash Sale Frenzy,Email,2023-02-08,2024-10-06,21035.2,9212.8,4849.6,5429.584,19874.704,Suceava,55+,Male,606,2.66,0.438,0.526,1.12
CMP1520,Wishlist Wonders,Paid Ads,2022-10-10,2024-07-01,18281.6,2635.2,2064.0,6093.68,15185.392,Galați,45-54,Female,630,1.492,0.144,0.783,2.952
CMP1521,Seasonal Steals,Paid Ads,2022-11-22,2024-08-03,40852.8,372.8,136.0,6773.936,9600.128,Galați,55+,Male,620,0.417,0.009,0.365,49.808
CMP1522,Shop & Share,Email,2022-10-18,2024-06-20,65996.8,19923.2,9169.6,4513.04,13117.408,Târgu Mureș,18-24,Male,611,1.907,0.302,0.46,0.492
CMP1523,Flash Sale Frenzy,Social Media,2022-12-29,2024-09-08,2974.4,1966.4,1617.6,2196.112,2791.92,Baia Mare,55+,Female,619,0.271,0.661,0.823,1.358
CMP1524,Cart to Couch,Email,2022-10-29,2024-07-09,68918.4,48484.8,32734.4,6446.672,9405.824,Galați,55+,Female,619,0.459,0.704,0.675,0.197
CMP1525,Wishlist Wonders,Email,2022-08-29,2024-05-06,18902.4,9838.4,9156.8,2993.152,4059.168,Baia Mare,45-54,Female,616,0.356,0.52,0.931,0.327
CMP1526,Cart to Couch,Influencer Marketing,2022-09-14,2024-05-28,63278.4,52721.6,40548.8,2142.864,3860.272,Galați,18-24,Male,622,0.801,0.833,0.769,0.053
CMP1527,Wishlist Wonders,Paid Ads,2022-10-05,2024-06-14,41321.6,30694.4,28563.2,7910.624,22741.008,Bacău,55+,Female,618,1.875,0.743,0.931,0.277
CMP1528,Deal of the Day,Email,2022-11-26,2024-08-17,68364.8,15392.0,12692.8,7039.28,20983.792,Baia Mare,45-54,Female,630,1.981,0.225,0.825,0.555
CMP1529,Wishlist Wonders,Social Media,2022-07-04,2024-03-05,21457.6,5755.2,5304.0,1175.84,3216.112,Baia Mare,25-34,Male,610,1.735,0.268,0.922,0.222
CMP1530,Deal of the Day,Influencer Marketing,2022-05-18,2024-02-02,33737.6,25988.8,16939.2,1207.392,4768.56,Baia Mare,35-44,Female,625,2.949,0.77,0.652,0.071
CMP1531,Wishlist Wonders,Influencer Marketing,2023-01-29,2024-10-02,22304.0,6675.2,896.0,3698.912,12797.744,Târgu Mureș,35-44,Female,612,2.46,0.299,0.134,4.128
CMP1532,Seasonal Steals,Influencer Marketing,2022-12-05,2024-08-17,28396.8,20830.4,9054.4,1917.648,7504.608,Bacău,18-24,Male,621,2.913,0.734,0.435,0.212
CMP1533,Seasonal Steals,Social Media,2022-08-05,2024-04-17,9876.8,3742.4,1336.0,2988.784,11754.096,Baia Mare,25-34,Female,621,2.933,0.379,0.357,2.237
CMP1534,Flash Sale Frenzy,Social Media,2023-01-19,2024-09-23,53940.8,50193.6,23307.2,3382.832,11486.368,Bacău,55+,Male,613,2.395,0.931,0.464,0.145
CMP1535,Seasonal Steals,Paid Ads,2022-12-22,2024-09-12,3264.0,2897.6,1523.2,6384.064,19465.12,Suceava,35-44,Male,630,2.049,0.888,0.526,4.191
CMP1536,Flash Sale Frenzy,Email,2022-10-26,2024-06-24,40340.8,39680.0,18958.4,2329.344,4340.912,Bacău,18-24,Female,607,0.864,0.984,0.478,0.123
CMP1537,Wishlist Wonders,Influencer Marketing,2023-02-07,2024-10-27,22947.2,13105.6,10620.8,7232.624,27739.328,Bacău,45-54,Female,628,2.835,0.571,0.81,0.681
CMP1538,Flash Sale Frenzy,Paid Ads,2022-08-23,2024-04-24,27753.6,11864.0,9428.8,7468.704,19702.656,Galați,45-54,Female,610,1.638,0.427,0.795,0.792
CMP1539,Shop & Share,Influencer Marketing,2022-06-08,2024-02-21,16947.2,9246.4,6720.0,7751.904,18761.232,Galați,35-44,Female,623,1.42,0.546,0.727,1.154
CMP1540,Wishlist Wonders,Paid Ads,2022-12-31,2024-08-25,53532.8,28633.6,27377.6,4474.448,11715.712,Baia Mare,45-54,Female,603,1.618,0.535,0.956,0.163
CMP1541,Flash Sale Frenzy,Social Media,2023-02-20,2024-11-01,49028.8,33820.8,3756.8,1330.48,3975.344,Suceava,35-44,Female,620,1.988,0.69,0.111,0.354
CMP1542,Shop & Share,Paid Ads,2023-01-30,2024-10-03,34524.8,17272.0,8536.0,2832.064,6122.352,Baia Mare,55+,Female,612,1.162,0.5,0.494,0.332
CMP1543,Wishlist Wonders,Paid Ads,2022-06-24,2024-02-17,43721.6,12107.2,2270.4,2789.056,3692.816,Suceava,55+,Male,603,0.324,0.277,0.188,1.228
CMP1544,Wishlist Wonders,Email,2022-07-15,2024-03-21,37499.2,15208.0,2220.8,5713.488,6858.464,Târgu Mureș,55+,Female,615,0.2,0.406,0.146,2.573
CMP1545,Deal of the Day,Social Media,2022-10-08,2024-06-22,52960.0,13553.6,12348.8,5497.6,18863.36,Bacău,25-34,Female,623,2.431,0.256,0.911,0.445
CMP1546,Flash Sale Frenzy,Influencer Marketing,2023-02-08,2024-10-27,29190.4,4944.0,1579.2,6561.184,24525.44,Galați,35-44,Female,627,2.738,0.169,0.319,4.155
CMP1547,Flash Sale Frenzy,Paid Ads,2022-06-23,2024-02-28,67275.2,4252.8,1308.8,2689.872,6497.6,Galați,55+,Male,615,1.416,0.063,0.308,2.055
CMP1548,Shop & Share,Paid Ads,2022-10-02,2024-05-26,3184.0,3027.2,612.8,4207.12,8782.944,Baia Mare,45-54,Female,602,1.088,0.951,0.202,6.865
CMP1549,Cart to Couch,Social Media,2023-02-03,2024-10-25,46278.4,31134.4,27556.8,3474.272,9903.472,Galați,18-24,Male,630,1.851,0.673,0.885,0.126
CMP1550,Cart to Couch,Paid Ads,2023-02-08,2024-10-02,9393.6,7404.8,1364.8,6034.912,19812.784,Galați,45-54,Male,602,2.283,0.788,0.184,4.422
CMP1551,Seasonal Steals,Paid Ads,2022-08-08,2024-04-09,59601.6,33944.0,7307.2,6836.4,23352.72,Târgu Mureș,25-34,Male,610,2.416,0.57,0.215,0.936
CMP1552,Deal of the Day,Paid Ads,2022-05-12,2024-01-20,41808.0,17217.6,6267.2,743.424,1736.576,Bacău,18-24,Male,618,1.336,0.412,0.364,0.119
CMP1553,Shop & Share,Influencer Marketing,2022-07-29,2024-04-06,24596.8,1932.8,219.2,255.712,370.928,Bacău,18-24,Female,617,0.451,0.079,0.113,1.167
CMP1554,Wishlist Wonders,Influencer Marketing,2022-07-25,2024-04-04,26769.6,20009.6,19587.2,2302.864,4071.408,Suceava,35-44,Female,619,0.768,0.747,0.979,0.118
CMP1555,Shop & Share,Paid Ads,2022-08-01,2024-03-29,66320.0,33707.2,11988.8,5266.624,15725.36,Galați,45-54,Female,606,1.986,0.508,0.356,0.439
CMP1556,Seasonal Steals,Social Media,2022-05-27,2024-02-15,70326.4,11568.0,3665.6,3226.672,8644.608,Târgu Mureș,18-24,Male,629,1.679,0.164,0.317,0.88
CMP1557,Wishlist Wonders,Paid Ads,2023-01-07,2024-09-04,62545.6,8212.8,6500.8,2327.808,7799.472,Baia Mare,55+,Male,606,2.351,0.131,0.792,0.358
CMP1558,Deal of the Day,Influencer Marketing,2022-05-13,2024-01-18,35867.2,736.0,508.8,6085.92,8442.832,Galați,45-54,Female,615,0.387,0.021,0.691,11.961
CMP1559,Deal of the Day,Paid Ads,2022-09-17,2024-05-14,41520.0,29448.0,9795.2,546.56,1864.944,Galați,55+,Female,605,2.412,0.709,0.333,0.056
CMP1560,Flash Sale Frenzy,Influencer Marketing,2022-05-17,2024-01-24,76582.4,62620.8,34072.0,6366.448,16114.896,Galați,55+,Female,617,1.531,0.818,0.544,0.187
CMP1561,Wishlist Wonders,Email,2022-07-25,2024-03-30,33108.8,15486.4,3822.4,1595.52,2181.648,Bacău,55+,Female,614,0.367,0.468,0.247,0.417
CMP1562,Cart to Couch,Influencer Marketing,2023-02-01,2024-10-01,20022.4,2078.4,614.4,6155.072,8183.232,Baia Mare,45-54,Male,608,0.33,0.104,0.296,10.018
CMP1563,Flash Sale Frenzy,Email,2023-02-19,2024-10-19,7646.4,4136.0,236.8,7967.472,10057.488,Târgu Mureș,35-44,Male,608,0.262,0.541,0.057,33.646
CMP1564,Seasonal Steals,Social Media,2022-05-30,2024-01-27,22422.4,20795.2,3764.8,4431.856,7426.72,Galați,18-24,Female,607,0.676,0.927,0.181,1.177
CMP1565,Cart to Couch,Influencer Marketing,2022-05-14,2024-01-16,65915.2,12521.6,8547.2,2755.2,5762.864,Bacău,35-44,Female,612,1.092,0.19,0.683,0.322
CMP1566,Deal of the Day,Email,2022-08-04,2024-04-13,51419.2,38398.4,37440.0,4108.448,14846.016,Târgu Mureș,35-44,Female,618,2.614,0.747,0.975,0.11
CMP1567,Seasonal Steals,Influencer Marketing,2022-12-13,2024-08-06,56233.6,4865.6,1385.6,5141.92,11603.456,Galați,45-54,Female,602,1.257,0.087,0.285,3.711
CMP1568,Flash Sale Frenzy,Influencer Marketing,2022-10-16,2024-06-13,28353.6,24987.2,3059.2,7717.968,9609.952,Târgu Mureș,45-54,Male,606,0.245,0.881,0.122,2.523
CMP1569,Flash Sale Frenzy,Social Media,2022-07-22,2024-03-23,54400.0,5500.8,2046.4,3499.216,7166.304,Suceava,18-24,Male,610,1.048,0.101,0.372,1.71
CMP1570,Seasonal Steals,Influencer Marketing,2022-05-14,2024-01-25,70452.8,6931.2,1974.4,4387.632,8271.872,Târgu Mureș,18-24,Female,621,0.885,0.098,0.285,2.222
CMP1571,Deal of the Day,Email,2022-07-23,2024-03-15,5649.6,3812.8,2844.8,6522.656,18779.456,Bacău,35-44,Female,601,1.879,0.675,0.746,2.293
CMP1572,Wishlist Wonders,Paid Ads,2023-02-22,2024-10-26,57771.2,44387.2,32774.4,7710.784,29002.592,Bacău,45-54,Female,612,2.761,0.768,0.738,0.235
CMP1573,Flash Sale Frenzy,Social Media,2022-09-19,2024-06-09,34984.0,7286.4,5864.0,7318.176,9984.752,Galați,35-44,Male,629,0.364,0.208,0.805,1.248
CMP1574,Cart to Couch,Influencer Marketing,2023-01-12,2024-09-23,69816.0,20115.2,5993.6,3928.704,4940.128,Baia Mare,55+,Male,620,0.257,0.288,0.298,0.655
CMP1575,Flash Sale Frenzy,Email,2022-11-25,2024-08-07,69294.4,37812.8,21766.4,665.44,1274.832,Baia Mare,35-44,Male,621,0.916,0.546,0.576,0.031
CMP1576,Deal of the Day,Social Media,2022-11-28,2024-08-19,1787.2,1451.2,425.6,227.248,441.344,Galați,45-54,Female,630,0.942,0.812,0.293,0.534
CMP1577,Seasonal Steals,Social Media,2022-08-25,2024-04-30,59553.6,49049.6,37515.2,7799.136,24000.464,Galați,25-34,Female,614,2.077,0.824,0.765,0.208
CMP1578,Shop & Share,Paid Ads,2022-06-07,2024-02-04,10934.4,7244.8,3217.6,2627.184,3413.808,Bacău,18-24,Male,607,0.299,0.663,0.444,0.817
CMP1579,Cart to Couch,Social Media,2022-12-12,2024-08-24,32766.4,20825.6,5096.0,7303.216,19571.92,Baia Mare,18-24,Male,621,1.68,0.636,0.245,1.433
CMP1580,Cart to Couch,Social Media,2023-02-12,2024-10-14,58364.8,28769.6,396.8,5578.496,15309.376,Baia Mare,35-44,Female,610,1.744,0.493,0.014,14.059
CMP1581,Shop & Share,Social Media,2022-12-26,2024-09-12,6878.4,3596.8,3227.2,4620.672,8071.424,Galați,55+,Female,626,0.747,0.523,0.897,1.432
CMP1582,Shop & Share,Email,2022-12-18,2024-08-11,58420.8,17889.6,6801.6,689.232,2741.84,Galați,18-24,Female,602,2.978,0.306,0.38,0.101
CMP1583,Seasonal Steals,Paid Ads,2022-12-04,2024-08-16,57892.8,15372.8,13243.2,5939.936,15732.656,Baia Mare,45-54,Male,621,1.649,0.266,0.861,0.449
CMP1584,Wishlist Wonders,Social Media,2022-09-17,2024-05-24,16640.0,16395.2,13939.2,2638.08,9789.744,Târgu Mureș,35-44,Female,615,2.711,0.985,0.85,0.189
CMP1585,Flash Sale Frenzy,Paid Ads,2023-02-26,2024-11-07,16139.2,7531.2,923.2,306.88,593.408,Baia Mare,45-54,Male,620,0.934,0.467,0.123,0.332
CMP1586,Shop & Share,Influencer Marketing,2022-08-31,2024-05-01,67121.6,52470.4,21924.8,7844.656,23315.36,Suceava,18-24,Male,609,1.972,0.782,0.418,0.358
CMP1587,Deal of the Day,Social Media,2022-08-31,2024-05-13,11419.2,10267.2,3945.6,4088.08,6540.8,Bacău,18-24,Female,621,0.6,0.899,0.384,1.036
CMP1588,Flash Sale Frenzy,Influencer Marketing,2022-12-02,2024-08-02,75027.2,61240.0,53995.2,7139.856,16597.584,Galați,55+,Female,609,1.325,0.816,0.882,0.132
CMP1589,Wishlist Wonders,Email,2022-10-05,2024-06-17,41393.6,28168.0,19656.0,5855.232,20412.256,Târgu Mureș,55+,Male,621,2.486,0.68,0.698,0.298
CMP1590,Wishlist Wonders,Paid Ads,2022-07-03,2024-03-24,21792.0,5467.2,4606.4,7928.144,19262.96,Bacău,45-54,Female,630,1.43,0.251,0.843,1.721
CMP1591,Cart to Couch,Social Media,2022-11-20,2024-08-11,23600.0,11622.4,8336.0,1516.88,5363.872,Târgu Mureș,18-24,Female,630,2.536,0.492,0.717,0.182
CMP1592,Wishlist Wonders,Email,2022-10-13,2024-06-25,54267.2,6873.6,1457.6,5751.632,9670.064,Suceava,35-44,Female,621,0.681,0.127,0.212,3.946
CMP1593,Flash Sale Frenzy,Social Media,2022-09-17,2024-05-26,55160.0,6803.2,310.4,5868.192,22476.256,Baia Mare,45-54,Female,617,2.83,0.123,0.046,18.905
CMP1594,Deal of the Day,Paid Ads,2022-06-08,2024-02-06,12912.0,249.6,105.6,896.384,2038.416,Târgu Mureș,25-34,Female,608,1.274,0.019,0.423,8.488
CMP1595,Seasonal Steals,Paid Ads,2022-05-12,2024-01-27,74312.0,30233.6,9385.6,4754.8,9086.544,Bacău,45-54,Male,625,0.911,0.407,0.31,0.507
CMP1596,Flash Sale Frenzy,Social Media,2023-01-11,2024-09-07,11614.4,8961.6,4385.6,7851.28,13274.08,Suceava,25-34,Female,605,0.691,0.772,0.489,1.79
CMP1597,Seasonal Steals,Email,2022-06-28,2024-03-07,70550.4,18100.8,12363.2,743.632,2050.224,Târgu Mureș,18-24,Female,618,1.757,0.257,0.683,0.06
CMP1598,Flash Sale Frenzy,Paid Ads,2023-01-29,2024-10-12,69009.6,6604.8,1320.0,265.232,599.616,Suceava,55+,Male,622,1.261,0.096,0.2,0.201
CMP1599,Shop & Share,Influencer Marketing,2022-12-09,2024-08-12,65403.2,25611.2,21764.8,1630.528,5604.8,Târgu Mureș,55+,Female,612,2.437,0.392,0.85,0.075
CMP1600,Cart to Couch,Social Media,2023-02-20,2024-10-26,10401.6,10326.4,2184.0,7179.04,12572.336,Baia Mare,55+,Male,614,0.751,0.993,0.211,3.287
CMP1601,Flash Sale Frenzy,Paid Ads,2022-07-26,2024-03-31,31182.4,1860.8,1484.8,7798.8,21721.664,Galați,55+,Male,614,1.785,0.06,0.798,5.252
CMP1602,Seasonal Steals,Social Media,2022-08-24,2024-04-16,49608.0,48979.2,26320.0,5448.384,13175.568,Târgu Mureș,45-54,Female,601,1.418,0.987,0.537,0.207
CMP1603,Deal of the Day,Paid Ads,2023-01-27,2024-10-07,71206.4,54833.6,15304.0,4377.936,14369.392,Suceava,18-24,Female,619,2.282,0.77,0.279,0.286
CMP1604,Wishlist Wonders,Paid Ads,2023-02-27,2024-11-05,67259.2,42708.8,22745.6,4515.632,17686.944,Bacău,25-34,Female,617,2.917,0.635,0.533,0.199
CMP1605,Seasonal Steals,Social Media,2022-08-04,2024-04-01,2336.0,894.4,81.6,4346.144,6037.2,Bacău,55+,Female,606,0.389,0.383,0.091,53.262
CMP1606,Shop & Share,Influencer Marketing,2022-07-24,2024-03-31,30918.4,27688.0,180.8,6351.216,23689.136,Suceava,25-34,Male,616,2.73,0.896,0.007,35.128
CMP1607,Cart to Couch,Paid Ads,2022-10-06,2024-06-08,12697.6,4617.6,2200.0,4441.968,6787.424,Suceava,25-34,Female,611,0.528,0.364,0.476,2.019
CMP1608,Seasonal Steals,Email,2022-09-28,2024-06-03,71851.2,44795.2,10694.4,517.328,791.808,Bacău,55+,Male,614,0.531,0.623,0.239,0.048
CMP1609,Seasonal Steals,Email,2022-12-29,2024-08-21,77587.2,577.6,124.8,3354.128,12537.248,Suceava,25-34,Female,601,2.738,0.007,0.216,26.876
CMP1610,Wishlist Wonders,Influencer Marketing,2022-09-28,2024-06-08,20273.6,7070.4,3416.0,499.504,696.272,Târgu Mureș,35-44,Female,619,0.394,0.349,0.483,0.146
CMP1611,Shop & Share,Paid Ads,2022-07-07,2024-03-27,44603.2,26380.8,6328.0,6766.752,11254.864,Galați,35-44,Male,629,0.663,0.591,0.24,1.069
CMP1612,Wishlist Wonders,Social Media,2022-06-20,2024-02-26,69992.0,46828.8,19833.6,1479.552,4998.912,Bacău,18-24,Male,616,2.379,0.669,0.424,0.075
CMP1613,Cart to Couch,Email,2023-02-09,2024-10-13,33668.8,27934.4,18731.2,5277.28,16333.184,Suceava,35-44,Female,612,2.095,0.83,0.671,0.282
CMP1614,Cart to Couch,Social Media,2022-10-08,2024-06-25,25145.6,10184.0,7688.0,3179.632,8030.576,Baia Mare,25-34,Female,626,1.526,0.405,0.755,0.414
CMP1615,Cart to Couch,Email,2022-06-01,2024-02-18,43032.0,31542.4,10494.4,2035.984,6240.272,Galați,25-34,Female,627,2.065,0.733,0.333,0.194
CMP1616,Shop & Share,Email,2022-05-30,2024-02-09,42118.4,20049.6,9657.6,952.64,2845.296,Târgu Mureș,55+,Female,620,1.987,0.476,0.482,0.099
CMP1617,Wishlist Wonders,Paid Ads,2022-10-28,2024-06-29,30979.2,13843.2,12118.4,5766.544,14092.432,Târgu Mureș,55+,Male,610,1.444,0.447,0.875,0.476
CMP1618,Deal of the Day,Influencer Marketing,2022-12-21,2024-08-22,78372.8,19590.4,15552.0,702.288,1053.52,Bacău,25-34,Female,610,0.5,0.25,0.794,0.045
CMP1619,Flash Sale Frenzy,Influencer Marketing,2023-02-11,2024-10-11,18507.2,6217.6,4894.4,403.808,1022.56,Târgu Mureș,25-34,Female,608,1.532,0.336,0.787,0.083
CMP1620,Cart to Couch,Email,2022-08-14,2024-04-19,32846.4,537.6,422.4,4961.664,8520.272,Suceava,18-24,Female,614,0.717,0.016,0.786,11.746
CMP1621,Wishlist Wonders,Email,2023-03-02,2024-11-10,49864.0,4907.2,1955.2,4765.232,9133.936,Suceava,45-54,Female,619,0.917,0.098,0.398,2.437
CMP1622,Flash Sale Frenzy,Social Media,2022-07-21,2024-03-15,44281.6,15427.2,11363.2,1009.792,2564.912,Baia Mare,35-44,Female,603,1.54,0.348,0.737,0.089
CMP1623,Cart to Couch,Social Media,2023-02-28,2024-11-15,43211.2,7808.0,5604.8,2667.328,5037.072,Bacău,25-34,Female,626,0.888,0.181,0.718,0.476
CMP1624,Wishlist Wonders,Social Media,2022-10-21,2024-06-13,4606.4,1963.2,1849.6,3078.416,6239.456,Târgu Mureș,35-44,Female,601,1.027,0.426,0.942,1.664
CMP1625,Deal of the Day,Social Media,2022-08-28,2024-05-19,16584.0,16024.0,2750.4,441.36,1301.44,Galați,25-34,Male,630,1.949,0.966,0.172,0.16
CMP1626,Deal of the Day,Email,2022-07-15,2024-03-30,14875.2,1545.6,836.8,3307.424,5661.088,Galați,55+,Female,624,0.712,0.104,0.541,3.952
CMP1627,Flash Sale Frenzy,Influencer Marketing,2022-11-12,2024-07-20,3896.0,1147.2,865.6,7206.752,13790.8,Târgu Mureș,18-24,Male,616,0.914,0.294,0.755,8.326
CMP1628,Seasonal Steals,Paid Ads,2022-11-10,2024-07-27,1849.6,470.4,292.8,6610.416,13045.616,Galați,45-54,Female,625,0.973,0.254,0.622,22.577
CMP1629,Cart to Couch,Social Media,2022-05-24,2024-01-20,13648.0,6068.8,2059.2,7562.736,16255.648,Galați,55+,Female,606,1.149,0.445,0.339,3.673
CMP1630,Flash Sale Frenzy,Influencer Marketing,2022-07-01,2024-02-25,11768.0,819.2,772.8,6288.048,17838.736,Târgu Mureș,25-34,Male,604,1.837,0.07,0.943,8.137
CMP1631,Cart to Couch,Paid Ads,2022-11-26,2024-08-15,51555.2,42675.2,307.2,7899.92,17439.28,Galați,45-54,Female,628,1.208,0.828,0.007,25.716
CMP1632,Flash Sale Frenzy,Influencer Marketing,2023-02-13,2024-10-19,58380.8,51592.0,44192.0,841.072,2580.704,Baia Mare,25-34,Female,614,2.068,0.884,0.857,0.019
CMP1633,Cart to Couch,Social Media,2022-06-02,2024-02-13,40753.6,35568.0,7774.4,4587.728,9380.656,Galați,25-34,Male,621,1.045,0.873,0.219,0.59
CMP1634,Wishlist Wonders,Paid Ads,2022-11-22,2024-07-20,70808.0,17515.2,13824.0,5985.248,18409.856,Suceava,45-54,Female,606,2.076,0.247,0.789,0.433
CMP1635,Deal of the Day,Social Media,2022-08-06,2024-03-31,23430.4,17368.0,6318.4,2399.888,8436.16,Târgu Mureș,18-24,Female,603,2.515,0.741,0.364,0.38
CMP1636,Shop & Share,Email,2022-11-15,2024-07-20,72528.0,606.4,603.2,2892.112,4256.064,Târgu Mureș,55+,Female,613,0.472,0.008,0.995,4.795
CMP1637,Shop & Share,Email,2023-01-23,2024-09-27,24780.8,14412.8,1958.4,4294.416,11571.312,Baia Mare,35-44,Male,613,1.695,0.582,0.136,2.193
CMP1638,Deal of the Day,Paid Ads,2023-02-03,2024-10-23,63934.4,23892.8,16137.6,7370.96,27317.392,Târgu Mureș,55+,Female,628,2.706,0.374,0.675,0.457
CMP1639,Wishlist Wonders,Influencer Marketing,2023-01-01,2024-09-12,63510.4,5526.4,1097.6,659.824,1631.536,Suceava,25-34,Female,620,1.473,0.087,0.199,0.601
CMP1640,Seasonal Steals,Influencer Marketing,2023-01-10,2024-09-30,73792.0,9720.0,5230.4,7267.088,12432.688,Târgu Mureș,45-54,Female,629,0.711,0.132,0.538,1.389
CMP1641,Flash Sale Frenzy,Influencer Marketing,2022-08-21,2024-04-18,3659.2,2958.4,611.2,3530.72,5803.568,Galați,18-24,Male,606,0.644,0.808,0.207,5.777
CMP1642,Wishlist Wonders,Email,2022-08-06,2024-04-24,26809.6,14283.2,7848.0,3468.944,7830.8,Bacău,25-34,Male,627,1.257,0.533,0.549,0.442
CMP1643,Shop & Share,Influencer Marketing,2022-10-04,2024-06-09,57822.4,32422.4,7920.0,4164.48,14372.224,Galați,25-34,Female,614,2.451,0.561,0.244,0.526
CMP1644,Deal of the Day,Social Media,2022-08-04,2024-04-15,33200.0,19238.4,8120.0,5820.672,17451.76,Suceava,55+,Female,620,1.998,0.579,0.422,0.717
CMP1645,Cart to Couch,Social Media,2022-09-18,2024-05-26,60504.0,22953.6,777.6,4389.36,11345.472,Galați,55+,Male,616,1.585,0.379,0.034,5.645
CMP1646,Deal of the Day,Email,2023-02-09,2024-10-03,50891.2,23004.8,388.8,3394.832,5399.072,Galați,55+,Male,602,0.59,0.452,0.017,8.732
CMP1647,Wishlist Wonders,Influencer Marketing,2022-09-12,2024-06-02,57899.2,43216.0,30142.4,572.72,1948.976,Galați,55+,Female,629,2.403,0.746,0.697,0.019
CMP1648,Deal of the Day,Social Media,2022-11-30,2024-07-30,6188.8,2035.2,680.0,4120.4,11711.664,Baia Mare,25-34,Male,608,1.842,0.329,0.334,6.059
CMP1649,Flash Sale Frenzy,Paid Ads,2022-07-04,2024-03-25,8193.6,3859.2,790.4,4526.848,7256.208,Târgu Mureș,35-44,Female,630,0.603,0.471,0.205,5.727
CMP1650,Flash Sale Frenzy,Email,2023-01-10,2024-09-24,8508.8,3038.4,712.0,5568.048,21454.592,Galați,25-34,Female,623,2.853,0.357,0.234,7.82
CMP1651,Wishlist Wonders,Paid Ads,2023-01-25,2024-10-02,43355.2,35753.6,2587.2,2725.136,10298.336,Bacău,45-54,Female,616,2.779,0.825,0.072,1.053
CMP1652,Cart to Couch,Influencer Marketing,2022-12-20,2024-08-21,23230.4,5574.4,3468.8,4507.712,11429.232,Suceava,35-44,Female,610,1.535,0.24,0.622,1.3
CMP1653,Cart to Couch,Influencer Marketing,2022-11-09,2024-07-29,50784.0,33188.8,7113.6,562.24,1411.424,Baia Mare,18-24,Male,628,1.51,0.654,0.214,0.079
CMP1654,Deal of the Day,Email,2023-01-05,2024-09-11,5099.2,1105.6,236.8,4842.352,18081.136,Baia Mare,35-44,Male,615,2.734,0.217,0.214,20.449
CMP1655,Flash Sale Frenzy,Email,2022-09-13,2024-06-04,62105.6,52003.2,7804.8,5151.744,8544.448,Târgu Mureș,45-54,Female,630,0.659,0.837,0.15,0.66
CMP1656,Deal of the Day,Email,2022-08-02,2024-04-14,63264.0,38686.4,14379.2,1934.816,7650.976,Baia Mare,18-24,Male,621,2.954,0.612,0.372,0.135
CMP1657,Seasonal Steals,Influencer Marketing,2022-08-29,2024-04-24,62664.0,38736.0,26337.6,4046.896,12320.0,Baia Mare,35-44,Female,604,2.044,0.618,0.68,0.154
CMP1658,Seasonal Steals,Paid Ads,2022-10-27,2024-07-06,53334.4,23491.2,11113.6,7099.088,14480.944,Galați,45-54,Female,618,1.04,0.44,0.473,0.639
CMP1659,Wishlist Wonders,Social Media,2022-06-09,2024-02-20,26696.0,4764.8,3472.0,2321.296,3509.2,Suceava,35-44,Female,621,0.512,0.178,0.729,0.669
CMP1660,Deal of the Day,Paid Ads,2023-01-12,2024-09-15,45960.0,45660.8,28369.6,1821.072,3335.472,Târgu Mureș,55+,Female,612,0.832,0.993,0.621,0.064
CMP1661,Wishlist Wonders,Social Media,2022-06-13,2024-02-22,70806.4,26464.0,17017.6,1201.04,2226.16,Galați,35-44,Female,619,0.854,0.374,0.643,0.071
CMP1662,Cart to Couch,Influencer Marketing,2022-10-27,2024-07-09,63123.2,21532.8,4040.0,1258.928,4186.704,Bacău,25-34,Female,621,2.326,0.341,0.188,0.312
CMP1663,Cart to Couch,Influencer Marketing,2022-06-06,2024-02-24,29532.8,27443.2,21094.4,7202.288,24915.664,Suceava,55+,Female,628,2.459,0.929,0.769,0.341
CMP1664,Wishlist Wonders,Social Media,2022-12-07,2024-08-11,3960.0,1888.0,1064.0,5894.672,13733.632,Galați,18-24,Female,613,1.33,0.477,0.564,5.54
CMP1665,Cart to Couch,Influencer Marketing,2023-03-01,2024-10-31,4976.0,636.8,619.2,6980.8,25840.4,Suceava,45-54,Female,610,2.702,0.128,0.972,11.274
CMP1666,Deal of the Day,Social Media,2022-10-19,2024-07-10,47222.4,35489.6,3164.8,6799.088,18652.048,Galați,55+,Female,630,1.743,0.752,0.089,2.148
CMP1667,Shop & Share,Social Media,2022-09-14,2024-05-14,74180.8,55739.2,38875.2,821.856,2515.28,Suceava,55+,Male,608,2.06,0.751,0.697,0.021
CMP1668,Shop & Share,Influencer Marketing,2022-10-16,2024-06-23,78220.8,47001.6,32507.2,6607.328,8348.848,Suceava,35-44,Female,616,0.264,0.601,0.692,0.203
CMP1669,Wishlist Wonders,Social Media,2022-05-25,2024-02-04,34596.8,15654.4,7811.2,2911.408,8636.512,Bacău,55+,Female,620,1.966,0.452,0.499,0.373
CMP1670,Cart to Couch,Social Media,2023-02-03,2024-10-14,10908.8,174.4,128.0,4955.12,14317.632,Bacău,18-24,Female,619,1.889,0.016,0.734,38.712
CMP1671,Flash Sale Frenzy,Email,2022-10-28,2024-07-09,12340.8,9204.8,5411.2,4546.896,10467.696,Târgu Mureș,35-44,Male,620,1.302,0.746,0.588,0.84
CMP1672,Cart to Couch,Social Media,2022-07-01,2024-03-03,6198.4,6150.4,830.4,4886.048,18373.008,Bacău,45-54,Female,611,2.76,0.992,0.135,5.884
CMP1673,Cart to Couch,Social Media,2022-08-31,2024-05-02,69540.8,68652.8,43988.8,3202.08,5486.208,Bacău,25-34,Male,610,0.713,0.987,0.641,0.073
CMP1674,Wishlist Wonders,Social Media,2022-07-27,2024-03-28,38608.0,36233.6,35643.2,4480.576,10770.784,Galați,18-24,Female,610,1.404,0.938,0.984,0.126
CMP1675,Shop & Share,Social Media,2022-11-02,2024-07-20,48003.2,38550.4,32363.2,757.264,2365.216,Bacău,18-24,Female,626,2.123,0.803,0.84,0.023
CMP1676,Deal of the Day,Influencer Marketing,2022-09-10,2024-05-16,79273.6,24907.2,12739.2,6696.288,17435.84,Bacău,25-34,Male,614,1.604,0.314,0.511,0.526
CMP1677,Cart to Couch,Influencer Marketing,2022-12-10,2024-08-02,47734.4,25070.4,4174.4,1078.432,3552.816,Baia Mare,25-34,Female,601,2.294,0.525,0.167,0.258
CMP1678,Wishlist Wonders,Email,2022-07-06,2024-03-18,50265.6,5716.8,916.8,4500.928,13437.904,Baia Mare,18-24,Female,621,1.986,0.114,0.16,4.909
CMP1679,Wishlist Wonders,Email,2022-11-07,2024-07-09,41360.0,6363.2,3913.6,7174.0,21952.784,Bacău,45-54,Female,610,2.06,0.154,0.615,1.833
CMP1680,Flash Sale Frenzy,Social Media,2022-09-07,2024-05-25,67382.4,59096.0,56532.8,7973.104,27155.072,Târgu Mureș,55+,Female,626,2.406,0.877,0.957,0.141
CMP1681,Seasonal Steals,Email,2022-07-02,2024-03-05,24523.2,16720.0,1249.6,6455.136,15002.016,Târgu Mureș,35-44,Female,612,1.324,0.682,0.075,5.166
CMP1682,Wishlist Wonders,Paid Ads,2022-11-06,2024-06-30,68619.2,53718.4,52259.2,4346.976,15301.888,Baia Mare,45-54,Female,602,2.52,0.783,0.973,0.083
CMP1683,Seasonal Steals,Paid Ads,2022-06-01,2024-01-29,31768.0,11419.2,10081.6,2617.856,7838.592,Suceava,45-54,Female,607,1.994,0.359,0.883,0.26
CMP1684,Seasonal Steals,Email,2023-01-20,2024-10-02,72550.4,35017.6,11256.0,1187.088,3198.0,Galați,25-34,Male,621,1.694,0.483,0.321,0.105
CMP1685,Wishlist Wonders,Social Media,2023-03-01,2024-11-19,17844.8,289.6,73.6,6203.616,13991.168,Bacău,35-44,Male,629,1.255,0.016,0.254,84.288
CMP1686,Wishlist Wonders,Influencer Marketing,2022-09-04,2024-05-12,10296.0,4081.6,2001.6,4680.48,8753.568,Galați,45-54,Female,616,0.87,0.396,0.49,2.338
CMP1687,Deal of the Day,Social Media,2022-06-25,2024-03-09,19830.4,9244.8,779.2,6888.016,15418.784,Baia Mare,25-34,Male,623,1.238,0.466,0.084,8.84
CMP1688,Flash Sale Frenzy,Email,2022-09-10,2024-06-01,67467.2,47897.6,23144.0,6584.048,10424.272,Târgu Mureș,18-24,Female,630,0.583,0.71,0.483,0.284
CMP1689,Flash Sale Frenzy,Social Media,2022-11-17,2024-07-12,14505.6,4030.4,2606.4,538.896,1136.784,Galați,25-34,Female,603,1.109,0.278,0.647,0.207
CMP1690,Shop & Share,Social Media,2022-11-26,2024-07-22,6996.8,939.2,606.4,4608.752,12113.056,Bacău,45-54,Female,604,1.628,0.134,0.646,7.6
CMP1691,Shop & Share,Social Media,2023-02-22,2024-11-07,45027.2,19446.4,8491.2,6607.616,19835.968,Suceava,25-34,Female,624,2.002,0.432,0.437,0.778
CMP1692,Deal of the Day,Paid Ads,2022-08-20,2024-04-19,72072.0,24825.6,23646.4,4597.056,14937.712,Suceava,55+,Male,608,2.249,0.344,0.953,0.194
CMP1693,Deal of the Day,Email,2022-10-04,2024-06-16,28408.0,4552.0,1675.2,4290.368,13784.976,Galați,18-24,Female,621,2.213,0.16,0.368,2.561
CMP1694,Deal of the Day,Paid Ads,2022-11-18,2024-07-27,4811.2,950.4,265.6,3125.008,8670.096,Târgu Mureș,18-24,Female,617,1.774,0.198,0.279,11.766
CMP1695,Seasonal Steals,Paid Ads,2022-07-18,2024-03-26,60635.2,2070.4,1176.0,6523.12,15655.312,Suceava,55+,Female,617,1.4,0.034,0.568,5.547
CMP1696,Deal of the Day,Paid Ads,2023-01-30,2024-10-04,34560.0,17140.8,3246.4,2984.064,7881.728,Galați,18-24,Male,613,1.641,0.496,0.189,0.919
CMP1697,Wishlist Wonders,Social Media,2022-12-20,2024-09-04,51342.4,34262.4,34000.0,7923.296,26921.248,Târgu Mureș,45-54,Female,624,2.398,0.667,0.992,0.233
CMP1698,Wishlist Wonders,Email,2022-09-28,2024-06-14,52526.4,34547.2,33584.0,2633.008,5851.68,Bacău,35-44,Female,625,1.222,0.658,0.972,0.078
CMP1699,Cart to Couch,Social Media,2022-09-16,2024-05-27,36873.6,10601.6,10264.0,3055.728,9845.728,Galați,18-24,Male,619,2.222,0.288,0.968,0.298
CMP1700,Cart to Couch,Paid Ads,2022-11-29,2024-08-15,18208.0,15894.4,11665.6,3142.624,7044.368,Bacău,18-24,Female,625,1.242,0.873,0.734,0.269
CMP1701,Cart to Couch,Paid Ads,2023-01-21,2024-10-08,2817.6,2332.8,1025.6,1368.256,3207.936,Târgu Mureș,45-54,Female,626,1.345,0.828,0.44,1.334
CMP1702,Cart to Couch,Email,2022-08-04,2024-04-15,75132.8,38001.6,19924.8,4191.312,12081.184,Galați,18-24,Female,620,1.882,0.506,0.524,0.21
CMP1703,Flash Sale Frenzy,Social Media,2022-10-11,2024-07-02,1870.4,731.2,464.0,4602.72,13721.376,Bacău,55+,Female,630,1.981,0.391,0.635,9.92
CMP1704,Shop & Share,Email,2022-11-27,2024-08-04,58686.4,28105.6,19235.2,817.056,1472.72,Baia Mare,35-44,Male,616,0.802,0.479,0.684,0.042
CMP1705,Deal of the Day,Influencer Marketing,2022-12-05,2024-08-24,43704.0,19001.6,10046.4,5690.928,12431.536,Bacău,45-54,Female,628,1.184,0.435,0.529,0.566
CMP1706,Flash Sale Frenzy,Social Media,2022-06-11,2024-02-29,75504.0,28070.4,20596.8,5136.288,8092.144,Suceava,25-34,Female,628,0.575,0.372,0.734,0.249
CMP1707,Shop & Share,Email,2023-03-02,2024-10-25,51027.2,21955.2,4078.4,1308.336,2516.896,Bacău,18-24,Male,603,0.924,0.43,0.186,0.321
CMP1708,Seasonal Steals,Social Media,2022-05-31,2024-02-16,65571.2,64182.4,54620.8,6725.728,24305.456,Suceava,35-44,Female,626,2.614,0.979,0.851,0.123
CMP1709,Shop & Share,Email,2023-02-12,2024-10-24,18625.6,9286.4,4867.2,7334.624,27857.296,Baia Mare,55+,Female,620,2.798,0.499,0.524,1.507
CMP1710,Flash Sale Frenzy,Email,2022-09-18,2024-05-29,5219.2,2088.0,1264.0,1514.176,1995.024,Suceava,35-44,Female,619,0.318,0.4,0.605,1.198
CMP1711,Cart to Couch,Influencer Marketing,2022-12-12,2024-08-12,54462.4,28401.6,24272.0,3699.232,9526.08,Galați,55+,Female,609,1.575,0.521,0.855,0.152
CMP1712,Deal of the Day,Social Media,2022-07-24,2024-04-10,58248.0,29742.4,1472.0,6260.736,18110.24,Târgu Mureș,25-34,Female,626,1.893,0.511,0.049,4.253
CMP1713,Shop & Share,Social Media,2022-09-28,2024-06-02,34331.2,29451.2,17473.6,5564.464,14999.856,Baia Mare,55+,Female,613,1.696,0.858,0.593,0.318
CMP1714,Deal of the Day,Paid Ads,2022-12-01,2024-08-09,15742.4,12169.6,7080.0,1879.888,4308.048,Târgu Mureș,45-54,Female,617,1.292,0.773,0.582,0.266
CMP1715,Cart to Couch,Social Media,2022-11-03,2024-07-05,16020.8,11568.0,3460.8,4217.904,12158.992,Bacău,25-34,Male,610,1.883,0.722,0.299,1.219
CMP1716,Cart to Couch,Influencer Marketing,2023-01-21,2024-09-22,22638.4,3017.6,1900.8,5142.016,17616.832,Târgu Mureș,35-44,Female,610,2.426,0.133,0.63,2.705
CMP1717,Wishlist Wonders,Social Media,2022-08-28,2024-04-27,19112.0,16316.8,3588.8,1078.144,1619.904,Galați,55+,Female,608,0.502,0.854,0.22,0.3
CMP1718,Flash Sale Frenzy,Paid Ads,2022-10-02,2024-06-12,71025.6,18451.2,10249.6,1024.784,1898.464,Târgu Mureș,25-34,Female,619,0.853,0.26,0.555,0.1
CMP1719,Shop & Share,Influencer Marketing,2022-06-03,2024-01-28,19795.2,16971.2,7041.6,4237.2,12824.096,Târgu Mureș,25-34,Male,604,2.027,0.857,0.415,0.602
CMP1720,Shop & Share,Social Media,2022-07-21,2024-03-23,36089.6,2548.8,36.8,6078.72,11743.248,Galați,55+,Male,611,0.932,0.071,0.014,165.183
CMP1721,Deal of the Day,Social Media,2022-09-19,2024-05-14,75854.4,68204.8,66776.0,5679.456,11702.432,Târgu Mureș,45-54,Male,603,1.06,0.899,0.979,0.085
CMP1722,Seasonal Steals,Email,2022-10-27,2024-06-29,59851.2,39635.2,6224.0,1036.08,1886.64,Suceava,45-54,Female,611,0.821,0.662,0.157,0.166
CMP1723,Shop & Share,Email,2023-02-12,2024-10-20,64577.6,20798.4,16404.8,7106.64,13493.408,Târgu Mureș,35-44,Female,616,0.899,0.322,0.789,0.433
CMP1724,Flash Sale Frenzy,Email,2022-07-24,2024-04-13,48307.2,9854.4,3619.2,4891.728,11742.256,Galați,25-34,Female,629,1.4,0.204,0.367,1.352
CMP1725,Seasonal Steals,Email,2022-08-01,2024-04-15,59907.2,24232.0,22009.6,360.56,737.328,Baia Mare,55+,Female,623,1.045,0.404,0.908,0.016
CMP1726,Deal of the Day,Influencer Marketing,2023-02-16,2024-10-19,78358.4,37526.4,31902.4,956.128,2533.424,Baia Mare,18-24,Female,611,1.65,0.479,0.85,0.03
CMP1727,Wishlist Wonders,Influencer Marketing,2022-05-14,2024-01-17,20648.0,13732.8,5584.0,1445.456,3467.248,Bacău,35-44,Female,613,1.399,0.665,0.407,0.259
CMP1728,Shop & Share,Influencer Marketing,2022-08-11,2024-04-29,47372.8,11432.0,5240.0,2804.288,10374.912,Baia Mare,45-54,Female,627,2.7,0.241,0.458,0.535
CMP1729,Cart to Couch,Email,2022-08-30,2024-04-27,65665.6,46137.6,37148.8,1886.752,3575.632,Bacău,55+,Male,606,0.895,0.703,0.805,0.051
CMP1730,Cart to Couch,Social Media,2023-01-07,2024-09-26,3812.8,3464.0,1585.6,4928.192,10624.992,Suceava,25-34,Female,628,1.156,0.909,0.458,3.108
CMP1731,Wishlist Wonders,Influencer Marketing,2022-09-07,2024-05-18,48878.4,17740.8,13051.2,805.584,2230.512,Târgu Mureș,18-24,Female,619,1.769,0.363,0.736,0.062
CMP1732,Flash Sale Frenzy,Paid Ads,2022-10-08,2024-06-27,55635.2,44566.4,1168.0,7421.792,11932.752,Bacău,55+,Female,628,0.608,0.801,0.026,6.354
CMP1733,Seasonal Steals,Paid Ads,2022-06-22,2024-02-14,72004.8,56595.2,26542.4,5628.64,10995.648,Baia Mare,25-34,Male,602,0.954,0.786,0.469,0.212
CMP1734,Wishlist Wonders,Influencer Marketing,2022-10-01,2024-06-06,10771.2,8961.6,8894.4,7640.112,22202.128,Baia Mare,25-34,Female,614,1.906,0.832,0.993,0.859
CMP1735,Wishlist Wonders,Social Media,2022-09-19,2024-06-09,26776.0,3118.4,2608.0,4137.488,15608.576,Baia Mare,55+,Female,629,2.772,0.116,0.836,1.586
CMP1736,Flash Sale Frenzy,Email,2022-09-17,2024-05-26,36206.4,6347.2,6278.4,1142.752,2761.84,Suceava,18-24,Female,617,1.417,0.175,0.989,0.182
CMP1737,Seasonal Steals,Influencer Marketing,2022-10-13,2024-06-15,8579.2,5552.0,2516.8,181.04,237.728,Suceava,35-44,Female,611,0.313,0.647,0.453,0.072
CMP1738,Cart to Couch,Influencer Marketing,2022-10-20,2024-06-22,58828.8,2160.0,1056.0,2620.8,8271.52,Galați,45-54,Female,611,2.156,0.037,0.489,2.482
CMP1739,Cart to Couch,Influencer Marketing,2022-06-28,2024-03-13,28771.2,11433.6,8329.6,4257.184,8279.088,Bacău,45-54,Female,624,0.945,0.397,0.729,0.511
CMP1740,Seasonal Steals,Social Media,2022-09-12,2024-05-08,36014.4,26163.2,20571.2,2449.296,4328.672,Bacău,55+,Male,604,0.767,0.726,0.786,0.119
CMP1741,Cart to Couch,Paid Ads,2022-10-08,2024-06-28,41856.0,16296.0,11036.8,1542.224,6114.24,Baia Mare,18-24,Female,629,2.965,0.389,0.677,0.14
CMP1742,Shop & Share,Paid Ads,2022-11-08,2024-07-06,56617.6,17065.6,13875.2,4277.52,9106.448,Galați,35-44,Male,606,1.129,0.301,0.813,0.308
CMP1743,Deal of the Day,Influencer Marketing,2023-02-25,2024-10-26,9380.8,4931.2,1022.4,4082.176,6266.192,Târgu Mureș,55+,Male,609,0.535,0.526,0.207,3.993
CMP1744,Cart to Couch,Influencer Marketing,2023-01-14,2024-09-27,48761.6,13364.8,1761.6,2031.152,2881.744,Bacău,25-34,Female,622,0.419,0.274,0.132,1.153
CMP1745,Flash Sale Frenzy,Influencer Marketing,2022-06-17,2024-02-16,62392.0,46654.4,23726.4,3813.84,5618.672,Baia Mare,45-54,Male,609,0.473,0.748,0.509,0.161
CMP1746,Cart to Couch,Social Media,2022-05-16,2024-01-15,33126.4,16052.8,11198.4,4459.6,16307.088,Baia Mare,35-44,Male,609,2.657,0.485,0.698,0.398
CMP1747,Flash Sale Frenzy,Social Media,2022-06-15,2024-03-06,54515.2,19782.4,12878.4,1104.48,2172.688,Galați,25-34,Male,630,0.967,0.363,0.651,0.086
CMP1748,Seasonal Steals,Social Media,2023-03-01,2024-11-13,47203.2,40164.8,25616.0,2826.72,7425.04,Bacău,18-24,Female,623,1.627,0.851,0.638,0.11
CMP1749,Seasonal Steals,Influencer Marketing,2022-11-16,2024-07-16,66904.0,1595.2,1352.0,1011.248,2634.64,Târgu Mureș,55+,Female,608,1.605,0.024,0.848,0.748
CMP1750,Deal of the Day,Social Media,2022-09-16,2024-05-09,55840.0,17915.2,3928.0,7888.256,15797.248,Baia Mare,55+,Male,601,1.003,0.321,0.219,2.008
CMP1751,Deal of the Day,Influencer Marketing,2022-09-01,2024-05-23,53236.8,27344.0,12809.6,7563.104,12709.328,Târgu Mureș,25-34,Male,630,0.68,0.514,0.468,0.59
CMP1752,Wishlist Wonders,Influencer Marketing,2023-01-05,2024-09-18,20304.0,4235.2,459.2,3897.024,14895.424,Târgu Mureș,25-34,Female,622,2.822,0.209,0.108,8.487
CMP1753,Shop & Share,Email,2022-09-01,2024-04-28,42086.4,31998.4,19886.4,5239.504,20656.944,Galați,35-44,Male,605,2.943,0.76,0.621,0.263
CMP1754,Flash Sale Frenzy,Paid Ads,2023-01-30,2024-09-28,79489.6,2697.6,1716.8,1726.144,4081.376,Târgu Mureș,45-54,Male,607,1.364,0.034,0.636,1.005
CMP1755,Flash Sale Frenzy,Email,2022-11-06,2024-07-24,75652.8,74158.4,43115.2,1636.976,4107.008,Suceava,25-34,Female,626,1.509,0.98,0.581,0.038
CMP1756,Deal of the Day,Email,2022-06-08,2024-02-01,53035.2,28728.0,8654.4,5686.096,8514.704,Târgu Mureș,18-24,Female,603,0.497,0.542,0.301,0.657
CMP1757,Flash Sale Frenzy,Paid Ads,2022-10-20,2024-06-14,43584.0,11883.2,3328.0,4957.392,12457.92,Bacău,18-24,Female,603,1.513,0.273,0.28,1.49
CMP1758,Cart to Couch,Influencer Marketing,2022-12-09,2024-08-24,16182.4,3660.8,1776.0,7715.856,14396.416,Bacău,25-34,Female,624,0.866,0.226,0.485,4.345
CMP1759,Seasonal Steals,Email,2022-08-22,2024-05-05,18307.2,10633.6,10632.0,7846.448,20323.04,Târgu Mureș,45-54,Male,622,1.59,0.581,1.0,0.738
CMP1760,Seasonal Steals,Social Media,2022-11-23,2024-08-13,32032.0,15222.4,15102.4,416.608,620.208,Bacău,55+,Male,629,0.489,0.475,0.992,0.028
CMP1761,Seasonal Steals,Influencer Marketing,2022-05-25,2024-02-06,57092.8,42344.0,41820.8,1860.688,6326.4,Baia Mare,45-54,Female,622,2.4,0.742,0.988,0.044
CMP1762,Cart to Couch,Influencer Marketing,2022-06-28,2024-02-22,22246.4,2816.0,1232.0,1240.528,4935.568,Bacău,18-24,Male,604,2.979,0.127,0.438,1.007
CMP1763,Wishlist Wonders,Influencer Marketing,2022-06-27,2024-03-11,52046.4,9641.6,5078.4,713.392,2715.056,Baia Mare,18-24,Female,623,2.806,0.185,0.527,0.14
CMP1764,Cart to Couch,Influencer Marketing,2023-01-22,2024-10-01,33009.6,752.0,353.6,2176.56,4295.712,Galați,35-44,Male,618,0.974,0.023,0.47,6.155
CMP1765,Seasonal Steals,Email,2022-11-16,2024-07-30,3931.2,3390.4,2902.4,7814.512,11711.472,Baia Mare,55+,Female,622,0.499,0.862,0.856,2.692
CMP1766,Deal of the Day,Social Media,2022-06-08,2024-02-01,19408.0,15056.0,9865.6,2589.6,9489.68,Galați,55+,Male,603,2.665,0.776,0.655,0.262
CMP1767,Shop & Share,Social Media,2023-01-01,2024-09-05,26382.4,4748.8,4256.0,2677.472,5306.896,Bacău,18-24,Male,613,0.982,0.18,0.896,0.629
CMP1768,Flash Sale Frenzy,Influencer Marketing,2022-07-03,2024-03-06,35025.6,16052.8,2944.0,1481.728,4540.784,Baia Mare,45-54,Female,612,2.065,0.458,0.183,0.503
CMP1769,Deal of the Day,Email,2022-06-10,2024-02-18,9203.2,5212.8,1531.2,4194.816,10148.224,Galați,18-24,Male,618,1.419,0.566,0.294,2.74
CMP1770,Cart to Couch,Social Media,2022-07-11,2024-03-14,48948.8,18801.6,6328.0,4294.848,14398.56,Galați,45-54,Female,612,2.353,0.384,0.337,0.679
CMP1771,Seasonal Steals,Influencer Marketing,2022-10-08,2024-06-08,25908.8,1406.4,252.8,1027.376,3973.648,Suceava,25-34,Female,609,2.868,0.054,0.18,4.064
CMP1772,Seasonal Steals,Influencer Marketing,2023-01-15,2024-09-10,56001.6,20348.8,9921.6,5320.464,17173.824,Bacău,35-44,Female,604,2.228,0.363,0.488,0.536
CMP1773,Flash Sale Frenzy,Email,2022-09-13,2024-05-27,10417.6,3721.6,3225.6,3194.48,11498.928,Târgu Mureș,18-24,Male,622,2.6,0.357,0.867,0.99
CMP1774,Seasonal Steals,Influencer Marketing,2022-08-30,2024-05-18,77387.2,70094.4,1481.6,4247.376,13132.992,Bacău,25-34,Male,627,2.092,0.906,0.021,2.867
CMP1775,Seasonal Steals,Email,2022-11-21,2024-08-01,26166.4,8934.4,4779.2,334.112,1022.112,Târgu Mureș,25-34,Female,619,2.059,0.341,0.535,0.07
CMP1776,Cart to Couch,Paid Ads,2022-05-17,2024-01-09,8033.6,176.0,80.0,1541.904,5024.096,Baia Mare,25-34,Male,602,2.258,0.022,0.455,19.274
CMP1777,Wishlist Wonders,Email,2022-06-20,2024-02-26,69840.0,54988.8,49364.8,790.848,1833.168,Baia Mare,35-44,Female,616,1.318,0.787,0.898,0.016
CMP1778,Shop & Share,Influencer Marketing,2022-09-09,2024-05-29,1966.4,1665.6,284.8,2108.32,4779.216,Galați,55+,Female,628,1.267,0.847,0.171,7.403
CMP1779,Flash Sale Frenzy,Email,2022-06-20,2024-03-09,15624.0,14878.4,7852.8,2992.24,9669.008,Suceava,45-54,Female,628,2.231,0.952,0.528,0.381
CMP1780,Cart to Couch,Email,2022-09-22,2024-05-15,28777.6,20787.2,2561.6,3905.344,7216.848,Baia Mare,25-34,Male,601,0.848,0.722,0.123,1.525
CMP1781,Seasonal Steals,Email,2022-07-01,2024-03-18,30163.2,7096.0,4112.0,7378.464,28126.288,Galați,25-34,Female,626,2.812,0.235,0.579,1.794
CMP1782,Deal of the Day,Paid Ads,2022-08-22,2024-04-21,73657.6,52016.0,35350.4,4058.592,12010.592,Târgu Mureș,25-34,Male,608,1.959,0.706,0.68,0.115
CMP1783,Cart to Couch,Social Media,2022-07-08,2024-03-24,9094.4,4259.2,3532.8,5478.176,12017.504,Baia Mare,35-44,Female,625,1.194,0.468,0.829,1.551
CMP1784,Shop & Share,Email,2023-02-08,2024-10-11,38531.2,32966.4,28430.4,2115.792,5251.584,Suceava,18-24,Female,611,1.482,0.856,0.862,0.074
CMP1785,Wishlist Wonders,Email,2022-05-25,2024-02-05,36915.2,15944.0,6619.2,834.848,2573.264,Târgu Mureș,35-44,Female,621,2.082,0.432,0.415,0.126
CMP1786,Wishlist Wonders,Social Media,2022-06-08,2024-02-15,10195.2,3086.4,2811.2,3997.744,5397.952,Galați,18-24,Male,617,0.35,0.303,0.911,1.422
CMP1787,Wishlist Wonders,Email,2022-05-13,2024-01-06,74598.4,18579.2,18339.2,1418.64,5656.256,Suceava,45-54,Female,603,2.987,0.249,0.987,0.077
CMP1788,Flash Sale Frenzy,Email,2022-10-01,2024-05-31,8206.4,4782.4,4366.4,1510.496,3169.552,Baia Mare,35-44,Female,608,1.098,0.583,0.913,0.346
CMP1789,Cart to Couch,Social Media,2022-10-15,2024-06-08,29816.0,19145.6,9331.2,2061.84,8172.976,Galați,45-54,Female,602,2.964,0.642,0.487,0.221
CMP1790,Cart to Couch,Paid Ads,2022-05-13,2024-01-19,40155.2,18651.2,5022.4,1414.144,4482.544,Baia Mare,18-24,Male,616,2.17,0.464,0.269,0.282
CMP1791,Shop & Share,Social Media,2023-01-18,2024-10-08,44075.2,36480.0,8251.2,6234.704,22572.832,Galați,45-54,Female,629,2.621,0.828,0.226,0.756
CMP1792,Flash Sale Frenzy,Email,2022-10-31,2024-07-10,50310.4,18955.2,1644.8,4705.168,14577.712,Galați,25-34,Female,618,2.098,0.377,0.087,2.861
CMP1793,Cart to Couch,Influencer Marketing,2022-06-02,2024-02-21,30380.8,24875.2,17080.0,1298.592,3412.256,Suceava,18-24,Female,629,1.628,0.819,0.687,0.076
CMP1794,Flash Sale Frenzy,Social Media,2022-05-31,2024-02-11,33478.4,3134.4,1105.6,5432.0,14094.528,Bacău,18-24,Female,621,1.595,0.094,0.353,4.913
CMP1795,Wishlist Wonders,Email,2022-12-25,2024-09-03,75664.0,20689.6,7579.2,1589.92,5764.576,Suceava,35-44,Female,618,2.626,0.273,0.366,0.21
CMP1796,Cart to Couch,Email,2022-10-12,2024-06-21,40785.6,3270.4,3.2,7997.504,27667.728,Bacău,35-44,Female,618,2.46,0.08,0.001,2499.22
CMP1797,Shop & Share,Social Media,2022-09-20,2024-05-18,21646.4,7467.2,5923.2,5147.152,19032.864,Baia Mare,18-24,Female,606,2.698,0.345,0.793,0.869
CMP1798,Wishlist Wonders,Social Media,2022-06-08,2024-01-30,2019.2,224.0,62.4,5027.632,19457.344,Baia Mare,25-34,Male,601,2.87,0.111,0.279,80.571
CMP1799,Wishlist Wonders,Influencer Marketing,2022-08-08,2024-04-22,16344.0,11992.0,4336.0,6455.376,15794.96,Suceava,55+,Female,623,1.447,0.734,0.362,1.489
CMP1800,Cart to Couch,Paid Ads,2022-06-04,2024-02-20,46979.2,36371.2,9558.4,3172.512,10707.184,Suceava,35-44,Male,626,2.375,0.774,0.263,0.332
CMP1801,Cart to Couch,Influencer Marketing,2022-11-16,2024-07-18,1968.0,1339.2,158.4,2674.96,7305.088,Bacău,35-44,Female,610,1.731,0.68,0.118,16.887
CMP1802,Cart to Couch,Influencer Marketing,2022-05-28,2024-01-19,73468.8,34771.2,23148.8,2070.384,2774.896,Târgu Mureș,55+,Female,601,0.34,0.473,0.666,0.089
CMP1803,Wishlist Wonders,Social Media,2022-07-07,2024-03-17,48395.2,1515.2,262.4,5338.768,16612.8,Bacău,18-24,Female,619,2.112,0.031,0.173,20.346
CMP1804,Flash Sale Frenzy,Paid Ads,2022-06-17,2024-02-15,60979.2,33856.0,14771.2,1535.616,2424.352,Târgu Mureș,18-24,Female,608,0.579,0.555,0.436,0.104
CMP1805,Deal of the Day,Paid Ads,2022-05-16,2024-02-04,9420.8,2504.0,1312.0,4725.328,9950.928,Bacău,18-24,Female,629,1.106,0.266,0.524,3.602
CMP1806,Flash Sale Frenzy,Paid Ads,2022-09-06,2024-05-19,60316.8,16878.4,9905.6,2326.72,7680.528,Târgu Mureș,35-44,Female,621,2.301,0.28,0.587,0.235
CMP1807,Deal of the Day,Email,2022-05-25,2024-01-27,48742.4,5969.6,3980.8,5086.608,13867.856,Baia Mare,55+,Male,612,1.726,0.122,0.667,1.278
CMP1808,Deal of the Day,Social Media,2022-11-22,2024-07-16,76132.8,39064.0,18307.2,4487.088,12722.992,Bacău,35-44,Male,602,1.835,0.513,0.469,0.245
CMP1809,Wishlist Wonders,Social Media,2022-07-29,2024-04-17,72619.2,41539.2,19736.0,3092.0,10320.656,Suceava,25-34,Female,628,2.338,0.572,0.475,0.157
CMP1810,Deal of the Day,Paid Ads,2022-12-04,2024-08-04,17512.0,1891.2,1473.6,5393.184,14788.224,Galați,45-54,Female,609,1.742,0.108,0.779,3.66
CMP1811,Wishlist Wonders,Email,2022-10-23,2024-06-21,17276.8,795.2,400.0,2813.216,8571.328,Baia Mare,45-54,Female,607,2.047,0.046,0.503,7.033
CMP1812,Cart to Couch,Paid Ads,2022-10-22,2024-07-08,29649.6,16950.4,5550.4,5991.008,22247.472,Bacău,55+,Female,625,2.713,0.572,0.327,1.079
CMP1813,Seasonal Steals,Influencer Marketing,2022-05-27,2024-01-29,72377.6,38817.6,21302.4,2319.488,7951.888,Baia Mare,25-34,Male,612,2.428,0.536,0.549,0.109
CMP1814,Flash Sale Frenzy,Email,2023-01-10,2024-09-11,54379.2,51819.2,31577.6,635.296,1549.104,Bacău,25-34,Male,610,1.438,0.953,0.609,0.02
CMP1815,Seasonal Steals,Email,2022-09-22,2024-06-02,39320.0,9876.8,7433.6,7068.112,27201.152,Bacău,18-24,Male,619,2.848,0.251,0.753,0.951
CMP1816,Seasonal Steals,Paid Ads,2023-03-02,2024-11-05,55576.0,38715.2,8555.2,2385.664,4670.272,Suceava,35-44,Male,614,0.958,0.697,0.221,0.279
CMP1817,Flash Sale Frenzy,Email,2022-10-06,2024-06-18,21912.0,17595.2,7420.8,1956.304,6536.336,Baia Mare,25-34,Female,621,2.341,0.803,0.422,0.264
CMP1818,Flash Sale Frenzy,Influencer Marketing,2022-08-22,2024-05-01,6048.0,5670.4,1953.6,7316.432,19503.488,Galați,25-34,Male,618,1.666,0.938,0.345,3.745
CMP1819,Deal of the Day,Email,2022-07-01,2024-03-14,45844.8,45075.2,32676.8,3878.528,5502.704,Baia Mare,55+,Male,622,0.419,0.983,0.725,0.119
CMP1820,Shop & Share,Influencer Marketing,2022-09-02,2024-05-16,6211.2,1446.4,1347.2,3804.96,6078.208,Târgu Mureș,18-24,Female,622,0.597,0.233,0.931,2.824
CMP1821,Deal of the Day,Email,2023-01-30,2024-10-15,62176.0,55089.6,15056.0,4535.712,17086.704,Bacău,25-34,Female,624,2.767,0.886,0.273,0.301
CMP1822,Deal of the Day,Influencer Marketing,2022-11-12,2024-07-08,34499.2,4041.6,281.6,4272.0,11138.432,Baia Mare,25-34,Female,604,1.607,0.117,0.07,15.17
CMP1823,Seasonal Steals,Influencer Marketing,2022-07-27,2024-03-28,1860.8,1448.0,574.4,5818.448,7515.952,Bacău,45-54,Female,610,0.292,0.778,0.397,10.13
CMP1824,Cart to Couch,Influencer Marketing,2023-02-25,2024-10-23,48430.4,36665.6,19454.4,4690.048,12314.4,Bacău,25-34,Male,606,1.626,0.757,0.531,0.241
CMP1825,Wishlist Wonders,Influencer Marketing,2022-11-11,2024-07-17,73760.0,12427.2,11766.4,5297.968,19951.456,Galați,25-34,Female,614,2.766,0.168,0.947,0.45
CMP1826,Shop & Share,Influencer Marketing,2023-01-09,2024-09-14,60230.4,854.4,435.2,3147.872,10288.144,Galați,25-34,Female,614,2.268,0.014,0.509,7.233
CMP1827,Seasonal Steals,Paid Ads,2022-07-03,2024-03-03,69321.6,49292.8,3100.8,229.344,397.68,Baia Mare,55+,Female,609,0.734,0.711,0.063,0.074
CMP1828,Wishlist Wonders,Paid Ads,2022-11-25,2024-07-29,18536.0,6673.6,5468.8,930.736,1485.536,Târgu Mureș,45-54,Female,612,0.596,0.36,0.819,0.17
CMP1829,Cart to Couch,Influencer Marketing,2022-08-07,2024-04-22,50072.0,46636.8,36587.2,5689.776,7613.168,Târgu Mureș,55+,Female,624,0.338,0.931,0.785,0.156
CMP1830,Deal of the Day,Email,2022-07-08,2024-03-01,67712.0,47980.8,1862.4,6402.928,19266.464,Bacău,55+,Male,602,2.009,0.709,0.039,3.438
CMP1831,Wishlist Wonders,Email,2022-07-29,2024-04-16,51875.2,29308.8,29056.0,4135.312,11436.944,Târgu Mureș,45-54,Female,627,1.766,0.565,0.991,0.142
CMP1832,Shop & Share,Influencer Marketing,2022-05-16,2024-01-07,56828.8,16401.6,13076.8,1759.104,5893.744,Galați,18-24,Female,601,2.35,0.289,0.797,0.135
CMP1833,Wishlist Wonders,Influencer Marketing,2022-08-15,2024-05-01,40096.0,5859.2,3481.6,6213.728,10055.072,Suceava,18-24,Female,625,0.618,0.146,0.594,1.785
CMP1834,Deal of the Day,Influencer Marketing,2022-10-04,2024-06-18,21244.8,5929.6,1505.6,2304.88,3172.256,Bacău,45-54,Female,623,0.376,0.279,0.254,1.531
CMP1835,Wishlist Wonders,Paid Ads,2022-06-02,2024-01-27,5481.6,4748.8,835.2,1361.456,2696.768,Târgu Mureș,35-44,Male,604,0.981,0.866,0.176,1.63
CMP1836,Seasonal Steals,Social Media,2022-10-01,2024-06-05,13102.4,12193.6,10355.2,4886.8,9703.056,Suceava,55+,Male,613,0.986,0.931,0.849,0.472
CMP1837,Deal of the Day,Paid Ads,2023-02-28,2024-10-27,65577.6,20862.4,17297.6,2963.776,8352.176,Galați,45-54,Male,607,1.818,0.318,0.829,0.171
CMP1838,Seasonal Steals,Influencer Marketing,2022-05-29,2024-01-20,54408.0,21425.6,2017.6,1072.576,2334.192,Baia Mare,35-44,Female,601,1.176,0.394,0.094,0.532
CMP1839,Flash Sale Frenzy,Social Media,2022-12-26,2024-08-18,74724.8,71176.0,32052.8,3691.424,6984.16,Suceava,35-44,Female,601,0.892,0.953,0.45,0.115
CMP1840,Cart to Couch,Email,2023-02-22,2024-11-03,4668.8,2432.0,1768.0,5331.632,7299.664,Galați,18-24,Female,620,0.369,0.521,0.727,3.016
CMP1841,Wishlist Wonders,Email,2022-12-14,2024-08-24,27560.0,27529.6,425.6,2363.264,8474.72,Târgu Mureș,35-44,Female,619,2.586,0.999,0.015,5.553
CMP1842,Seasonal Steals,Email,2022-06-25,2024-03-07,30924.8,22457.6,22436.8,7290.336,10862.304,Galați,45-54,Male,621,0.49,0.726,0.999,0.325
CMP1843,Deal of the Day,Influencer Marketing,2022-07-30,2024-03-29,45257.6,45070.4,24316.8,2445.6,3328.464,Galați,25-34,Female,608,0.361,0.996,0.54,0.101
CMP1844,Flash Sale Frenzy,Paid Ads,2023-02-02,2024-10-02,4300.8,3993.6,960.0,224.624,679.856,Baia Mare,55+,Female,608,2.027,0.929,0.24,0.234
CMP1845,Shop & Share,Social Media,2023-01-04,2024-09-12,65702.4,52217.6,9691.2,5461.056,8223.712,Baia Mare,45-54,Male,617,0.506,0.795,0.186,0.564
CMP1846,Shop & Share,Paid Ads,2023-02-10,2024-10-29,48798.4,44190.4,42908.8,498.752,915.152,Galați,55+,Male,627,0.835,0.906,0.971,0.012
CMP1847,Deal of the Day,Social Media,2022-09-09,2024-05-12,75361.6,54596.8,2329.6,7245.2,18357.472,Galați,18-24,Male,611,1.534,0.724,0.043,3.11
CMP1848,Shop & Share,Social Media,2022-06-25,2024-02-24,37708.8,25508.8,11304.0,4265.12,13205.52,Galați,25-34,Female,609,2.096,0.676,0.443,0.377
CMP1849,Seasonal Steals,Paid Ads,2022-11-05,2024-07-05,7516.8,5232.0,5187.2,7140.112,24306.304,Târgu Mureș,25-34,Female,608,2.404,0.696,0.991,1.376
CMP1850,Flash Sale Frenzy,Email,2023-02-27,2024-10-29,22523.2,5371.2,3060.8,3328.528,11310.08,Galați,35-44,Female,610,2.398,0.238,0.57,1.087
CMP1851,Flash Sale Frenzy,Paid Ads,2022-11-23,2024-08-12,24729.6,1329.6,638.4,472.096,1566.944,Suceava,55+,Female,628,2.319,0.054,0.48,0.739
CMP1852,Deal of the Day,Social Media,2022-10-24,2024-07-02,40131.2,5497.6,356.8,2038.416,2835.104,Baia Mare,55+,Female,617,0.391,0.137,0.065,5.713
CMP1853,Deal of the Day,Influencer Marketing,2022-10-10,2024-06-04,20099.2,16608.0,15907.2,7803.584,14328.512,Baia Mare,45-54,Female,603,0.836,0.826,0.958,0.491
CMP1854,Cart to Couch,Email,2022-09-16,2024-05-09,79078.4,18881.6,5046.4,7097.952,13143.296,Baia Mare,35-44,Male,601,0.852,0.239,0.267,1.407
CMP1855,Deal of the Day,Email,2022-09-24,2024-05-27,16028.8,7192.0,59.2,3096.72,5226.576,Târgu Mureș,18-24,Male,611,0.688,0.449,0.008,52.309
CMP1856,Cart to Couch,Social Media,2022-10-29,2024-07-03,67088.0,41198.4,862.4,2320.784,3344.288,Galați,45-54,Male,613,0.441,0.614,0.021,2.691
CMP1857,Flash Sale Frenzy,Email,2022-08-19,2024-05-07,40384.0,2473.6,257.6,335.472,1293.744,Galați,18-24,Female,627,2.856,0.061,0.104,1.302
CMP1858,Seasonal Steals,Social Media,2022-12-31,2024-08-28,22587.2,17022.4,1472.0,4356.88,11633.344,Suceava,25-34,Male,606,1.67,0.754,0.086,2.96
CMP1859,Wishlist Wonders,Social Media,2022-12-18,2024-08-10,28059.2,6078.4,83.2,5403.28,9910.96,Suceava,25-34,Female,601,0.834,0.217,0.014,64.943
CMP1860,Wishlist Wonders,Paid Ads,2022-11-28,2024-08-01,26545.6,18558.4,8187.2,2799.616,8590.688,Galați,35-44,Female,612,2.069,0.699,0.441,0.342
CMP1861,Wishlist Wonders,Influencer Marketing,2022-10-18,2024-06-13,5246.4,3932.8,115.2,2113.04,4007.536,Baia Mare,25-34,Male,604,0.897,0.75,0.029,18.342
CMP1862,Flash Sale Frenzy,Influencer Marketing,2022-05-23,2024-01-31,22769.6,10193.6,9868.8,1239.632,2766.944,Bacău,25-34,Male,618,1.232,0.448,0.968,0.126
CMP1863,Wishlist Wonders,Email,2022-10-25,2024-06-21,43744.0,22662.4,1142.4,161.04,269.696,Baia Mare,45-54,Male,605,0.675,0.518,0.05,0.141
CMP1864,Flash Sale Frenzy,Influencer Marketing,2023-01-19,2024-09-30,74488.0,37729.6,37307.2,5929.392,18674.56,Baia Mare,18-24,Female,620,2.149,0.507,0.989,0.159
CMP1865,Deal of the Day,Paid Ads,2022-10-14,2024-06-21,37705.6,21468.8,15756.8,1455.952,2273.888,Bacău,35-44,Male,616,0.562,0.569,0.734,0.092
CMP1866,Deal of the Day,Paid Ads,2022-11-08,2024-07-04,77929.6,77414.4,28936.0,3592.016,8094.8,Suceava,55+,Female,604,1.254,0.993,0.374,0.124
CMP1867,Seasonal Steals,Email,2022-06-16,2024-02-12,9640.0,5281.6,932.8,4494.992,15083.616,Suceava,25-34,Male,606,2.356,0.548,0.177,4.819
CMP1868,Shop & Share,Influencer Marketing,2023-01-09,2024-09-09,41128.0,36310.4,12571.2,2113.664,6115.76,Târgu Mureș,25-34,Female,609,1.893,0.883,0.346,0.168
CMP1869,Deal of the Day,Email,2022-07-05,2024-03-02,24436.8,1993.6,3.2,3283.264,4720.08,Târgu Mureș,18-24,Female,606,0.438,0.082,0.002,1026.02
CMP1870,Shop & Share,Social Media,2022-11-13,2024-07-31,40580.8,34982.4,555.2,202.4,652.032,Suceava,18-24,Female,626,2.222,0.862,0.016,0.365
CMP1871,Flash Sale Frenzy,Paid Ads,2022-11-20,2024-08-01,41683.2,16158.4,4771.2,6193.968,14836.656,Târgu Mureș,18-24,Female,620,1.395,0.388,0.295,1.298
CMP1872,Cart to Couch,Email,2022-07-30,2024-04-19,77443.2,4656.0,875.2,6622.128,8478.768,Baia Mare,55+,Female,629,0.28,0.06,0.188,7.566
CMP1873,Seasonal Steals,Influencer Marketing,2022-09-17,2024-06-03,60771.2,12457.6,5254.4,5488.432,10565.536,Galați,35-44,Female,625,0.925,0.205,0.422,1.045
CMP1874,Cart to Couch,Social Media,2023-02-22,2024-10-22,49420.8,44804.8,20478.4,7145.472,20726.672,Târgu Mureș,18-24,Female,608,1.901,0.907,0.457,0.349
CMP1875,Shop & Share,Social Media,2022-07-29,2024-04-06,2184.0,1457.6,412.8,5574.256,12126.048,Târgu Mureș,55+,Male,617,1.175,0.667,0.283,13.504
CMP1876,Seasonal Steals,Influencer Marketing,2022-12-27,2024-09-09,76998.4,70936.0,45176.0,3018.768,8761.44,Suceava,45-54,Female,622,1.902,0.921,0.637,0.067
CMP1877,Deal of the Day,Paid Ads,2022-05-26,2024-02-01,31060.8,11635.2,1177.6,6488.592,22876.912,Galați,55+,Female,616,2.526,0.375,0.101,5.51
CMP1878,Flash Sale Frenzy,Social Media,2023-01-19,2024-09-25,33240.0,12718.4,6585.6,7603.92,28204.816,Suceava,55+,Male,615,2.709,0.383,0.518,1.155
CMP1879,Shop & Share,Paid Ads,2022-11-08,2024-07-22,10742.4,7968.0,6507.2,4660.32,16678.784,Bacău,35-44,Male,622,2.579,0.742,0.817,0.716
CMP1880,Shop & Share,Influencer Marketing,2022-10-09,2024-06-24,25612.8,7876.8,3680.0,988.112,2672.512,Suceava,18-24,Female,624,1.705,0.308,0.467,0.269
CMP1881,Flash Sale Frenzy,Influencer Marketing,2022-12-01,2024-08-22,21270.4,18414.4,2654.4,7481.424,10946.64,Suceava,45-54,Male,630,0.463,0.866,0.144,2.818
CMP1882,Wishlist Wonders,Social Media,2022-05-24,2024-01-27,34825.6,27155.2,5054.4,1926.272,5231.904,Suceava,18-24,Male,613,1.716,0.78,0.186,0.381
CMP1883,Seasonal Steals,Email,2022-12-06,2024-08-26,24320.0,19824.0,5590.4,6552.544,12306.96,Suceava,25-34,Female,629,0.878,0.815,0.282,1.172
CMP1884,Wishlist Wonders,Paid Ads,2022-11-11,2024-07-29,41366.4,31356.8,20092.8,6997.6,11957.12,Galați,18-24,Female,626,0.709,0.758,0.641,0.348
CMP1885,Flash Sale Frenzy,Paid Ads,2022-06-23,2024-02-16,66296.0,4851.2,2321.6,5511.888,20568.048,Galați,25-34,Female,603,2.732,0.073,0.479,2.374
CMP1886,Cart to Couch,Email,2022-08-04,2024-04-01,72283.2,52489.6,17630.4,699.84,1478.784,Baia Mare,55+,Male,606,1.113,0.726,0.336,0.04
CMP1887,Deal of the Day,Email,2023-01-01,2024-09-20,33012.8,25115.2,4910.4,1676.848,4716.88,Târgu Mureș,45-54,Female,628,1.813,0.761,0.196,0.341
CMP1888,Shop & Share,Paid Ads,2022-07-09,2024-03-22,9832.0,8243.2,2894.4,3738.672,9456.672,Baia Mare,25-34,Male,622,1.529,0.838,0.351,1.292
CMP1889,Wishlist Wonders,Paid Ads,2023-02-03,2024-10-01,30856.0,28140.8,25536.0,5138.256,15787.584,Galați,35-44,Female,606,2.073,0.912,0.907,0.201
CMP1890,Shop & Share,Social Media,2022-12-18,2024-08-27,63974.4,51883.2,18529.6,6372.56,24827.648,Suceava,55+,Female,618,2.896,0.811,0.357,0.344
CMP1891,Flash Sale Frenzy,Email,2022-05-21,2024-01-27,26257.6,16292.8,14118.4,7890.176,15096.592,Galați,18-24,Female,616,0.913,0.62,0.867,0.559
CMP1892,Cart to Couch,Social Media,2022-05-16,2024-02-02,73940.8,8592.0,4380.8,6993.616,22456.736,Galați,35-44,Female,627,2.211,0.116,0.51,1.596
CMP1893,Flash Sale Frenzy,Influencer Marketing,2022-10-23,2024-06-17,61636.8,33859.2,20640.0,3852.432,8280.416,Bacău,18-24,Female,603,1.149,0.549,0.61,0.187
CMP1894,Seasonal Steals,Email,2023-02-07,2024-10-10,19683.2,14288.0,5792.0,7111.904,11872.96,Baia Mare,45-54,Female,611,0.669,0.726,0.405,1.228
CMP1895,Shop & Share,Email,2022-09-25,2024-06-11,25584.0,19896.0,7550.4,6492.096,22769.52,Baia Mare,25-34,Female,625,2.507,0.778,0.379,0.86
CMP1896,Flash Sale Frenzy,Email,2022-12-24,2024-08-17,78051.2,12064.0,1022.4,6482.768,10674.368,Suceava,45-54,Female,602,0.647,0.155,0.085,6.341
CMP1897,Flash Sale Frenzy,Influencer Marketing,2022-07-19,2024-04-09,50470.4,41020.8,29451.2,5690.48,10225.808,Baia Mare,55+,Male,630,0.797,0.813,0.718,0.193
CMP1898,Deal of the Day,Social Media,2022-09-04,2024-05-16,69083.2,53883.2,35185.6,6638.08,21707.36,Galați,55+,Male,620,2.27,0.78,0.653,0.189
CMP1899,Shop & Share,Influencer Marketing,2022-09-05,2024-05-15,35425.6,8713.6,4926.4,2606.16,10265.344,Târgu Mureș,25-34,Male,618,2.939,0.246,0.565,0.529
CMP1900,Deal of the Day,Email,2022-06-19,2024-03-01,5659.2,3476.8,2851.2,2643.984,3649.136,Galați,45-54,Male,621,0.38,0.614,0.82,0.927
CMP1901,Flash Sale Frenzy,Paid Ads,2022-10-23,2024-06-21,70296.0,1294.4,296.0,2189.232,7268.336,Galați,25-34,Male,607,2.32,0.018,0.229,7.396
CMP1902,Cart to Couch,Paid Ads,2022-07-31,2024-04-14,50974.4,25836.8,6833.6,911.312,2105.76,Târgu Mureș,25-34,Male,623,1.311,0.507,0.264,0.133
CMP1903,Cart to Couch,Influencer Marketing,2022-09-30,2024-06-13,68859.2,44417.6,19480.0,6182.016,15500.544,Baia Mare,45-54,Male,622,1.507,0.645,0.439,0.317
CMP1904,Wishlist Wonders,Email,2022-06-27,2024-03-02,33385.6,9000.0,1547.2,7349.984,13361.776,Galați,55+,Female,614,0.818,0.27,0.172,4.751
CMP1905,Wishlist Wonders,Social Media,2023-02-24,2024-10-30,67160.0,21283.2,13769.6,1030.24,4058.784,Bacău,55+,Female,614,2.94,0.317,0.647,0.075
CMP1906,Cart to Couch,Social Media,2022-12-29,2024-09-06,79643.2,7206.4,620.8,1904.544,3399.68,Târgu Mureș,45-54,Male,617,0.785,0.09,0.086,3.068
CMP1907,Shop & Share,Paid Ads,2022-08-22,2024-04-14,22016.0,7144.0,2662.4,4112.304,5611.104,Târgu Mureș,45-54,Male,601,0.364,0.324,0.373,1.545
CMP1908,Seasonal Steals,Influencer Marketing,2022-05-25,2024-02-10,52584.0,7632.0,3062.4,4343.424,9327.408,Galați,45-54,Female,626,1.147,0.145,0.401,1.418
CMP1909,Shop & Share,Social Media,2022-12-22,2024-08-14,79236.8,34676.8,32136.0,6297.424,15785.44,Târgu Mureș,25-34,Female,601,1.507,0.438,0.927,0.196
CMP1910,Wishlist Wonders,Email,2022-08-17,2024-04-23,44344.0,6153.6,4558.4,5180.0,12270.752,Bacău,55+,Male,615,1.369,0.139,0.741,1.136
CMP1911,Seasonal Steals,Email,2022-06-11,2024-02-09,23224.0,16136.0,4993.6,381.6,1257.92,Târgu Mureș,35-44,Female,608,2.296,0.695,0.309,0.076
CMP1912,Cart to Couch,Email,2022-06-24,2024-03-05,36632.0,15350.4,8273.6,5340.096,9915.04,Baia Mare,55+,Female,620,0.857,0.419,0.539,0.645
CMP1913,Wishlist Wonders,Email,2022-09-15,2024-05-22,3641.6,1244.8,368.0,4372.128,13677.904,Galați,55+,Female,615,2.128,0.342,0.296,11.881
CMP1914,Deal of the Day,Email,2022-12-19,2024-09-01,12480.0,3568.0,3515.2,1963.024,3847.008,Suceava,35-44,Female,622,0.96,0.286,0.985,0.558
CMP1915,Flash Sale Frenzy,Social Media,2022-10-23,2024-07-06,75692.8,49700.8,37912.0,2338.8,9016.688,Suceava,45-54,Male,622,2.855,0.657,0.763,0.062
CMP1916,Flash Sale Frenzy,Email,2022-09-01,2024-05-21,23300.8,14435.2,8427.2,5139.472,18159.648,Bacău,55+,Female,628,2.533,0.62,0.584,0.61
CMP1917,Wishlist Wonders,Influencer Marketing,2022-10-16,2024-06-18,63742.4,38380.8,17600.0,395.488,895.536,Galați,18-24,Female,611,1.264,0.602,0.459,0.022
CMP1918,Flash Sale Frenzy,Paid Ads,2022-05-14,2024-01-21,37718.4,4668.8,3096.0,1524.96,4094.624,Galați,35-44,Female,617,1.685,0.124,0.663,0.493
CMP1919,Deal of the Day,Email,2023-01-25,2024-09-27,62025.6,24377.6,5011.2,3032.192,11189.696,Târgu Mureș,45-54,Female,611,2.69,0.393,0.206,0.605
CMP1920,Shop & Share,Social Media,2022-12-17,2024-08-10,32472.0,19851.2,11238.4,3035.856,5960.704,Bacău,55+,Female,602,0.963,0.611,0.566,0.27
CMP1921,Wishlist Wonders,Social Media,2022-05-28,2024-01-21,55947.2,23294.4,12342.4,4526.624,11415.952,Baia Mare,18-24,Female,603,1.522,0.416,0.53,0.367
CMP1922,Cart to Couch,Paid Ads,2022-10-03,2024-06-13,41616.0,33033.6,15603.2,4080.048,11564.304,Suceava,35-44,Female,619,1.834,0.794,0.472,0.261
CMP1923,Shop & Share,Influencer Marketing,2022-07-07,2024-03-09,13814.4,11830.4,10382.4,6232.528,22602.752,Baia Mare,45-54,Female,611,2.627,0.856,0.878,0.6
CMP1924,Cart to Couch,Social Media,2022-09-30,2024-05-31,26747.2,1700.8,25.6,6205.696,13710.24,Baia Mare,45-54,Female,609,1.209,0.064,0.015,242.41
CMP1925,Deal of the Day,Influencer Marketing,2022-10-19,2024-07-09,46888.0,8513.6,7755.2,7044.736,12315.824,Suceava,35-44,Female,629,0.748,0.182,0.911,0.908
CMP1926,Seasonal Steals,Influencer Marketing,2022-08-07,2024-04-25,18356.8,16801.6,12244.8,846.832,2241.424,Baia Mare,25-34,Female,627,1.647,0.915,0.729,0.069
CMP1927,Cart to Couch,Paid Ads,2023-02-16,2024-10-18,70108.8,3465.6,155.2,2427.232,7024.272,Suceava,35-44,Male,610,1.894,0.049,0.045,15.639
CMP1928,Shop & Share,Social Media,2023-02-15,2024-10-26,34123.2,713.6,577.6,5754.256,17530.976,Suceava,55+,Female,619,2.047,0.021,0.809,9.962
CMP1929,Flash Sale Frenzy,Influencer Marketing,2023-01-12,2024-09-10,55481.6,2216.0,1888.0,3701.04,6427.696,Baia Mare,18-24,Male,607,0.737,0.04,0.852,1.96
CMP1930,Deal of the Day,Email,2023-03-05,2024-11-23,31252.8,10380.8,4148.8,4349.264,12462.368,Târgu Mureș,25-34,Female,629,1.865,0.332,0.4,1.048
CMP1931,Deal of the Day,Email,2022-05-28,2024-02-07,53824.0,33184.0,15195.2,6079.424,20972.048,Galați,35-44,Male,620,2.45,0.617,0.458,0.4
CMP1932,Wishlist Wonders,Email,2022-12-31,2024-08-24,39264.0,12476.8,1550.4,5644.848,17097.552,Galați,25-34,Female,602,2.029,0.318,0.124,3.641
CMP1933,Seasonal Steals,Influencer Marketing,2022-08-02,2024-04-22,61744.0,29089.6,6822.4,995.488,2993.6,Bacău,18-24,Female,629,2.007,0.471,0.235,0.146
CMP1934,Cart to Couch,Paid Ads,2022-06-27,2024-03-18,73596.8,57896.0,10281.6,5087.12,8793.248,Galați,25-34,Female,630,0.729,0.787,0.178,0.495
CMP1935,Flash Sale Frenzy,Paid Ads,2022-07-26,2024-04-05,74467.2,41337.6,3588.8,3838.496,14869.584,Baia Mare,18-24,Female,619,2.874,0.555,0.087,1.07
CMP1936,Seasonal Steals,Influencer Marketing,2022-07-22,2024-03-25,3819.2,3809.6,1696.0,3974.656,12426.144,Baia Mare,45-54,Female,612,2.126,0.997,0.445,2.344
CMP1937,Deal of the Day,Influencer Marketing,2022-12-23,2024-09-05,4577.6,169.6,65.6,2210.56,6005.12,Suceava,45-54,Female,622,1.717,0.037,0.387,33.698
CMP1938,Wishlist Wonders,Social Media,2022-12-02,2024-08-21,67814.4,61320.0,9792.0,7106.96,17674.192,Suceava,25-34,Female,628,1.487,0.904,0.16,0.726
CMP1939,Wishlist Wonders,Social Media,2022-10-04,2024-06-03,41284.8,16550.4,15779.2,3376.912,10866.768,Baia Mare,35-44,Female,608,2.218,0.401,0.953,0.214
CMP1940,Cart to Couch,Social Media,2022-07-19,2024-03-12,79072.0,57584.0,46958.4,1041.488,2936.704,Târgu Mureș,35-44,Female,602,1.82,0.728,0.815,0.022
CMP1941,Seasonal Steals,Email,2022-08-05,2024-04-16,64812.8,40993.6,40241.6,1730.704,2837.216,Galați,35-44,Female,620,0.639,0.632,0.982,0.043
CMP1942,Wishlist Wonders,Paid Ads,2022-12-07,2024-08-17,2820.8,753.6,200.0,4328.624,10142.256,Târgu Mureș,45-54,Female,619,1.343,0.267,0.265,21.643
CMP1943,Wishlist Wonders,Email,2023-01-05,2024-09-18,6600.0,5419.2,2640.0,5082.48,11673.824,Galați,25-34,Female,622,1.297,0.821,0.487,1.925
CMP1944,Cart to Couch,Paid Ads,2022-07-17,2024-04-01,32172.8,29476.8,13456.0,6547.52,17225.504,Baia Mare,55+,Female,624,1.631,0.916,0.456,0.487
CMP1945,Flash Sale Frenzy,Email,2022-07-12,2024-03-04,23782.4,18616.0,2166.4,3547.776,11636.72,Galați,45-54,Female,601,2.28,0.783,0.116,1.638
CMP1946,Wishlist Wonders,Paid Ads,2022-07-08,2024-03-10,5801.6,5472.0,2420.8,2852.72,7490.992,Bacău,45-54,Female,611,1.626,0.943,0.442,1.178
CMP1947,Deal of the Day,Paid Ads,2022-05-13,2024-01-09,18347.2,15356.8,4451.2,7722.176,19105.728,Galați,18-24,Male,606,1.474,0.837,0.29,1.735
CMP1948,Cart to Couch,Social Media,2022-11-03,2024-07-11,23659.2,20699.2,14953.6,386.336,1175.424,Suceava,18-24,Female,616,2.042,0.875,0.722,0.026
CMP1949,Wishlist Wonders,Social Media,2023-02-08,2024-10-06,22374.4,4150.4,1124.8,3387.6,9068.896,Târgu Mureș,55+,Female,606,1.677,0.185,0.271,3.012
CMP1950,Flash Sale Frenzy,Email,2022-07-09,2024-03-08,13132.8,265.6,182.4,5154.896,13651.104,Târgu Mureș,18-24,Male,608,1.648,0.02,0.687,28.261
CMP1951,Seasonal Steals,Paid Ads,2023-02-20,2024-11-09,47283.2,28222.4,2166.4,2225.504,7268.704,Suceava,18-24,Female,628,2.266,0.597,0.077,1.027
CMP1952,Deal of the Day,Email,2022-12-16,2024-08-26,30424.0,7555.2,2443.2,6127.472,7477.792,Galați,25-34,Female,619,0.22,0.248,0.323,2.508
CMP1953,Cart to Couch,Social Media,2022-07-04,2024-03-08,66627.2,8782.4,3532.8,3230.72,8933.184,Suceava,45-54,Male,613,1.765,0.132,0.402,0.914
CMP1954,Deal of the Day,Paid Ads,2022-11-17,2024-07-30,40872.0,14270.4,3769.6,1764.864,5328.608,Târgu Mureș,25-34,Female,621,2.019,0.349,0.264,0.468
CMP1955,Deal of the Day,Influencer Marketing,2022-07-11,2024-03-13,48059.2,4865.6,22.4,7639.152,18152.352,Baia Mare,25-34,Female,611,1.376,0.101,0.005,341.034
CMP1956,Wishlist Wonders,Influencer Marketing,2022-12-08,2024-08-07,37934.4,9262.4,3532.8,5884.88,7916.432,Baia Mare,45-54,Male,608,0.345,0.244,0.381,1.666
CMP1957,Wishlist Wonders,Email,2022-12-08,2024-08-25,31624.0,10315.2,1224.0,2979.952,5401.168,Târgu Mureș,45-54,Female,626,0.813,0.326,0.119,2.435
CMP1958,Shop & Share,Social Media,2022-09-03,2024-05-04,76736.0,60163.2,4003.2,3842.912,10563.552,Baia Mare,35-44,Female,609,1.749,0.784,0.067,0.96
CMP1959,Wishlist Wonders,Social Media,2022-06-18,2024-03-01,7372.8,4972.8,4817.6,216.624,573.808,Bacău,25-34,Female,622,1.649,0.674,0.969,0.045
CMP1960,Wishlist Wonders,Paid Ads,2023-01-05,2024-09-15,30688.0,27940.8,23308.8,5517.568,12315.744,Târgu Mureș,35-44,Female,619,1.232,0.91,0.834,0.237
CMP1961,Deal of the Day,Email,2022-12-01,2024-08-04,11230.4,552.0,283.2,5386.464,16899.536,Baia Mare,25-34,Female,612,2.137,0.049,0.513,19.02
CMP1962,Wishlist Wonders,Influencer Marketing,2022-10-08,2024-06-13,47140.8,15910.4,15136.0,4338.64,16380.976,Bacău,25-34,Male,614,2.776,0.338,0.951,0.287
CMP1963,Shop & Share,Social Media,2022-11-19,2024-07-16,23121.6,13121.6,10504.0,2038.944,6913.904,Galați,55+,Male,605,2.391,0.568,0.801,0.194
CMP1964,Cart to Couch,Paid Ads,2022-09-23,2024-06-09,2968.0,649.6,320.0,6677.232,26654.336,Baia Mare,18-24,Male,625,2.992,0.219,0.493,20.866
CMP1965,Seasonal Steals,Email,2022-06-30,2024-03-16,40128.0,19665.6,4062.4,6332.368,11405.536,Baia Mare,18-24,Male,625,0.801,0.49,0.207,1.559
CMP1966,Wishlist Wonders,Influencer Marketing,2022-12-07,2024-08-27,29240.0,3353.6,977.6,4781.584,17059.152,Baia Mare,18-24,Male,629,2.568,0.115,0.292,4.891
CMP1967,Seasonal Steals,Social Media,2022-06-28,2024-03-02,44267.2,3740.8,2051.2,683.952,1303.888,Galați,55+,Male,613,0.906,0.085,0.548,0.333
CMP1968,Deal of the Day,Social Media,2022-12-16,2024-08-25,39779.2,18524.8,10721.6,7054.416,8906.512,Baia Mare,35-44,Female,618,0.263,0.466,0.579,0.658
CMP1969,Cart to Couch,Influencer Marketing,2022-12-05,2024-08-03,43020.8,7060.8,5048.0,7044.288,13735.824,Baia Mare,25-34,Female,607,0.95,0.164,0.715,1.395
CMP1970,Shop & Share,Paid Ads,2022-10-14,2024-07-05,52718.4,4878.4,2518.4,5598.112,13192.096,Galați,18-24,Male,630,1.357,0.093,0.516,2.223
CMP1971,Deal of the Day,Influencer Marketing,2022-08-04,2024-04-06,62345.6,46016.0,42812.8,7008.592,21778.8,Suceava,55+,Male,611,2.107,0.738,0.93,0.164
CMP1972,Shop & Share,Social Media,2022-11-26,2024-07-21,45259.2,2408.0,564.8,5829.456,22909.84,Târgu Mureș,55+,Female,603,2.93,0.053,0.235,10.321
CMP1973,Deal of the Day,Email,2022-12-04,2024-08-17,52345.6,51379.2,30572.8,5903.072,22965.904,Suceava,55+,Female,622,2.891,0.982,0.595,0.193
CMP1974,Cart to Couch,Email,2022-05-21,2024-02-02,50899.2,37361.6,22276.8,6806.128,22566.624,Baia Mare,45-54,Female,622,2.316,0.734,0.596,0.306
CMP1975,Seasonal Steals,Email,2022-10-31,2024-07-20,20188.8,13720.0,11979.2,927.904,2311.312,Suceava,25-34,Male,628,1.491,0.68,0.873,0.077
CMP1976,Seasonal Steals,Email,2022-06-06,2024-02-11,27945.6,6539.2,4971.2,6362.608,11999.984,Târgu Mureș,18-24,Male,615,0.886,0.234,0.76,1.28
CMP1977,Cart to Couch,Email,2022-07-23,2024-03-23,21888.0,16155.2,6435.2,3578.544,4452.64,Târgu Mureș,35-44,Female,609,0.244,0.738,0.398,0.556
CMP1978,Flash Sale Frenzy,Paid Ads,2022-08-21,2024-05-10,48603.2,5776.0,5204.8,4423.68,13756.976,Târgu Mureș,45-54,Female,628,2.11,0.119,0.901,0.85
CMP1979,Deal of the Day,Paid Ads,2023-01-08,2024-09-09,7523.2,2092.8,1662.4,1879.184,2990.624,Galați,45-54,Female,610,0.591,0.278,0.794,1.13
CMP1980,Shop & Share,Paid Ads,2022-07-17,2024-03-18,65448.0,61534.4,57022.4,4448.368,17033.184,Galați,18-24,Male,610,2.829,0.94,0.927,0.078
CMP1981,Cart to Couch,Email,2023-01-17,2024-09-10,41478.4,30195.2,14206.4,1740.048,2807.552,Bacău,55+,Female,602,0.613,0.728,0.47,0.122
CMP1982,Cart to Couch,Social Media,2022-11-10,2024-07-05,11713.6,7976.0,4257.6,2159.456,3769.584,Galați,25-34,Male,603,0.746,0.681,0.534,0.507
CMP1983,Deal of the Day,Email,2022-08-15,2024-05-03,12262.4,6800.0,2521.6,7593.952,23230.176,Galați,18-24,Female,627,2.059,0.555,0.371,3.012
CMP1984,Cart to Couch,Email,2022-09-10,2024-05-24,5139.2,872.0,825.6,3426.72,6569.744,Bacău,55+,Female,622,0.917,0.17,0.947,4.151
CMP1985,Flash Sale Frenzy,Influencer Marketing,2022-09-14,2024-06-05,46302.4,31078.4,4588.8,486.464,1650.72,Bacău,45-54,Male,630,2.393,0.671,0.148,0.106
CMP1986,Deal of the Day,Email,2023-02-28,2024-10-25,52480.0,7364.8,1430.4,4075.76,11109.984,Târgu Mureș,55+,Male,605,1.726,0.14,0.194,2.849
CMP1987,Shop & Share,Paid Ads,2022-06-02,2024-02-08,40158.4,22088.0,9169.6,4649.248,16408.64,Galați,55+,Female,616,2.529,0.55,0.415,0.507
CMP1988,Deal of the Day,Influencer Marketing,2022-09-27,2024-06-14,63348.8,53097.6,84.8,1255.04,3405.008,Baia Mare,18-24,Female,626,1.713,0.838,0.002,14.8
CMP1989,Flash Sale Frenzy,Paid Ads,2022-07-16,2024-03-22,2838.4,2585.6,1702.4,7238.448,20389.024,Baia Mare,35-44,Female,615,1.817,0.911,0.658,4.252
CMP1990,Shop & Share,Email,2022-09-19,2024-05-16,36168.0,11201.6,9552.0,6746.144,22514.576,Suceava,45-54,Male,605,2.337,0.31,0.853,0.706
CMP1991,Flash Sale Frenzy,Paid Ads,2022-05-17,2024-01-15,31924.8,4699.2,3216.0,7574.288,12553.168,Baia Mare,18-24,Female,608,0.657,0.147,0.684,2.355
CMP1992,Flash Sale Frenzy,Paid Ads,2023-01-08,2024-08-31,49363.2,33644.8,11419.2,3696.912,10366.576,Târgu Mureș,45-54,Male,601,1.804,0.682,0.339,0.324
CMP1993,Flash Sale Frenzy,Influencer Marketing,2022-06-27,2024-03-01,59276.8,27001.6,7601.6,4526.016,15655.568,Bacău,45-54,Female,613,2.459,0.456,0.282,0.595
CMP1994,Cart to Couch,Paid Ads,2023-02-10,2024-10-29,13444.8,1259.2,388.8,5269.184,12203.056,Baia Mare,45-54,Male,627,1.316,0.094,0.309,13.552
CMP1995,Deal of the Day,Paid Ads,2022-11-23,2024-08-02,72044.8,53483.2,18400.0,5276.16,19789.12,Bacău,18-24,Female,618,2.751,0.742,0.344,0.287
CMP1996,Shop & Share,Social Media,2022-05-20,2024-02-03,44468.8,40398.4,12140.8,1424.272,5573.248,Suceava,25-34,Male,624,2.913,0.908,0.301,0.117
CMP1997,Cart to Couch,Influencer Marketing,2022-12-15,2024-08-16,49792.0,18830.4,7768.0,5380.72,14687.552,Baia Mare,55+,Female,610,1.73,0.378,0.413,0.693
CMP1998,Flash Sale Frenzy,Paid Ads,2022-10-27,2024-07-07,13043.2,11891.2,3123.2,6669.12,9944.688,Suceava,18-24,Female,619,0.491,0.912,0.263,2.135
CMP1999,Deal of the Day,Influencer Marketing,2022-08-12,2024-04-26,61086.4,45625.6,42048.0,6828.352,18457.968,Târgu Mureș,55+,Female,623,1.703,0.747,0.922,0.162
CMP2000,Cart to Couch,Influencer Marketing,2022-06-09,2024-02-18,3809.6,1168.0,403.2,6356.224,19246.352,Galați,18-24,Male,619,2.028,0.307,0.345,15.764
